{"type": "FeatureCollection", "generated": "2026-09-25", "features": [{"type": "Feature", "geometry": {"type": "Point", "coordinates": [20.637917, 38.25081]}, "properties": {"name": "Camping Karavomilos Beach", "drinking_water": "yes", "wheelchair": "yes", "dog": "yes", "kind": "point", "osm": "n26860001"}}, {"type": "Feature", "geometry": {"type": "Point", "coordinates": [21.577424, 38.15003]}, "properties": {"name": "Κάτω Αλισσός", "name:el": "Κάτω Αλισσός", "name:en": "Kato Alissos", "drinking_water": "yes", "operator": "Ntemiris Konstantinos", "wheelchair": "yes", "kind": "point", "osm": "n26860012"}}, {"type": "Feature", "geometry": {"type": "Point", "coordinates": [23.199016, 38.83234]}, "properties": {"name": "Camping Rovies", "drinking_water": "yes", "operator": "Thanos", "kind": "point", "osm": "n26860092"}}, {"type": "Feature", "geometry": {"type": "Point", "coordinates": [23.813611, 40.0425]}, "properties": {"name": "Stavros", "drinking_water": "yes", "fee": "yes", "dog": "leashed", "kind": "point", "osm": "n26860094"}}, {"type": "Feature", "geometry": {"type": "Point", "coordinates": [21.971944, 38.320833]}, "properties": {"name": "Tsolis camp", "name:en": "Tsolis Camping (Patras)", "drinking_water": "yes", "kind": "point", "osm": "n26860101"}}, {"type": "Feature", "geometry": {"type": "Point", "coordinates": [23.91048, 35.297745]}, "properties": {"name": "Λινοσέλι", "drinking_water": "yes", "kind": "spring", "osm": "n263996537"}}, {"type": "Feature", "geometry": {"type": "Point", "coordinates": [27.350333, 36.470434]}, "properties": {"kind": "spring", "osm": "n288935373"}}, {"type": "Feature", "geometry": {"type": "Point", "coordinates": [27.380819, 36.430275]}, "properties": {"kind": "spring", "osm": "n289423558"}}, {"type": "Feature", "geometry": {"type": "Point", "coordinates": [27.410948, 36.412787]}, "properties": {"kind": "spring", "osm": "n289424988"}}, {"type": "Feature", "geometry": {"type": "Point", "coordinates": [27.305329, 36.44802]}, "properties": {"kind": "spring", "osm": "n289427018"}}, {"type": "Feature", "geometry": {"type": "Point", "coordinates": [22.945452, 40.646475]}, "properties": {"kind": "fountain", "osm": "n290451248"}}, {"type": "Feature", "geometry": {"type": "Point", "coordinates": [27.390655, 36.39853]}, "properties": {"kind": "spring", "osm": "n291336453"}}, {"type": "Feature", "geometry": {"type": "Point", "coordinates": [27.412553, 36.404367]}, "properties": {"kind": "spring", "osm": "n291336719"}}, {"type": "Feature", "geometry": {"type": "Point", "coordinates": [22.951387, 40.602734]}, "properties": {"check_date": "2022-07-07", "kind": "fountain", "osm": "n296446275"}}, {"type": "Feature", "geometry": {"type": "Point", "coordinates": [23.652615, 35.400923]}, "properties": {"kind": "spring", "osm": "n300890898"}}, {"type": "Feature", "geometry": {"type": "Point", "coordinates": [23.659052, 35.406317]}, "properties": {"kind": "spring", "osm": "n300891080"}}, {"type": "Feature", "geometry": {"type": "Point", "coordinates": [23.654899, 35.397277]}, "properties": {"kind": "spring", "osm": "n301402247"}}, {"type": "Feature", "geometry": {"type": "Point", "coordinates": [23.662344, 35.41036]}, "properties": {"kind": "spring", "osm": "n301430109"}}, {"type": "Feature", "geometry": {"type": "Point", "coordinates": [23.661679, 35.409813]}, "properties": {"kind": "spring", "osm": "n301847042"}}, {"type": "Feature", "geometry": {"type": "Point", "coordinates": [23.660488, 35.411752]}, "properties": {"kind": "spring", "osm": "n302256847"}}, {"type": "Feature", "geometry": {"type": "Point", "coordinates": [23.685238, 35.429675]}, "properties": {"kind": "spring", "osm": "n302627981"}}, {"type": "Feature", "geometry": {"type": "Point", "coordinates": [23.666859, 35.412148]}, "properties": {"kind": "spring", "osm": "n302634566"}}, {"type": "Feature", "geometry": {"type": "Point", "coordinates": [23.653215, 35.412847]}, "properties": {"kind": "spring", "osm": "n304178576"}}, {"type": "Feature", "geometry": {"type": "Point", "coordinates": [23.678978, 35.407671]}, "properties": {"kind": "spring", "osm": "n304279741"}}, {"type": "Feature", "geometry": {"type": "Point", "coordinates": [23.678987, 35.407783]}, "properties": {"kind": "spring", "osm": "n304279752"}}, {"type": "Feature", "geometry": {"type": "Point", "coordinates": [23.648607, 35.43535]}, "properties": {"drinking_water": "yes", "kind": "spring", "osm": "n304573944"}}, {"type": "Feature", "geometry": {"type": "Point", "coordinates": [23.653277, 35.391547]}, "properties": {"kind": "spring", "osm": "n304620241"}}, {"type": "Feature", "geometry": {"type": "Point", "coordinates": [23.674581, 35.428484]}, "properties": {"name": "Aikyriani", "drinking_water": "yes", "kind": "spring", "osm": "n305072570"}}, {"type": "Feature", "geometry": {"type": "Point", "coordinates": [23.729151, 35.32906]}, "properties": {"kind": "spring", "osm": "n305072699"}}, {"type": "Feature", "geometry": {"type": "Point", "coordinates": [23.734908, 35.435771]}, "properties": {"kind": "spring", "osm": "n305077470"}}, {"type": "Feature", "geometry": {"type": "Point", "coordinates": [22.877505, 37.900584]}, "properties": {"name": "Fountain of Hadji Mustapha", "kind": "fountain", "osm": "n308880009"}}, {"type": "Feature", "geometry": {"type": "Point", "coordinates": [26.936712, 36.998455]}, "properties": {"kind": "fountain", "osm": "n312539319"}}, {"type": "Feature", "geometry": {"type": "Point", "coordinates": [23.603743, 35.56367]}, "properties": {"drinking_water": "yes", "kind": "spring", "osm": "n313816996"}}, {"type": "Feature", "geometry": {"type": "Point", "coordinates": [22.948847, 40.630451]}, "properties": {"check_date": "2022-11-24", "wheelchair": "yes", "kind": "tap", "osm": "n319442236"}}, {"type": "Feature", "geometry": {"type": "Point", "coordinates": [21.868537, 38.727105]}, "properties": {"name": "Μεγάλη Βρύση Αράχοβας", "kind": "spring", "osm": "n351975982"}}, {"type": "Feature", "geometry": {"type": "Point", "coordinates": [20.435592, 39.342832]}, "properties": {"access": "yes", "operator": "Βρύση Μπαξές του Αράπη", "kind": "fountain", "osm": "n354443759"}}, {"type": "Feature", "geometry": {"type": "Point", "coordinates": [21.33399, 39.551874]}, "properties": {"kind": "spring", "osm": "n354446566"}}, {"type": "Feature", "geometry": {"type": "Point", "coordinates": [21.486533, 39.556779]}, "properties": {"drinking_water": "yes", "kind": "fountain", "osm": "n354446571"}}, {"type": "Feature", "geometry": {"type": "Point", "coordinates": [21.524828, 39.517536]}, "properties": {"kind": "fountain", "osm": "n354446573"}}, {"type": "Feature", "geometry": {"type": "Point", "coordinates": [21.849574, 37.412385]}, "properties": {"kind": "spring", "osm": "n354451286"}}, {"type": "Feature", "geometry": {"type": "Point", "coordinates": [22.529717, 38.074185]}, "properties": {"kind": "spring", "osm": "n354453830"}}, {"type": "Feature", "geometry": {"type": "Point", "coordinates": [22.630317, 38.069809]}, "properties": {"kind": "spring", "osm": "n354455352"}}, {"type": "Feature", "geometry": {"type": "Point", "coordinates": [22.634413, 37.954589]}, "properties": {"kind": "spring", "osm": "n354456708"}}, {"type": "Feature", "geometry": {"type": "Point", "coordinates": [23.180231, 37.510755]}, "properties": {"kind": "spring", "osm": "n354563035"}}, {"type": "Feature", "geometry": {"type": "Point", "coordinates": [22.478237, 36.981715]}, "properties": {"kind": "spring", "osm": "n354567271"}}, {"type": "Feature", "geometry": {"type": "Point", "coordinates": [22.339632, 36.894225]}, "properties": {"kind": "spring", "osm": "n354567273"}}, {"type": "Feature", "geometry": {"type": "Point", "coordinates": [21.844339, 38.213717]}, "properties": {"description": "Water Fountain", "wheelchair": "limited", "kind": "fountain", "osm": "n363510667"}}, {"type": "Feature", "geometry": {"type": "Point", "coordinates": [25.445319, 35.041652]}, "properties": {"kind": "fountain", "osm": "n414065209"}}, {"type": "Feature", "geometry": {"type": "Point", "coordinates": [26.108649, 35.154277]}, "properties": {"name": "Spring of Zou", "kind": "spring", "osm": "n415273325"}}, {"type": "Feature", "geometry": {"type": "Point", "coordinates": [25.479617, 35.160479]}, "properties": {"kind": "fountain", "osm": "n418113521"}}, {"type": "Feature", "geometry": {"type": "Point", "coordinates": [26.34355, 39.096938]}, "properties": {"name": "Πηγή Τσίγκου", "name:el": "Πηγή Τσίγκου", "kind": "fountain", "osm": "n472310859"}}, {"type": "Feature", "geometry": {"type": "Point", "coordinates": [19.787069, 39.755854]}, "properties": {"kind": "fountain", "osm": "n488491326"}}, {"type": "Feature", "geometry": {"type": "Point", "coordinates": [22.406906, 40.084325]}, "properties": {"kind": "fountain", "osm": "n512209047"}}, {"type": "Feature", "geometry": {"type": "Point", "coordinates": [22.372813, 40.080115]}, "properties": {"kind": "fountain", "osm": "n512555841"}}, {"type": "Feature", "geometry": {"type": "Point", "coordinates": [23.685681, 35.427794]}, "properties": {"kind": "spring", "osm": "n540934827"}}, {"type": "Feature", "geometry": {"type": "Point", "coordinates": [23.625498, 35.404493]}, "properties": {"kind": "spring", "osm": "n560122425"}}, {"type": "Feature", "geometry": {"type": "Point", "coordinates": [22.957967, 40.868627]}, "properties": {"kind": "fountain", "osm": "n602207629"}}, {"type": "Feature", "geometry": {"type": "Point", "coordinates": [26.309105, 39.026348]}, "properties": {"kind": "fountain", "osm": "n604349413"}}, {"type": "Feature", "geometry": {"type": "Point", "coordinates": [26.343746, 39.096345]}, "properties": {"kind": "fountain", "osm": "n604349679"}}, {"type": "Feature", "geometry": {"type": "Point", "coordinates": [22.959022, 40.609617]}, "properties": {"kind": "fountain", "osm": "n663729248"}}, {"type": "Feature", "geometry": {"type": "Point", "coordinates": [26.269127, 39.249882]}, "properties": {"kind": "fountain", "osm": "n715773219"}}, {"type": "Feature", "geometry": {"type": "Point", "coordinates": [26.408515, 39.145589]}, "properties": {"kind": "fountain", "osm": "n715773373"}}, {"type": "Feature", "geometry": {"type": "Point", "coordinates": [25.544724, 40.505053]}, "properties": {"kind": "spring", "osm": "n764948073"}}, {"type": "Feature", "geometry": {"type": "Point", "coordinates": [25.603643, 40.497046]}, "properties": {"bottle": "yes", "fee": "no", "access": "yes", "kind": "fountain", "osm": "n765088730"}}, {"type": "Feature", "geometry": {"type": "Point", "coordinates": [28.132982, 36.241146]}, "properties": {"drinking_water": "yes", "kind": "spring", "osm": "n768272317"}}, {"type": "Feature", "geometry": {"type": "Point", "coordinates": [28.132054, 36.242247]}, "properties": {"drinking_water": "yes", "kind": "spring", "osm": "n768272353"}}, {"type": "Feature", "geometry": {"type": "Point", "coordinates": [23.722747, 37.968888]}, "properties": {"bottle": "yes", "fee": "no", "access": "yes", "opening_hours": "24/7", "wheelchair": "limited", "covered": "no", "kind": "fountain", "osm": "n778548152"}}, {"type": "Feature", "geometry": {"type": "Point", "coordinates": [23.717672, 37.971707]}, "properties": {"kind": "fountain", "osm": "n778613984"}}, {"type": "Feature", "geometry": {"type": "Point", "coordinates": [23.717934, 37.970773]}, "properties": {"bottle": "yes", "fee": "no", "opening_hours": "24/7", "kind": "fountain", "osm": "n778613993"}}, {"type": "Feature", "geometry": {"type": "Point", "coordinates": [23.718601, 37.971845]}, "properties": {"bottle": "yes", "fee": "no", "opening_hours": "24/7", "check_date": "2022-10-03", "kind": "fountain", "osm": "n778615745"}}, {"type": "Feature", "geometry": {"type": "Point", "coordinates": [23.742067, 37.981483]}, "properties": {"kind": "fountain", "osm": "n778656333"}}, {"type": "Feature", "geometry": {"type": "Point", "coordinates": [23.723255, 37.975833]}, "properties": {"wheelchair": "yes", "kind": "fountain", "osm": "n790277420"}}, {"type": "Feature", "geometry": {"type": "Point", "coordinates": [26.955304, 36.729885]}, "properties": {"kind": "fountain", "osm": "n797303339"}}, {"type": "Feature", "geometry": {"type": "Point", "coordinates": [20.755847, 39.910143]}, "properties": {"bottle": "yes", "fee": "no", "access": "yes", "wheelchair": "no", "kind": "fountain", "osm": "n816820262"}}, {"type": "Feature", "geometry": {"type": "Point", "coordinates": [20.711041, 39.96435]}, "properties": {"kind": "fountain", "osm": "n816927607"}}, {"type": "Feature", "geometry": {"type": "Point", "coordinates": [20.718818, 39.968299]}, "properties": {"kind": "fountain", "osm": "n816963615"}}, {"type": "Feature", "geometry": {"type": "Point", "coordinates": [20.760538, 39.976882]}, "properties": {"name": "Βρύση Κρούνα", "kind": "fountain", "osm": "n817025483"}}, {"type": "Feature", "geometry": {"type": "Point", "coordinates": [20.739648, 39.972627]}, "properties": {"name": "Βρύση Αντάλκη", "kind": "fountain", "osm": "n817025506"}}, {"type": "Feature", "geometry": {"type": "Point", "coordinates": [20.731625, 39.972059]}, "properties": {"name": "Βρύση Αβραγωνία", "kind": "fountain", "osm": "n817025509"}}, {"type": "Feature", "geometry": {"type": "Point", "coordinates": [21.952153, 37.432293]}, "properties": {"name": "Πηγή Τρίτσελι", "name:el": "Πηγή Τρίτσελι", "name:en": "Pigi Tritseli", "kind": "spring", "osm": "n847926524"}}, {"type": "Feature", "geometry": {"type": "Point", "coordinates": [21.942417, 37.430182]}, "properties": {"kind": "spring", "osm": "n847941650"}}, {"type": "Feature", "geometry": {"type": "Point", "coordinates": [20.287908, 39.374087]}, "properties": {"kind": "fountain", "osm": "n859337488"}}, {"type": "Feature", "geometry": {"type": "Point", "coordinates": [20.315921, 39.341947]}, "properties": {"kind": "fountain", "osm": "n859337528"}}, {"type": "Feature", "geometry": {"type": "Point", "coordinates": [26.92422, 37.70607]}, "properties": {"name": "Πηγή Ευπαλινίου Ορύγματος", "name:el": "Πηγή Ευπαλινίου Ορύγματος", "name:en": "Eupalinos Aquedect source", "kind": "fountain", "osm": "n915292299"}}, {"type": "Feature", "geometry": {"type": "Point", "coordinates": [24.779031, 34.929463]}, "properties": {"kind": "fountain", "osm": "n919587052"}}, {"type": "Feature", "geometry": {"type": "Point", "coordinates": [26.962423, 36.703082]}, "properties": {"kind": "spring", "osm": "n937730201"}}, {"type": "Feature", "geometry": {"type": "Point", "coordinates": [26.805939, 37.780636]}, "properties": {"kind": "spring", "osm": "n939243532"}}, {"type": "Feature", "geometry": {"type": "Point", "coordinates": [23.688595, 35.401795]}, "properties": {"kind": "spring", "osm": "n955807755"}}, {"type": "Feature", "geometry": {"type": "Point", "coordinates": [23.680132, 35.414422]}, "properties": {"kind": "spring", "osm": "n959628032"}}, {"type": "Feature", "geometry": {"type": "Point", "coordinates": [21.880337, 36.748914]}, "properties": {"kind": "fountain", "osm": "n961765991"}}, {"type": "Feature", "geometry": {"type": "Point", "coordinates": [22.286774, 36.821141]}, "properties": {"check_date": "2021-09-28", "kind": "fountain", "osm": "n963069494"}}, {"type": "Feature", "geometry": {"type": "Point", "coordinates": [22.485495, 36.693156]}, "properties": {"kind": "fountain", "osm": "n963426716"}}, {"type": "Feature", "geometry": {"type": "Point", "coordinates": [22.526658, 36.757108]}, "properties": {"kind": "fountain", "osm": "n963528572"}}, {"type": "Feature", "geometry": {"type": "Point", "coordinates": [22.483434, 36.781641]}, "properties": {"kind": "fountain", "osm": "n967129685"}}, {"type": "Feature", "geometry": {"type": "Point", "coordinates": [22.495124, 36.751344]}, "properties": {"kind": "fountain", "osm": "n967129686"}}, {"type": "Feature", "geometry": {"type": "Point", "coordinates": [22.445514, 36.817931]}, "properties": {"kind": "fountain", "osm": "n967129708"}}, {"type": "Feature", "geometry": {"type": "Point", "coordinates": [22.455553, 36.814441]}, "properties": {"kind": "fountain", "osm": "n967129711"}}, {"type": "Feature", "geometry": {"type": "Point", "coordinates": [22.468857, 36.762819]}, "properties": {"kind": "fountain", "osm": "n967129718"}}, {"type": "Feature", "geometry": {"type": "Point", "coordinates": [22.470053, 36.800429]}, "properties": {"kind": "fountain", "osm": "n967129721"}}, {"type": "Feature", "geometry": {"type": "Point", "coordinates": [21.24342, 39.866448]}, "properties": {"kind": "fountain", "osm": "n968076652"}}, {"type": "Feature", "geometry": {"type": "Point", "coordinates": [20.966156, 39.695087]}, "properties": {"kind": "fountain", "osm": "n968076655"}}, {"type": "Feature", "geometry": {"type": "Point", "coordinates": [21.398554, 40.011642]}, "properties": {"kind": "fountain", "osm": "n968076660"}}, {"type": "Feature", "geometry": {"type": "Point", "coordinates": [21.149091, 39.754636]}, "properties": {"kind": "fountain", "osm": "n968076661"}}, {"type": "Feature", "geometry": {"type": "Point", "coordinates": [22.134934, 40.427427]}, "properties": {"kind": "fountain", "osm": "n968076662"}}, {"type": "Feature", "geometry": {"type": "Point", "coordinates": [22.303608, 40.588257]}, "properties": {"kind": "fountain", "osm": "n968076663"}}, {"type": "Feature", "geometry": {"type": "Point", "coordinates": [21.165977, 39.779367]}, "properties": {"kind": "fountain", "osm": "n968076666"}}, {"type": "Feature", "geometry": {"type": "Point", "coordinates": [21.333451, 39.933202]}, "properties": {"kind": "fountain", "osm": "n968076671"}}, {"type": "Feature", "geometry": {"type": "Point", "coordinates": [24.636379, 40.989095]}, "properties": {"kind": "fountain", "osm": "n968076672"}}, {"type": "Feature", "geometry": {"type": "Point", "coordinates": [22.088977, 40.40008]}, "properties": {"kind": "fountain", "osm": "n968076674"}}, {"type": "Feature", "geometry": {"type": "Point", "coordinates": [20.597371, 39.681576]}, "properties": {"kind": "fountain", "osm": "n968076680"}}, {"type": "Feature", "geometry": {"type": "Point", "coordinates": [21.358879, 39.955053]}, "properties": {"kind": "fountain", "osm": "n968076682"}}, {"type": "Feature", "geometry": {"type": "Point", "coordinates": [21.262558, 39.898018]}, "properties": {"kind": "fountain", "osm": "n968076684"}}, {"type": "Feature", "geometry": {"type": "Point", "coordinates": [22.200499, 40.531197]}, "properties": {"kind": "fountain", "osm": "n968076686"}}, {"type": "Feature", "geometry": {"type": "Point", "coordinates": [21.760143, 40.286186]}, "properties": {"kind": "fountain", "osm": "n968076695"}}, {"type": "Feature", "geometry": {"type": "Point", "coordinates": [21.213333, 39.847861]}, "properties": {"kind": "fountain", "osm": "n968076697"}}, {"type": "Feature", "geometry": {"type": "Point", "coordinates": [21.411211, 40.065378]}, "properties": {"kind": "fountain", "osm": "n968076699"}}, {"type": "Feature", "geometry": {"type": "Point", "coordinates": [21.270915, 39.902222]}, "properties": {"kind": "fountain", "osm": "n968076700"}}, {"type": "Feature", "geometry": {"type": "Point", "coordinates": [21.16946, 39.806481]}, "properties": {"kind": "fountain", "osm": "n968076710"}}, {"type": "Feature", "geometry": {"type": "Point", "coordinates": [21.366362, 39.964583]}, "properties": {"kind": "fountain", "osm": "n968076715"}}, {"type": "Feature", "geometry": {"type": "Point", "coordinates": [21.84702, 38.256012]}, "properties": {"name": "Πασχαλιάνος", "drinking_water": "yes", "kind": "spring", "osm": "n974147810"}}, {"type": "Feature", "geometry": {"type": "Point", "coordinates": [24.424512, 38.035764]}, "properties": {"kind": "fountain", "osm": "n993195860"}}, {"type": "Feature", "geometry": {"type": "Point", "coordinates": [21.805566, 37.853267]}, "properties": {"name": "Γαβροβίκος", "kind": "fountain", "osm": "n1126011259"}}, {"type": "Feature", "geometry": {"type": "Point", "coordinates": [21.812301, 37.861227]}, "properties": {"name": "Βρύση Μουριάρη", "kind": "fountain", "osm": "n1126011267"}}, {"type": "Feature", "geometry": {"type": "Point", "coordinates": [21.807424, 37.872454]}, "properties": {"name": "Πηγή Πλάκας", "kind": "fountain", "osm": "n1128483041"}}, {"type": "Feature", "geometry": {"type": "Point", "coordinates": [23.720512, 38.15589]}, "properties": {"name": "Πηγή Αγίας Τριάδας", "kind": "fountain", "osm": "n1168487317"}}, {"type": "Feature", "geometry": {"type": "Point", "coordinates": [23.71223, 38.157195]}, "properties": {"name": "Πηγή Παλιοχώρι", "kind": "fountain", "osm": "n1168488348"}}, {"type": "Feature", "geometry": {"type": "Point", "coordinates": [23.742433, 38.175133]}, "properties": {"name": "Πηγή Μεσιανό Νερό", "name:en": "Mesiano Nero", "kind": "fountain", "osm": "n1168491902"}}, {"type": "Feature", "geometry": {"type": "Point", "coordinates": [23.749426, 38.168391]}, "properties": {"name": "Πηγή Κορομηλιάς", "name:en": "Koromilia", "kind": "fountain", "osm": "n1168493632"}}, {"type": "Feature", "geometry": {"type": "Point", "coordinates": [23.745439, 38.165149]}, "properties": {"name": "Πηγή Κυράς", "kind": "fountain", "osm": "n1168494742"}}, {"type": "Feature", "geometry": {"type": "Point", "coordinates": [23.697467, 38.170658]}, "properties": {"kind": "fountain", "osm": "n1168497365"}}, {"type": "Feature", "geometry": {"type": "Point", "coordinates": [23.701294, 38.161321]}, "properties": {"name": "Πηγη Βιλιανη", "kind": "fountain", "osm": "n1168497367"}}, {"type": "Feature", "geometry": {"type": "Point", "coordinates": [23.804327, 37.963788]}, "properties": {"name": "Πηγή Καλοπούλας", "name:el": "Πηγή Καλοπούλας", "name:en": "Kalopoula", "description": "Water from fountain not drinkable. You should buy water from the shop.", "kind": "fountain", "osm": "n1171096135"}}, {"type": "Feature", "geometry": {"type": "Point", "coordinates": [23.889754, 38.070582]}, "properties": {"name": "Πηγή Αγίων Ασωμάτων", "name:el": "Πηγή Αγίων Ασωμάτων", "fee": "no", "access": "yes", "wheelchair": "no", "kind": "fountain", "osm": "n1172617422"}}, {"type": "Feature", "geometry": {"type": "Point", "coordinates": [23.899626, 38.072117]}, "properties": {"name": "Πηγή Μπίριζα", "name:el": "Πηγή Μπίριζα", "bottle": "yes", "fee": "no", "access": "yes", "kind": "fountain", "osm": "n1172628338"}}, {"type": "Feature", "geometry": {"type": "Point", "coordinates": [23.90085, 38.067015]}, "properties": {"name": "Πηγή Καρακαντά", "name:el": "Πηγή Καρακαντά", "fee": "no", "access": "yes", "operator": "Διεύθυνση Αναδασώσεως Αττικής", "wheelchair": "yes", "kind": "fountain", "osm": "n1172662193"}}, {"type": "Feature", "geometry": {"type": "Point", "coordinates": [23.878616, 38.089329]}, "properties": {"name": "Πηγή Σωληναρίου", "name:el": "Πηγή Σωληναρίου", "bottle": "yes", "fee": "no", "access": "yes", "wheelchair": "no", "kind": "fountain", "osm": "n1174611512"}}, {"type": "Feature", "geometry": {"type": "Point", "coordinates": [23.796661, 38.175352]}, "properties": {"name": "Μπαχούνια", "kind": "fountain", "osm": "n1177475292"}}, {"type": "Feature", "geometry": {"type": "Point", "coordinates": [23.790732, 38.163739]}, "properties": {"kind": "fountain", "osm": "n1181459962"}}, {"type": "Feature", "geometry": {"type": "Point", "coordinates": [22.98308, 40.611177]}, "properties": {"kind": "fountain", "osm": "n1202397908"}}, {"type": "Feature", "geometry": {"type": "Point", "coordinates": [23.727539, 37.971561]}, "properties": {"kind": "fountain", "osm": "n1234961355"}}, {"type": "Feature", "geometry": {"type": "Point", "coordinates": [27.997475, 36.274262]}, "properties": {"check_date": "2023-04-15", "kind": "fountain", "osm": "n1273082676"}}, {"type": "Feature", "geometry": {"type": "Point", "coordinates": [24.675984, 35.329419]}, "properties": {"name": "Ancient Carved Water Cistern", "kind": "spring", "osm": "n1285382650"}}, {"type": "Feature", "geometry": {"type": "Point", "coordinates": [20.621625, 39.328983]}, "properties": {"name": "Πηγές Αχέρωντα - Springs of Acheron", "drinking_water": "yes", "kind": "spring", "osm": "n1288332260"}}, {"type": "Feature", "geometry": {"type": "Point", "coordinates": [21.628101, 37.639988]}, "properties": {"kind": "fountain", "osm": "n1296487233"}}, {"type": "Feature", "geometry": {"type": "Point", "coordinates": [23.13512, 39.326335]}, "properties": {"kind": "fountain", "osm": "n1297520205"}}, {"type": "Feature", "geometry": {"type": "Point", "coordinates": [23.145007, 39.327331]}, "properties": {"kind": "fountain", "osm": "n1300687384"}}, {"type": "Feature", "geometry": {"type": "Point", "coordinates": [23.144771, 39.326613]}, "properties": {"kind": "fountain", "osm": "n1300687390"}}, {"type": "Feature", "geometry": {"type": "Point", "coordinates": [23.086026, 39.370882]}, "properties": {"kind": "fountain", "osm": "n1300701377"}}, {"type": "Feature", "geometry": {"type": "Point", "coordinates": [23.083506, 39.386472]}, "properties": {"kind": "fountain", "osm": "n1300702535"}}, {"type": "Feature", "geometry": {"type": "Point", "coordinates": [22.981941, 40.621873]}, "properties": {"name": "Κρυονέρι", "kind": "spring", "osm": "n1305382511"}}, {"type": "Feature", "geometry": {"type": "Point", "coordinates": [21.284827, 39.995795]}, "properties": {"kind": "fountain", "osm": "n1306133055"}}, {"type": "Feature", "geometry": {"type": "Point", "coordinates": [26.276333, 39.354365]}, "properties": {"kind": "fountain", "osm": "n1307885518"}}, {"type": "Feature", "geometry": {"type": "Point", "coordinates": [26.136702, 39.291041]}, "properties": {"name": "Brunnen", "kind": "fountain", "osm": "n1307885596"}}, {"type": "Feature", "geometry": {"type": "Point", "coordinates": [26.137578, 39.266013]}, "properties": {"kind": "fountain", "osm": "n1307885682"}}, {"type": "Feature", "geometry": {"type": "Point", "coordinates": [26.180753, 39.302791]}, "properties": {"name": "Brunnen", "fee": "no", "access": "yes", "wheelchair": "limited", "kind": "fountain", "osm": "n1307885705"}}, {"type": "Feature", "geometry": {"type": "Point", "coordinates": [21.364531, 40.769034]}, "properties": {"kind": "fountain", "osm": "n1312148104"}}, {"type": "Feature", "geometry": {"type": "Point", "coordinates": [21.367257, 40.769351]}, "properties": {"kind": "fountain", "osm": "n1312148105"}}, {"type": "Feature", "geometry": {"type": "Point", "coordinates": [26.235229, 35.096942]}, "properties": {"kind": "fountain", "osm": "n1319094931"}}, {"type": "Feature", "geometry": {"type": "Point", "coordinates": [24.914516, 35.16504]}, "properties": {"bottle": "yes", "fee": "no", "access": "yes", "wheelchair": "no", "covered": "no", "kind": "fountain", "osm": "n1327289450"}}, {"type": "Feature", "geometry": {"type": "Point", "coordinates": [23.667049, 35.450887]}, "properties": {"drinking_water": "yes", "kind": "spring", "osm": "n1328824639"}}, {"type": "Feature", "geometry": {"type": "Point", "coordinates": [25.79064, 36.381136]}, "properties": {"name": "βρύση, πλάτανος", "kind": "fountain", "osm": "n1333864156"}}, {"type": "Feature", "geometry": {"type": "Point", "coordinates": [26.664551, 37.76883]}, "properties": {"kind": "fountain", "osm": "n1345744560"}}, {"type": "Feature", "geometry": {"type": "Point", "coordinates": [21.166901, 40.824745]}, "properties": {"kind": "spring", "osm": "n1361130546"}}, {"type": "Feature", "geometry": {"type": "Point", "coordinates": [19.872105, 39.556889]}, "properties": {"kind": "fountain", "osm": "n1361204559"}}, {"type": "Feature", "geometry": {"type": "Point", "coordinates": [28.113279, 36.253005]}, "properties": {"name": "Επτά Πηγές", "name:el": "Επτά Πηγές", "name:en": "Seven Springs", "drinking_water": "yes", "kind": "spring", "osm": "n1381907121"}}, {"type": "Feature", "geometry": {"type": "Point", "coordinates": [21.381109, 40.776004]}, "properties": {"kind": "fountain", "osm": "n1383415011"}}, {"type": "Feature", "geometry": {"type": "Point", "coordinates": [21.384269, 40.792762]}, "properties": {"kind": "fountain", "osm": "n1385114510"}}, {"type": "Feature", "geometry": {"type": "Point", "coordinates": [21.376852, 40.794291]}, "properties": {"kind": "fountain", "osm": "n1385114547"}}, {"type": "Feature", "geometry": {"type": "Point", "coordinates": [21.375162, 40.793932]}, "properties": {"kind": "fountain", "osm": "n1385126429"}}, {"type": "Feature", "geometry": {"type": "Point", "coordinates": [21.351342, 40.754947]}, "properties": {"kind": "fountain", "osm": "n1389456484"}}, {"type": "Feature", "geometry": {"type": "Point", "coordinates": [21.345903, 40.758608]}, "properties": {"name": "Βρύση του Λοχαγού", "kind": "fountain", "osm": "n1389466312"}}, {"type": "Feature", "geometry": {"type": "Point", "coordinates": [21.391297, 40.769539]}, "properties": {"name": "water is occasional", "kind": "fountain", "osm": "n1392246621"}}, {"type": "Feature", "geometry": {"type": "Point", "coordinates": [21.39478, 40.7703]}, "properties": {"name": "water is occasional", "kind": "fountain", "osm": "n1392354241"}}, {"type": "Feature", "geometry": {"type": "Point", "coordinates": [21.38238, 40.772767]}, "properties": {"kind": "fountain", "osm": "n1392372514"}}, {"type": "Feature", "geometry": {"type": "Point", "coordinates": [21.315055, 40.117463]}, "properties": {"kind": "fountain", "osm": "n1395848238"}}, {"type": "Feature", "geometry": {"type": "Point", "coordinates": [21.50595, 39.83103]}, "properties": {"kind": "fountain", "osm": "n1395879402"}}, {"type": "Feature", "geometry": {"type": "Point", "coordinates": [21.43346, 39.8773]}, "properties": {"kind": "fountain", "osm": "n1395879404"}}, {"type": "Feature", "geometry": {"type": "Point", "coordinates": [20.67837, 39.87928]}, "properties": {"kind": "fountain", "osm": "n1395879405"}}, {"type": "Feature", "geometry": {"type": "Point", "coordinates": [21.668458, 39.946835]}, "properties": {"kind": "fountain", "osm": "n1395879410"}}, {"type": "Feature", "geometry": {"type": "Point", "coordinates": [21.42893, 40.01247]}, "properties": {"kind": "fountain", "osm": "n1395879423"}}, {"type": "Feature", "geometry": {"type": "Point", "coordinates": [21.85397, 40.02307]}, "properties": {"kind": "fountain", "osm": "n1395879426"}}, {"type": "Feature", "geometry": {"type": "Point", "coordinates": [21.87794, 40.079095]}, "properties": {"kind": "fountain", "osm": "n1395879433"}}, {"type": "Feature", "geometry": {"type": "Point", "coordinates": [21.35581, 40.1035]}, "properties": {"kind": "fountain", "osm": "n1395879436"}}, {"type": "Feature", "geometry": {"type": "Point", "coordinates": [21.871125, 40.133038]}, "properties": {"kind": "fountain", "osm": "n1395879444"}}, {"type": "Feature", "geometry": {"type": "Point", "coordinates": [21.201072, 40.141502]}, "properties": {"name": "Κόζια", "kind": "fountain", "osm": "n1395879449"}}, {"type": "Feature", "geometry": {"type": "Point", "coordinates": [21.20427, 40.15244]}, "properties": {"name": "Τσεράδια", "kind": "spring", "osm": "n1395879453"}}, {"type": "Feature", "geometry": {"type": "Point", "coordinates": [21.956295, 40.193049]}, "properties": {"kind": "fountain", "osm": "n1395879467"}}, {"type": "Feature", "geometry": {"type": "Point", "coordinates": [21.05863, 40.2074]}, "properties": {"kind": "fountain", "osm": "n1395879493"}}, {"type": "Feature", "geometry": {"type": "Point", "coordinates": [21.983035, 40.215511]}, "properties": {"kind": "fountain", "osm": "n1395879499"}}, {"type": "Feature", "geometry": {"type": "Point", "coordinates": [21.015722, 40.219522]}, "properties": {"kind": "fountain", "osm": "n1395879509"}}, {"type": "Feature", "geometry": {"type": "Point", "coordinates": [22.21009, 40.39329]}, "properties": {"kind": "fountain", "osm": "n1395879570"}}, {"type": "Feature", "geometry": {"type": "Point", "coordinates": [22.23167, 40.45489]}, "properties": {"kind": "fountain", "osm": "n1395879575"}}, {"type": "Feature", "geometry": {"type": "Point", "coordinates": [22.259306, 40.487275]}, "properties": {"kind": "fountain", "osm": "n1395879585"}}, {"type": "Feature", "geometry": {"type": "Point", "coordinates": [23.8295, 40.53207]}, "properties": {"kind": "fountain", "osm": "n1395879598"}}, {"type": "Feature", "geometry": {"type": "Point", "coordinates": [22.177159, 40.33423]}, "properties": {"kind": "fountain", "osm": "n1396098028"}}, {"type": "Feature", "geometry": {"type": "Point", "coordinates": [21.528357, 39.929608]}, "properties": {"kind": "fountain", "osm": "n1396109520"}}, {"type": "Feature", "geometry": {"type": "Point", "coordinates": [21.403753, 40.093226]}, "properties": {"kind": "fountain", "osm": "n1396312470"}}, {"type": "Feature", "geometry": {"type": "Point", "coordinates": [21.282665, 40.13375]}, "properties": {"kind": "fountain", "osm": "n1396312474"}}, {"type": "Feature", "geometry": {"type": "Point", "coordinates": [21.21056, 40.14116]}, "properties": {"kind": "fountain", "osm": "n1396312484"}}, {"type": "Feature", "geometry": {"type": "Point", "coordinates": [21.234276, 40.143298]}, "properties": {"kind": "fountain", "osm": "n1398463219"}}, {"type": "Feature", "geometry": {"type": "Point", "coordinates": [21.494008, 40.641961]}, "properties": {"kind": "fountain", "osm": "n1398983277"}}, {"type": "Feature", "geometry": {"type": "Point", "coordinates": [21.470506, 40.644038]}, "properties": {"kind": "fountain", "osm": "n1398983570"}}, {"type": "Feature", "geometry": {"type": "Point", "coordinates": [21.413817, 40.616751]}, "properties": {"kind": "fountain", "osm": "n1398987375"}}, {"type": "Feature", "geometry": {"type": "Point", "coordinates": [21.496354, 40.644136]}, "properties": {"kind": "fountain", "osm": "n1400055954"}}, {"type": "Feature", "geometry": {"type": "Point", "coordinates": [22.739846, 37.093801]}, "properties": {"kind": "fountain", "osm": "n1403691802"}}, {"type": "Feature", "geometry": {"type": "Point", "coordinates": [22.73759, 37.09]}, "properties": {"kind": "fountain", "osm": "n1403716777"}}, {"type": "Feature", "geometry": {"type": "Point", "coordinates": [21.378102, 40.800017]}, "properties": {"kind": "fountain", "osm": "n1403862420"}}, {"type": "Feature", "geometry": {"type": "Point", "coordinates": [21.372656, 40.799261]}, "properties": {"kind": "fountain", "osm": "n1403869670"}}, {"type": "Feature", "geometry": {"type": "Point", "coordinates": [23.696542, 35.43622]}, "properties": {"kind": "fountain", "osm": "n1403908822"}}, {"type": "Feature", "geometry": {"type": "Point", "coordinates": [24.967685, 41.282298]}, "properties": {"kind": "spring", "osm": "n1407486519"}}, {"type": "Feature", "geometry": {"type": "Point", "coordinates": [24.968929, 41.339941]}, "properties": {"kind": "spring", "osm": "n1407486638"}}, {"type": "Feature", "geometry": {"type": "Point", "coordinates": [24.967029, 41.341084]}, "properties": {"kind": "spring", "osm": "n1407486641"}}, {"type": "Feature", "geometry": {"type": "Point", "coordinates": [24.964554, 41.341489]}, "properties": {"kind": "spring", "osm": "n1407486655"}}, {"type": "Feature", "geometry": {"type": "Point", "coordinates": [24.962075, 41.343746]}, "properties": {"kind": "spring", "osm": "n1407486700"}}, {"type": "Feature", "geometry": {"type": "Point", "coordinates": [24.984056, 41.348023]}, "properties": {"kind": "spring", "osm": "n1407486737"}}, {"type": "Feature", "geometry": {"type": "Point", "coordinates": [24.967835, 41.348047]}, "properties": {"kind": "spring", "osm": "n1407486739"}}, {"type": "Feature", "geometry": {"type": "Point", "coordinates": [24.991228, 41.350005]}, "properties": {"kind": "spring", "osm": "n1407486745"}}, {"type": "Feature", "geometry": {"type": "Point", "coordinates": [24.994183, 41.350084]}, "properties": {"kind": "spring", "osm": "n1407486748"}}, {"type": "Feature", "geometry": {"type": "Point", "coordinates": [24.967988, 41.350539]}, "properties": {"kind": "spring", "osm": "n1407486751"}}, {"type": "Feature", "geometry": {"type": "Point", "coordinates": [25.005339, 41.351301]}, "properties": {"kind": "fountain", "osm": "n1407486760"}}, {"type": "Feature", "geometry": {"type": "Point", "coordinates": [24.885434, 41.146845]}, "properties": {"kind": "spring", "osm": "n1408640245"}}, {"type": "Feature", "geometry": {"type": "Point", "coordinates": [24.860267, 41.198393]}, "properties": {"kind": "spring", "osm": "n1408640261"}}, {"type": "Feature", "geometry": {"type": "Point", "coordinates": [24.866889, 41.217784]}, "properties": {"kind": "spring", "osm": "n1408640264"}}, {"type": "Feature", "geometry": {"type": "Point", "coordinates": [24.942152, 41.259882]}, "properties": {"kind": "spring", "osm": "n1408640281"}}, {"type": "Feature", "geometry": {"type": "Point", "coordinates": [24.945067, 41.265532]}, "properties": {"kind": "spring", "osm": "n1408640285"}}, {"type": "Feature", "geometry": {"type": "Point", "coordinates": [24.968163, 41.27503]}, "properties": {"kind": "spring", "osm": "n1408640288"}}, {"type": "Feature", "geometry": {"type": "Point", "coordinates": [24.966189, 41.284861]}, "properties": {"kind": "spring", "osm": "n1408640308"}}, {"type": "Feature", "geometry": {"type": "Point", "coordinates": [23.681221, 35.407455]}, "properties": {"kind": "fountain", "osm": "n1410320677"}}, {"type": "Feature", "geometry": {"type": "Point", "coordinates": [23.688289, 35.486191]}, "properties": {"check_date": "2025-04-20", "kind": "fountain", "osm": "n1411896792"}}, {"type": "Feature", "geometry": {"type": "Point", "coordinates": [23.697077, 35.438499]}, "properties": {"kind": "fountain", "osm": "n1411908979"}}, {"type": "Feature", "geometry": {"type": "Point", "coordinates": [21.886073, 36.788688]}, "properties": {"name": "Πηγή", "name:el": "Πηγή", "name:en": "Source", "drinking_water": "yes", "access": "yes", "kind": "fountain", "osm": "n1416235097"}}, {"type": "Feature", "geometry": {"type": "Point", "coordinates": [21.885431, 36.791581]}, "properties": {"drinking_water": "yes", "kind": "fountain", "osm": "n1416235108"}}, {"type": "Feature", "geometry": {"type": "Point", "coordinates": [21.351326, 40.801495]}, "properties": {"kind": "fountain", "osm": "n1423909229"}}, {"type": "Feature", "geometry": {"type": "Point", "coordinates": [24.675285, 40.781202]}, "properties": {"check_date": "2023-07-22", "kind": "fountain", "osm": "n1425481158"}}, {"type": "Feature", "geometry": {"type": "Point", "coordinates": [23.95859, 35.291389]}, "properties": {"bottle": "yes", "fee": "no", "kind": "fountain", "osm": "n1432544804"}}, {"type": "Feature", "geometry": {"type": "Point", "coordinates": [24.005803, 38.159986]}, "properties": {"name": "Μακαρία πηγή", "kind": "spring", "osm": "n1433530981"}}, {"type": "Feature", "geometry": {"type": "Point", "coordinates": [23.798801, 40.393955]}, "properties": {"kind": "fountain", "osm": "n1445577609"}}, {"type": "Feature", "geometry": {"type": "Point", "coordinates": [23.766192, 40.40687]}, "properties": {"kind": "fountain", "osm": "n1445577752"}}, {"type": "Feature", "geometry": {"type": "Point", "coordinates": [23.743796, 40.417215]}, "properties": {"kind": "fountain", "osm": "n1445577931"}}, {"type": "Feature", "geometry": {"type": "Point", "coordinates": [23.729193, 40.42129]}, "properties": {"kind": "fountain", "osm": "n1445578084"}}, {"type": "Feature", "geometry": {"type": "Point", "coordinates": [23.308916, 40.691709]}, "properties": {"kind": "fountain", "osm": "n1445623671"}}, {"type": "Feature", "geometry": {"type": "Point", "coordinates": [21.141245, 40.194361]}, "properties": {"kind": "fountain", "osm": "n1450527338"}}, {"type": "Feature", "geometry": {"type": "Point", "coordinates": [24.010943, 37.72242]}, "properties": {"kind": "fountain", "osm": "n1453985031"}}, {"type": "Feature", "geometry": {"type": "Point", "coordinates": [23.807342, 41.184956]}, "properties": {"name": "Του Ναλμπάντη η Βρύση", "name:el": "Του Ναλμπάντη η Βρύση", "kind": "fountain", "osm": "n1454313071"}}, {"type": "Feature", "geometry": {"type": "Point", "coordinates": [23.790706, 41.166854]}, "properties": {"kind": "fountain", "osm": "n1454526090"}}, {"type": "Feature", "geometry": {"type": "Point", "coordinates": [23.800629, 41.181374]}, "properties": {"kind": "fountain", "osm": "n1454526103"}}, {"type": "Feature", "geometry": {"type": "Point", "coordinates": [23.586501, 40.486147]}, "properties": {"kind": "fountain", "osm": "n1462831257"}}, {"type": "Feature", "geometry": {"type": "Point", "coordinates": [24.079252, 35.200249]}, "properties": {"name": "Limani", "kind": "tap", "osm": "n1467321354"}}, {"type": "Feature", "geometry": {"type": "Point", "coordinates": [23.89305, 41.220991]}, "properties": {"name": "Πηγές Ποταμού Αγγίτη", "kind": "spring", "osm": "n1475066172"}}, {"type": "Feature", "geometry": {"type": "Point", "coordinates": [21.205365, 39.649833]}, "properties": {"kind": "fountain", "osm": "n1478995634"}}, {"type": "Feature", "geometry": {"type": "Point", "coordinates": [22.397503, 37.04889]}, "properties": {"name": "Κεφαλάρι Αγίου Ιωάννη", "kind": "spring", "osm": "n1482973419"}}, {"type": "Feature", "geometry": {"type": "Point", "coordinates": [22.350432, 37.093186]}, "properties": {"kind": "fountain", "osm": "n1482975397"}}, {"type": "Feature", "geometry": {"type": "Point", "coordinates": [22.348999, 37.093466]}, "properties": {"kind": "spring", "osm": "n1482975403"}}, {"type": "Feature", "geometry": {"type": "Point", "coordinates": [20.781473, 38.808283]}, "properties": {"kind": "fountain", "osm": "n1510326142"}}, {"type": "Feature", "geometry": {"type": "Point", "coordinates": [27.167575, 36.830377]}, "properties": {"kind": "spring", "osm": "n1512876371"}}, {"type": "Feature", "geometry": {"type": "Point", "coordinates": [21.478299, 40.690897]}, "properties": {"kind": "fountain", "osm": "n1514913408"}}, {"type": "Feature", "geometry": {"type": "Point", "coordinates": [21.454846, 40.674673]}, "properties": {"kind": "fountain", "osm": "n1515966353"}}, {"type": "Feature", "geometry": {"type": "Point", "coordinates": [21.440601, 40.675061]}, "properties": {"kind": "fountain", "osm": "n1515966368"}}, {"type": "Feature", "geometry": {"type": "Point", "coordinates": [21.454259, 40.676401]}, "properties": {"kind": "fountain", "osm": "n1515966387"}}, {"type": "Feature", "geometry": {"type": "Point", "coordinates": [21.384069, 40.680119]}, "properties": {"kind": "fountain", "osm": "n1517890373"}}, {"type": "Feature", "geometry": {"type": "Point", "coordinates": [21.35105, 40.697811]}, "properties": {"kind": "fountain", "osm": "n1517891159"}}, {"type": "Feature", "geometry": {"type": "Point", "coordinates": [24.291405, 40.137717]}, "properties": {"kind": "fountain", "osm": "n1520236856"}}, {"type": "Feature", "geometry": {"type": "Point", "coordinates": [24.296827, 40.142042]}, "properties": {"kind": "fountain", "osm": "n1520237297"}}, {"type": "Feature", "geometry": {"type": "Point", "coordinates": [24.289997, 40.146211]}, "properties": {"kind": "fountain", "osm": "n1520237305"}}, {"type": "Feature", "geometry": {"type": "Point", "coordinates": [24.291245, 40.153913]}, "properties": {"kind": "fountain", "osm": "n1520237489"}}, {"type": "Feature", "geometry": {"type": "Point", "coordinates": [24.263866, 40.237258]}, "properties": {"kind": "fountain", "osm": "n1520239363"}}, {"type": "Feature", "geometry": {"type": "Point", "coordinates": [21.217953, 40.791428]}, "properties": {"kind": "fountain", "osm": "n1520570607"}}, {"type": "Feature", "geometry": {"type": "Point", "coordinates": [24.295415, 40.183475]}, "properties": {"kind": "fountain", "osm": "n1521734629"}}, {"type": "Feature", "geometry": {"type": "Point", "coordinates": [21.414104, 40.643697]}, "properties": {"kind": "fountain", "osm": "n1522291096"}}, {"type": "Feature", "geometry": {"type": "Point", "coordinates": [21.412351, 40.646884]}, "properties": {"kind": "fountain", "osm": "n1522291113"}}, {"type": "Feature", "geometry": {"type": "Point", "coordinates": [24.309712, 40.13387]}, "properties": {"kind": "fountain", "osm": "n1523730020"}}, {"type": "Feature", "geometry": {"type": "Point", "coordinates": [24.296817, 40.141235]}, "properties": {"kind": "fountain", "osm": "n1523730998"}}, {"type": "Feature", "geometry": {"type": "Point", "coordinates": [24.255112, 40.242782]}, "properties": {"kind": "fountain", "osm": "n1523733085"}}, {"type": "Feature", "geometry": {"type": "Point", "coordinates": [24.246492, 40.257207]}, "properties": {"kind": "fountain", "osm": "n1523733103"}}, {"type": "Feature", "geometry": {"type": "Point", "coordinates": [20.760319, 37.792265]}, "properties": {"kind": "fountain", "osm": "n1524401603"}}, {"type": "Feature", "geometry": {"type": "Point", "coordinates": [24.295523, 40.138263]}, "properties": {"kind": "fountain", "osm": "n1525133494"}}, {"type": "Feature", "geometry": {"type": "Point", "coordinates": [24.294275, 40.139219]}, "properties": {"kind": "fountain", "osm": "n1525133511"}}, {"type": "Feature", "geometry": {"type": "Point", "coordinates": [24.297565, 40.139579]}, "properties": {"check_date": "2025-05-13", "kind": "fountain", "osm": "n1525133536"}}, {"type": "Feature", "geometry": {"type": "Point", "coordinates": [24.255456, 40.242422]}, "properties": {"kind": "fountain", "osm": "n1526975467"}}, {"type": "Feature", "geometry": {"type": "Point", "coordinates": [23.428099, 40.696444]}, "properties": {"kind": "fountain", "osm": "n1527132080"}}, {"type": "Feature", "geometry": {"type": "Point", "coordinates": [21.63161, 39.132249]}, "properties": {"kind": "fountain", "osm": "n1527786882"}}, {"type": "Feature", "geometry": {"type": "Point", "coordinates": [21.669868, 39.228652]}, "properties": {"kind": "fountain", "osm": "n1527788372"}}, {"type": "Feature", "geometry": {"type": "Point", "coordinates": [21.67417, 39.247557]}, "properties": {"kind": "fountain", "osm": "n1527788541"}}, {"type": "Feature", "geometry": {"type": "Point", "coordinates": [21.715478, 39.253678]}, "properties": {"kind": "fountain", "osm": "n1527788712"}}, {"type": "Feature", "geometry": {"type": "Point", "coordinates": [21.693706, 39.135656]}, "properties": {"kind": "fountain", "osm": "n1527818169"}}, {"type": "Feature", "geometry": {"type": "Point", "coordinates": [24.326887, 40.150325]}, "properties": {"kind": "fountain", "osm": "n1528833249"}}, {"type": "Feature", "geometry": {"type": "Point", "coordinates": [21.800046, 39.217384]}, "properties": {"name": "Βρύση Ιτάμου", "kind": "fountain", "osm": "n1531405036"}}, {"type": "Feature", "geometry": {"type": "Point", "coordinates": [21.475499, 40.700212]}, "properties": {"kind": "fountain", "osm": "n1532560118"}}, {"type": "Feature", "geometry": {"type": "Point", "coordinates": [23.604471, 38.261192]}, "properties": {"kind": "fountain", "osm": "n1534940307"}}, {"type": "Feature", "geometry": {"type": "Point", "coordinates": [21.353292, 40.785793]}, "properties": {"kind": "fountain", "osm": "n1539152757"}}, {"type": "Feature", "geometry": {"type": "Point", "coordinates": [22.954639, 40.64824]}, "properties": {"fee": "no", "kind": "fountain", "osm": "n1547256008"}}, {"type": "Feature", "geometry": {"type": "Point", "coordinates": [23.841302, 38.594892]}, "properties": {"kind": "fountain", "osm": "n1550815078"}}, {"type": "Feature", "geometry": {"type": "Point", "coordinates": [25.070987, 39.855195]}, "properties": {"kind": "fountain", "osm": "n1590474401"}}, {"type": "Feature", "geometry": {"type": "Point", "coordinates": [22.946792, 40.632344]}, "properties": {"kind": "fountain", "osm": "n1600157314"}}, {"type": "Feature", "geometry": {"type": "Point", "coordinates": [21.356544, 40.773479]}, "properties": {"kind": "fountain", "osm": "n1666817451"}}, {"type": "Feature", "geometry": {"type": "Point", "coordinates": [22.166001, 37.933434]}, "properties": {"name": "Πηγές Αροάνιου", "kind": "spring", "osm": "n1667830000"}}, {"type": "Feature", "geometry": {"type": "Point", "coordinates": [24.068368, 35.531534]}, "properties": {"kind": "fountain", "osm": "n1679614055"}}, {"type": "Feature", "geometry": {"type": "Point", "coordinates": [24.069467, 35.528103]}, "properties": {"kind": "fountain", "osm": "n1680708723"}}, {"type": "Feature", "geometry": {"type": "Point", "coordinates": [23.815159, 38.625548]}, "properties": {"name": "Κράτια πηγή", "name:el": "Κράτια πηγή", "name:en": "Kratia Pigi", "drinking_water": "yes", "kind": "fountain", "osm": "n1686883341"}}, {"type": "Feature", "geometry": {"type": "Point", "coordinates": [22.422557, 37.931525]}, "properties": {"kind": "fountain", "osm": "n1694334792"}}, {"type": "Feature", "geometry": {"type": "Point", "coordinates": [22.506723, 38.547045]}, "properties": {"name": "Σύρμο", "kind": "fountain", "osm": "n1694513858"}}, {"type": "Feature", "geometry": {"type": "Point", "coordinates": [23.864214, 40.131766]}, "properties": {"drinking_water": "yes", "kind": "spring", "osm": "n1704774998"}}, {"type": "Feature", "geometry": {"type": "Point", "coordinates": [21.492859, 40.862317]}, "properties": {"name": "Νερό Πηγής Μαρίνας", "kind": "fountain", "osm": "n1705469321"}}, {"type": "Feature", "geometry": {"type": "Point", "coordinates": [22.949463, 40.600096]}, "properties": {"check_date": "2025-03-26", "kind": "fountain", "osm": "n1707742012"}}, {"type": "Feature", "geometry": {"type": "Point", "coordinates": [21.41336, 40.787123]}, "properties": {"name": "Βρύση Αγίας Παρασκευής", "kind": "fountain", "osm": "n1709153589"}}, {"type": "Feature", "geometry": {"type": "Point", "coordinates": [21.331404, 40.738603]}, "properties": {"kind": "fountain", "osm": "n1729175887"}}, {"type": "Feature", "geometry": {"type": "Point", "coordinates": [22.96602, 40.617141]}, "properties": {"kind": "fountain", "osm": "n1736616053"}}, {"type": "Feature", "geometry": {"type": "Point", "coordinates": [23.089252, 40.617886]}, "properties": {"fee": "no", "access": "yes", "check_date": "2025-09-02", "kind": "fountain", "osm": "n1744154082"}}, {"type": "Feature", "geometry": {"type": "Point", "coordinates": [22.996463, 38.449475]}, "properties": {"kind": "fountain", "osm": "n1754642140"}}, {"type": "Feature", "geometry": {"type": "Point", "coordinates": [23.903758, 39.220931]}, "properties": {"kind": "fountain", "osm": "n1762398253"}}, {"type": "Feature", "geometry": {"type": "Point", "coordinates": [25.513639, 35.019717]}, "properties": {"kind": "fountain", "osm": "n1764335226"}}, {"type": "Feature", "geometry": {"type": "Point", "coordinates": [23.652718, 37.937897]}, "properties": {"kind": "fountain", "osm": "n1768368064"}}, {"type": "Feature", "geometry": {"type": "Point", "coordinates": [21.809218, 38.255102]}, "properties": {"kind": "fountain", "osm": "n1770404631"}}, {"type": "Feature", "geometry": {"type": "Point", "coordinates": [21.810143, 38.260053]}, "properties": {"kind": "fountain", "osm": "n1770404992"}}, {"type": "Feature", "geometry": {"type": "Point", "coordinates": [21.798992, 38.25449]}, "properties": {"kind": "fountain", "osm": "n1770405130"}}, {"type": "Feature", "geometry": {"type": "Point", "coordinates": [21.769843, 38.259889]}, "properties": {"kind": "fountain", "osm": "n1770417435"}}, {"type": "Feature", "geometry": {"type": "Point", "coordinates": [21.786601, 38.258693]}, "properties": {"kind": "fountain", "osm": "n1770417809"}}, {"type": "Feature", "geometry": {"type": "Point", "coordinates": [19.84493, 39.66499]}, "properties": {"name": "Dionysus Camping Village", "drinking_water": "yes", "fee": "yes", "wheelchair": "limited", "kind": "point", "osm": "n1770622357"}}, {"type": "Feature", "geometry": {"type": "Point", "coordinates": [26.826387, 37.803822]}, "properties": {"kind": "fountain", "osm": "n1780517599"}}, {"type": "Feature", "geometry": {"type": "Point", "coordinates": [22.420851, 40.007936]}, "properties": {"kind": "spring", "osm": "n1780663400"}}, {"type": "Feature", "geometry": {"type": "Point", "coordinates": [21.778096, 37.445442]}, "properties": {"kind": "fountain", "osm": "n1787194459"}}, {"type": "Feature", "geometry": {"type": "Point", "coordinates": [22.500333, 40.104294]}, "properties": {"kind": "fountain", "osm": "n1796302525"}}, {"type": "Feature", "geometry": {"type": "Point", "coordinates": [22.598185, 40.005506]}, "properties": {"kind": "fountain", "osm": "n1803217663"}}, {"type": "Feature", "geometry": {"type": "Point", "coordinates": [23.124271, 39.425699]}, "properties": {"kind": "fountain", "osm": "n1803302059"}}, {"type": "Feature", "geometry": {"type": "Point", "coordinates": [23.93623, 35.307066]}, "properties": {"bottle": "yes", "fee": "no", "kind": "fountain", "osm": "n1806511539"}}, {"type": "Feature", "geometry": {"type": "Point", "coordinates": [23.962553, 35.282062]}, "properties": {"bottle": "yes", "fee": "no", "kind": "fountain", "osm": "n1806520374"}}, {"type": "Feature", "geometry": {"type": "Point", "coordinates": [23.942677, 35.303369]}, "properties": {"bottle": "yes", "fee": "no", "kind": "fountain", "osm": "n1806520377"}}, {"type": "Feature", "geometry": {"type": "Point", "coordinates": [23.949121, 35.298744]}, "properties": {"bottle": "yes", "fee": "no", "kind": "fountain", "osm": "n1806520380"}}, {"type": "Feature", "geometry": {"type": "Point", "coordinates": [21.786843, 37.448441]}, "properties": {"kind": "fountain", "osm": "n1809788598"}}, {"type": "Feature", "geometry": {"type": "Point", "coordinates": [25.380487, 36.398698]}, "properties": {"name": "Zestes Piges", "name:el": "Ζεστες Πηγες", "name:en": "Zestes Piges", "description": "hot springs", "kind": "spring", "osm": "n1811597497"}}, {"type": "Feature", "geometry": {"type": "Point", "coordinates": [25.474656, 36.371383]}, "properties": {"name": "Ζωοδόχος Πηγή", "name:el": "Ζωοδόχος Πηγή", "name:en": "Zoodochos Pigi", "description": "spring in the cave behind the chapel", "kind": "spring", "osm": "n1811692866"}}, {"type": "Feature", "geometry": {"type": "Point", "coordinates": [27.920097, 36.337264]}, "properties": {"kind": "fountain", "osm": "n1836289418"}}, {"type": "Feature", "geometry": {"type": "Point", "coordinates": [21.608756, 38.030743]}, "properties": {"kind": "fountain", "osm": "n1838510244"}}, {"type": "Feature", "geometry": {"type": "Point", "coordinates": [21.666949, 37.942928]}, "properties": {"kind": "fountain", "osm": "n1838510346"}}, {"type": "Feature", "geometry": {"type": "Point", "coordinates": [21.741943, 37.915095]}, "properties": {"name": "Πηγή Ερωτευμένων", "fee": "no", "access": "yes", "seasonal": "no", "wheelchair": "yes", "kind": "fountain", "osm": "n1838510379"}}, {"type": "Feature", "geometry": {"type": "Point", "coordinates": [21.743832, 37.914409]}, "properties": {"kind": "fountain", "osm": "n1838510380"}}, {"type": "Feature", "geometry": {"type": "Point", "coordinates": [21.752737, 37.924312]}, "properties": {"fee": "no", "access": "yes", "seasonal": "no", "wheelchair": "yes", "kind": "fountain", "osm": "n1838510381"}}, {"type": "Feature", "geometry": {"type": "Point", "coordinates": [21.756835, 37.931937]}, "properties": {"fee": "no", "access": "yes", "kind": "fountain", "osm": "n1838510414"}}, {"type": "Feature", "geometry": {"type": "Point", "coordinates": [21.754925, 37.928873]}, "properties": {"fee": "no", "access": "yes", "seasonal": "no", "wheelchair": "yes", "kind": "fountain", "osm": "n1838510418"}}, {"type": "Feature", "geometry": {"type": "Point", "coordinates": [21.752737, 37.924337]}, "properties": {"kind": "fountain", "osm": "n1838510419"}}, {"type": "Feature", "geometry": {"type": "Point", "coordinates": [21.748123, 37.919005]}, "properties": {"kind": "fountain", "osm": "n1838510420"}}, {"type": "Feature", "geometry": {"type": "Point", "coordinates": [21.744626, 37.917406]}, "properties": {"name": "Πηγή Αγάπης", "fee": "no", "access": "yes", "seasonal": "no", "wheelchair": "yes", "kind": "fountain", "osm": "n1838510421"}}, {"type": "Feature", "geometry": {"type": "Point", "coordinates": [21.64566, 37.863242]}, "properties": {"kind": "fountain", "osm": "n1838510423"}}, {"type": "Feature", "geometry": {"type": "Point", "coordinates": [21.738317, 37.814861]}, "properties": {"kind": "fountain", "osm": "n1838510513"}}, {"type": "Feature", "geometry": {"type": "Point", "coordinates": [21.718447, 37.802689]}, "properties": {"kind": "fountain", "osm": "n1838510715"}}, {"type": "Feature", "geometry": {"type": "Point", "coordinates": [21.804589, 37.868302]}, "properties": {"name": "Αμπλινίσι", "kind": "fountain", "osm": "n1838510735"}}, {"type": "Feature", "geometry": {"type": "Point", "coordinates": [21.815047, 37.879625]}, "properties": {"name": "Αβορίτσα", "kind": "fountain", "osm": "n1838510821"}}, {"type": "Feature", "geometry": {"type": "Point", "coordinates": [22.498133, 37.296068]}, "properties": {"kind": "fountain", "osm": "n1838511103"}}, {"type": "Feature", "geometry": {"type": "Point", "coordinates": [22.560511, 37.325525]}, "properties": {"kind": "fountain", "osm": "n1838511106"}}, {"type": "Feature", "geometry": {"type": "Point", "coordinates": [22.615507, 37.221736]}, "properties": {"kind": "fountain", "osm": "n1838511111"}}, {"type": "Feature", "geometry": {"type": "Point", "coordinates": [22.600336, 37.174731]}, "properties": {"kind": "fountain", "osm": "n1838511112"}}, {"type": "Feature", "geometry": {"type": "Point", "coordinates": [22.96737, 36.64221]}, "properties": {"kind": "fountain", "osm": "n1838511131"}}, {"type": "Feature", "geometry": {"type": "Point", "coordinates": [22.972133, 36.648047]}, "properties": {"kind": "fountain", "osm": "n1838511136"}}, {"type": "Feature", "geometry": {"type": "Point", "coordinates": [23.088346, 36.511093]}, "properties": {"kind": "fountain", "osm": "n1838511545"}}, {"type": "Feature", "geometry": {"type": "Point", "coordinates": [22.31654, 37.156337]}, "properties": {"kind": "fountain", "osm": "n1838511697"}}, {"type": "Feature", "geometry": {"type": "Point", "coordinates": [22.277099, 37.19167]}, "properties": {"kind": "fountain", "osm": "n1838511765"}}, {"type": "Feature", "geometry": {"type": "Point", "coordinates": [21.931481, 37.493757]}, "properties": {"kind": "spring", "osm": "n1838511773"}}, {"type": "Feature", "geometry": {"type": "Point", "coordinates": [21.812514, 37.556701]}, "properties": {"drinking_water": "yes", "kind": "point", "osm": "n1838511789"}}, {"type": "Feature", "geometry": {"type": "Point", "coordinates": [21.71459, 37.561786]}, "properties": {"kind": "fountain", "osm": "n1838511790"}}, {"type": "Feature", "geometry": {"type": "Point", "coordinates": [24.10847, 35.202071]}, "properties": {"description": "Water was running end of September 2021.\nNeed chlorine or filter to drink ?", "kind": "spring", "osm": "n1840020462"}}, {"type": "Feature", "geometry": {"type": "Point", "coordinates": [22.812218, 41.017211]}, "properties": {"name": "Ξινό Νερό", "kind": "spring", "osm": "n1843416757"}}, {"type": "Feature", "geometry": {"type": "Point", "coordinates": [21.977131, 39.780507]}, "properties": {"kind": "fountain", "osm": "n1845081556"}}, {"type": "Feature", "geometry": {"type": "Point", "coordinates": [27.772984, 35.891316]}, "properties": {"kind": "fountain", "osm": "n1849508591"}}, {"type": "Feature", "geometry": {"type": "Point", "coordinates": [27.772789, 35.891689]}, "properties": {"kind": "fountain", "osm": "n1849508593"}}, {"type": "Feature", "geometry": {"type": "Point", "coordinates": [27.773268, 35.891852]}, "properties": {"check_date": "2024-09-06", "kind": "fountain", "osm": "n1855172167"}}, {"type": "Feature", "geometry": {"type": "Point", "coordinates": [23.182992, 39.247766]}, "properties": {"name": "Τρανή Βρύση", "kind": "fountain", "osm": "n1861754322"}}, {"type": "Feature", "geometry": {"type": "Point", "coordinates": [23.244115, 39.182053]}, "properties": {"kind": "fountain", "osm": "n1865359511"}}, {"type": "Feature", "geometry": {"type": "Point", "coordinates": [21.207866, 37.86079]}, "properties": {"kind": "fountain", "osm": "n1865449796"}}, {"type": "Feature", "geometry": {"type": "Point", "coordinates": [21.205275, 37.861948]}, "properties": {"kind": "fountain", "osm": "n1865450310"}}, {"type": "Feature", "geometry": {"type": "Point", "coordinates": [22.34871, 37.09345]}, "properties": {"check_date": "2023-10-14", "kind": "fountain", "osm": "n1867313175"}}, {"type": "Feature", "geometry": {"type": "Point", "coordinates": [22.348916, 37.09345]}, "properties": {"check_date": "2023-10-14", "kind": "fountain", "osm": "n1867313176"}}, {"type": "Feature", "geometry": {"type": "Point", "coordinates": [24.536368, 35.218055]}, "properties": {"name": "Κεφαλόβρυση", "drinking_water": "yes", "kind": "spring", "osm": "n1874588055"}}, {"type": "Feature", "geometry": {"type": "Point", "coordinates": [22.949895, 40.603818]}, "properties": {"kind": "fountain", "osm": "n1881226052"}}, {"type": "Feature", "geometry": {"type": "Point", "coordinates": [22.950241, 40.605959]}, "properties": {"check_date": "2023-11-07", "kind": "fountain", "osm": "n1881226075"}}, {"type": "Feature", "geometry": {"type": "Point", "coordinates": [22.95047, 40.607008]}, "properties": {"check_date": "2022-06-23", "kind": "fountain", "osm": "n1881226083"}}, {"type": "Feature", "geometry": {"type": "Point", "coordinates": [22.950691, 40.608961]}, "properties": {"check_date": "2026-01-24", "kind": "fountain", "osm": "n1881226086"}}, {"type": "Feature", "geometry": {"type": "Point", "coordinates": [21.827028, 38.392215]}, "properties": {"drinking_water": "yes", "kind": "spring", "osm": "n1881557934"}}, {"type": "Feature", "geometry": {"type": "Point", "coordinates": [21.827911, 38.393721]}, "properties": {"kind": "spring", "osm": "n1881557939"}}, {"type": "Feature", "geometry": {"type": "Point", "coordinates": [21.829197, 38.394041]}, "properties": {"kind": "spring", "osm": "n1881557942"}}, {"type": "Feature", "geometry": {"type": "Point", "coordinates": [21.827948, 38.394162]}, "properties": {"kind": "spring", "osm": "n1881557945"}}, {"type": "Feature", "geometry": {"type": "Point", "coordinates": [21.827965, 38.394459]}, "properties": {"kind": "spring", "osm": "n1881557948"}}, {"type": "Feature", "geometry": {"type": "Point", "coordinates": [21.828247, 38.394944]}, "properties": {"kind": "spring", "osm": "n1881557951"}}, {"type": "Feature", "geometry": {"type": "Point", "coordinates": [21.828265, 38.395259]}, "properties": {"kind": "spring", "osm": "n1881557954"}}, {"type": "Feature", "geometry": {"type": "Point", "coordinates": [21.828151, 38.395743]}, "properties": {"kind": "spring", "osm": "n1881557961"}}, {"type": "Feature", "geometry": {"type": "Point", "coordinates": [21.829146, 38.395817]}, "properties": {"kind": "spring", "osm": "n1881557962"}}, {"type": "Feature", "geometry": {"type": "Point", "coordinates": [22.232201, 40.489722]}, "properties": {"kind": "fountain", "osm": "n1883440261"}}, {"type": "Feature", "geometry": {"type": "Point", "coordinates": [22.23219, 40.488841]}, "properties": {"kind": "fountain", "osm": "n1883440263"}}, {"type": "Feature", "geometry": {"type": "Point", "coordinates": [22.233509, 40.488873]}, "properties": {"kind": "fountain", "osm": "n1883448743"}}, {"type": "Feature", "geometry": {"type": "Point", "coordinates": [26.63541, 37.722268]}, "properties": {"bottle": "yes", "fee": "no", "wheelchair": "no", "kind": "fountain", "osm": "n1893605891"}}, {"type": "Feature", "geometry": {"type": "Point", "coordinates": [22.331331, 40.550156]}, "properties": {"kind": "fountain", "osm": "n1912565838"}}, {"type": "Feature", "geometry": {"type": "Point", "coordinates": [25.933828, 35.035265]}, "properties": {"kind": "fountain", "osm": "n1912767143"}}, {"type": "Feature", "geometry": {"type": "Point", "coordinates": [25.808438, 35.053747]}, "properties": {"kind": "fountain", "osm": "n1917255595"}}, {"type": "Feature", "geometry": {"type": "Point", "coordinates": [20.39484, 39.291215]}, "properties": {"kind": "fountain", "osm": "n1918861617"}}, {"type": "Feature", "geometry": {"type": "Point", "coordinates": [20.861738, 39.671873]}, "properties": {"check_date": "2023-08-23", "kind": "fountain", "osm": "n1929366571"}}, {"type": "Feature", "geometry": {"type": "Point", "coordinates": [26.618267, 37.73646]}, "properties": {"kind": "fountain", "osm": "n1936575244"}}, {"type": "Feature", "geometry": {"type": "Point", "coordinates": [20.776632, 39.871311]}, "properties": {"kind": "fountain", "osm": "n1937770653"}}, {"type": "Feature", "geometry": {"type": "Point", "coordinates": [25.795644, 37.101249]}, "properties": {"kind": "fountain", "osm": "n1944748328"}}, {"type": "Feature", "geometry": {"type": "Point", "coordinates": [25.79595, 37.101636]}, "properties": {"kind": "fountain", "osm": "n1944748372"}}, {"type": "Feature", "geometry": {"type": "Point", "coordinates": [25.796713, 37.09839]}, "properties": {"kind": "fountain", "osm": "n1944748479"}}, {"type": "Feature", "geometry": {"type": "Point", "coordinates": [25.828663, 37.096424]}, "properties": {"kind": "spring", "osm": "n1949430222"}}, {"type": "Feature", "geometry": {"type": "Point", "coordinates": [25.888333, 36.835656]}, "properties": {"kind": "spring", "osm": "n1954490944"}}, {"type": "Feature", "geometry": {"type": "Point", "coordinates": [23.761743, 38.004361]}, "properties": {"kind": "fountain", "osm": "n1968479361"}}, {"type": "Feature", "geometry": {"type": "Point", "coordinates": [23.771379, 37.988399]}, "properties": {"kind": "fountain", "osm": "n1968537768"}}, {"type": "Feature", "geometry": {"type": "Point", "coordinates": [23.771587, 37.989438]}, "properties": {"kind": "fountain", "osm": "n1968537798"}}, {"type": "Feature", "geometry": {"type": "Point", "coordinates": [22.87419, 40.816684]}, "properties": {"kind": "fountain", "osm": "n1972223570"}}, {"type": "Feature", "geometry": {"type": "Point", "coordinates": [22.844246, 40.783068]}, "properties": {"kind": "fountain", "osm": "n1972223587"}}, {"type": "Feature", "geometry": {"type": "Point", "coordinates": [27.153666, 35.552337]}, "properties": {"kind": "fountain", "osm": "n1974266170"}}, {"type": "Feature", "geometry": {"type": "Point", "coordinates": [27.139995, 35.577319]}, "properties": {"kind": "fountain", "osm": "n1974266173"}}, {"type": "Feature", "geometry": {"type": "Point", "coordinates": [24.464157, 38.061226]}, "properties": {"kind": "spring", "osm": "n1997270435"}}, {"type": "Feature", "geometry": {"type": "Point", "coordinates": [24.458688, 38.070608]}, "properties": {"name": "Κρύα βρύση", "kind": "fountain", "osm": "n1997270439"}}, {"type": "Feature", "geometry": {"type": "Point", "coordinates": [24.465831, 38.078141]}, "properties": {"kind": "fountain", "osm": "n1997270441"}}, {"type": "Feature", "geometry": {"type": "Point", "coordinates": [23.902127, 38.077579]}, "properties": {"kind": "fountain", "osm": "n1997278064"}}, {"type": "Feature", "geometry": {"type": "Point", "coordinates": [23.865486, 38.094903]}, "properties": {"name": "St Lucas spring", "name:el": "Πηγή Αγίου Λουκά", "bottle": "yes", "fee": "no", "access": "yes", "kind": "fountain", "osm": "n1997280391"}}, {"type": "Feature", "geometry": {"type": "Point", "coordinates": [23.706348, 38.127773]}, "properties": {"name": "Πλατάνι", "kind": "fountain", "osm": "n1997281169"}}, {"type": "Feature", "geometry": {"type": "Point", "coordinates": [25.585043, 40.47399]}, "properties": {"name": "Καλαμίθρι", "name:el": "Καλαμίθρι", "name:en": "Kalamithri", "operator": "in August there is no water", "kind": "fountain", "osm": "n1997315202"}}, {"type": "Feature", "geometry": {"type": "Point", "coordinates": [22.371775, 36.959329]}, "properties": {"name": "Τρίποδας", "kind": "fountain", "osm": "n1997325136"}}, {"type": "Feature", "geometry": {"type": "Point", "coordinates": [22.38202, 36.965649]}, "properties": {"name": "Μαγγανιάρη", "kind": "fountain", "osm": "n1997325137"}}, {"type": "Feature", "geometry": {"type": "Point", "coordinates": [25.643741, 35.156645]}, "properties": {"kind": "fountain", "osm": "n2032798166"}}, {"type": "Feature", "geometry": {"type": "Point", "coordinates": [25.407982, 35.052878]}, "properties": {"kind": "fountain", "osm": "n2035267296"}}, {"type": "Feature", "geometry": {"type": "Point", "coordinates": [25.404581, 35.044477]}, "properties": {"kind": "fountain", "osm": "n2035267550"}}, {"type": "Feature", "geometry": {"type": "Point", "coordinates": [25.411732, 35.054885]}, "properties": {"kind": "fountain", "osm": "n2035267551"}}, {"type": "Feature", "geometry": {"type": "Point", "coordinates": [23.692072, 38.137225]}, "properties": {"name": "Πηγή Αγ. Γεωργίου (Κεραμίδι)", "kind": "fountain", "osm": "n2070463312"}}, {"type": "Feature", "geometry": {"type": "Point", "coordinates": [23.117871, 39.336671]}, "properties": {"kind": "fountain", "osm": "n2121951276"}}, {"type": "Feature", "geometry": {"type": "Point", "coordinates": [23.142801, 39.328211]}, "properties": {"kind": "fountain", "osm": "n2121951277"}}, {"type": "Feature", "geometry": {"type": "Point", "coordinates": [23.117509, 39.336505]}, "properties": {"kind": "fountain", "osm": "n2121951278"}}, {"type": "Feature", "geometry": {"type": "Point", "coordinates": [21.835709, 38.271799]}, "properties": {"kind": "fountain", "osm": "n2125811134"}}, {"type": "Feature", "geometry": {"type": "Point", "coordinates": [21.829865, 38.266172]}, "properties": {"kind": "fountain", "osm": "n2125811138"}}, {"type": "Feature", "geometry": {"type": "Point", "coordinates": [24.694072, 40.66001]}, "properties": {"check_date": "2025-09-26", "kind": "fountain", "osm": "n2156746098"}}, {"type": "Feature", "geometry": {"type": "Point", "coordinates": [24.718899, 40.670737]}, "properties": {"kind": "spring", "osm": "n2159503414"}}, {"type": "Feature", "geometry": {"type": "Point", "coordinates": [24.764562, 40.635593]}, "properties": {"kind": "fountain", "osm": "n2159844865"}}, {"type": "Feature", "geometry": {"type": "Point", "coordinates": [24.761153, 40.686008]}, "properties": {"name": "Η Βρύση", "kind": "fountain", "osm": "n2161955783"}}, {"type": "Feature", "geometry": {"type": "Point", "coordinates": [24.633772, 40.639192]}, "properties": {"kind": "fountain", "osm": "n2164610688"}}, {"type": "Feature", "geometry": {"type": "Point", "coordinates": [24.620993, 40.625675]}, "properties": {"kind": "fountain", "osm": "n2166096062"}}, {"type": "Feature", "geometry": {"type": "Point", "coordinates": [24.724818, 40.639977]}, "properties": {"wheelchair": "no", "kind": "fountain", "osm": "n2169758712"}}, {"type": "Feature", "geometry": {"type": "Point", "coordinates": [21.568686, 38.385807]}, "properties": {"kind": "spring", "osm": "n2170645010"}}, {"type": "Feature", "geometry": {"type": "Point", "coordinates": [23.826111, 38.602124]}, "properties": {"kind": "fountain", "osm": "n2194940547"}}, {"type": "Feature", "geometry": {"type": "Point", "coordinates": [23.366107, 40.659613]}, "properties": {"kind": "fountain", "osm": "n2209174462"}}, {"type": "Feature", "geometry": {"type": "Point", "coordinates": [21.448114, 37.719894]}, "properties": {"kind": "fountain", "osm": "n2258519112"}}, {"type": "Feature", "geometry": {"type": "Point", "coordinates": [21.205957, 39.261976]}, "properties": {"drinking_water": "yes", "kind": "spring", "osm": "n2297528721"}}, {"type": "Feature", "geometry": {"type": "Point", "coordinates": [23.739825, 40.161564]}, "properties": {"check_date": "2024-09-24", "kind": "fountain", "osm": "n2301759356"}}, {"type": "Feature", "geometry": {"type": "Point", "coordinates": [21.272202, 39.344823]}, "properties": {"kind": "spring", "osm": "n2302020914"}}, {"type": "Feature", "geometry": {"type": "Point", "coordinates": [23.100131, 40.604012]}, "properties": {"check_date": "2025-08-03", "kind": "fountain", "osm": "n2306507424"}}, {"type": "Feature", "geometry": {"type": "Point", "coordinates": [23.25595, 40.886095]}, "properties": {"kind": "fountain", "osm": "n2311612843"}}, {"type": "Feature", "geometry": {"type": "Point", "coordinates": [25.924931, 35.048754]}, "properties": {"kind": "fountain", "osm": "n2319707713"}}, {"type": "Feature", "geometry": {"type": "Point", "coordinates": [25.186822, 35.258736]}, "properties": {"name": "Fundana", "kind": "spring", "osm": "n2330621276"}}, {"type": "Feature", "geometry": {"type": "Point", "coordinates": [23.323518, 40.19559]}, "properties": {"kind": "fountain", "osm": "n2336794842"}}, {"type": "Feature", "geometry": {"type": "Point", "coordinates": [22.258097, 36.847788]}, "properties": {"drinking_water": "yes", "kind": "point", "osm": "n2339995950"}}, {"type": "Feature", "geometry": {"type": "Point", "coordinates": [23.931963, 41.289557]}, "properties": {"kind": "fountain", "osm": "n2346348128"}}, {"type": "Feature", "geometry": {"type": "Point", "coordinates": [23.652193, 40.70414]}, "properties": {"kind": "fountain", "osm": "n2348508732"}}, {"type": "Feature", "geometry": {"type": "Point", "coordinates": [20.752227, 37.847237]}, "properties": {"kind": "spring", "osm": "n2353248034"}}, {"type": "Feature", "geometry": {"type": "Point", "coordinates": [28.237939, 36.378812]}, "properties": {"kind": "spring", "osm": "n2369329159"}}, {"type": "Feature", "geometry": {"type": "Point", "coordinates": [26.547206, 39.103682]}, "properties": {"kind": "fountain", "osm": "n2370716524"}}, {"type": "Feature", "geometry": {"type": "Point", "coordinates": [26.54684, 39.103361]}, "properties": {"kind": "fountain", "osm": "n2370717562"}}, {"type": "Feature", "geometry": {"type": "Point", "coordinates": [21.763305, 38.238926]}, "properties": {"kind": "fountain", "osm": "n2372563004"}}, {"type": "Feature", "geometry": {"type": "Point", "coordinates": [28.207961, 36.335993]}, "properties": {"check_date": "2025-09-03", "kind": "fountain", "osm": "n2380347826"}}, {"type": "Feature", "geometry": {"type": "Point", "coordinates": [28.198528, 36.337523]}, "properties": {"check_date": "2023-09-20", "kind": "fountain", "osm": "n2382822418"}}, {"type": "Feature", "geometry": {"type": "Point", "coordinates": [28.197551, 36.336044]}, "properties": {"kind": "fountain", "osm": "n2385865910"}}, {"type": "Feature", "geometry": {"type": "Point", "coordinates": [22.10933, 38.241312]}, "properties": {"name": "Αύρα", "name:el": "Αύρα", "name:en": "Avra", "kind": "fountain", "osm": "n2393121578"}}, {"type": "Feature", "geometry": {"type": "Point", "coordinates": [26.155742, 35.119581]}, "properties": {"kind": "fountain", "osm": "n2394405105"}}, {"type": "Feature", "geometry": {"type": "Point", "coordinates": [28.094272, 36.218224]}, "properties": {"kind": "spring", "osm": "n2394733029"}}, {"type": "Feature", "geometry": {"type": "Point", "coordinates": [28.002099, 36.255549]}, "properties": {"kind": "fountain", "osm": "n2394733305"}}, {"type": "Feature", "geometry": {"type": "Point", "coordinates": [28.008573, 36.281625]}, "properties": {"kind": "fountain", "osm": "n2394733310"}}, {"type": "Feature", "geometry": {"type": "Point", "coordinates": [22.614138, 39.055753]}, "properties": {"kind": "fountain", "osm": "n2396161048"}}, {"type": "Feature", "geometry": {"type": "Point", "coordinates": [23.785557, 35.242808]}, "properties": {"name": "Πηγή νερού της Λισσού", "name:en": "Lissos water source", "fee": "no", "description": "Hier gibt es nicht immer Wasser", "kind": "fountain", "osm": "n2397610379"}}, {"type": "Feature", "geometry": {"type": "Point", "coordinates": [23.579212, 35.247453]}, "properties": {"kind": "fountain", "osm": "n2397616100"}}, {"type": "Feature", "geometry": {"type": "Point", "coordinates": [22.686136, 39.066181]}, "properties": {"kind": "fountain", "osm": "n2397751508"}}, {"type": "Feature", "geometry": {"type": "Point", "coordinates": [24.406777, 40.942015]}, "properties": {"kind": "fountain", "osm": "n2398228841"}}, {"type": "Feature", "geometry": {"type": "Point", "coordinates": [24.413086, 40.938904]}, "properties": {"kind": "fountain", "osm": "n2398231719"}}, {"type": "Feature", "geometry": {"type": "Point", "coordinates": [22.560294, 39.068886]}, "properties": {"kind": "fountain", "osm": "n2398447477"}}, {"type": "Feature", "geometry": {"type": "Point", "coordinates": [24.446737, 41.050544]}, "properties": {"kind": "fountain", "osm": "n2399634129"}}, {"type": "Feature", "geometry": {"type": "Point", "coordinates": [24.446611, 41.050521]}, "properties": {"kind": "fountain", "osm": "n2399634190"}}, {"type": "Feature", "geometry": {"type": "Point", "coordinates": [21.397438, 39.785347]}, "properties": {"kind": "spring", "osm": "n2401934700"}}, {"type": "Feature", "geometry": {"type": "Point", "coordinates": [20.81111, 39.936973]}, "properties": {"name": "Krouna's spring", "fee": "no", "access": "yes", "kind": "fountain", "osm": "n2402583576"}}, {"type": "Feature", "geometry": {"type": "Point", "coordinates": [22.933208, 40.677322]}, "properties": {"kind": "fountain", "osm": "n2403431508"}}, {"type": "Feature", "geometry": {"type": "Point", "coordinates": [28.134746, 36.23057]}, "properties": {"kind": "fountain", "osm": "n2405581576"}}, {"type": "Feature", "geometry": {"type": "Point", "coordinates": [23.353058, 38.965779]}, "properties": {"kind": "fountain", "osm": "n2410710772"}}, {"type": "Feature", "geometry": {"type": "Point", "coordinates": [23.293872, 38.872566]}, "properties": {"kind": "fountain", "osm": "n2412167591"}}, {"type": "Feature", "geometry": {"type": "Point", "coordinates": [23.356815, 38.915945]}, "properties": {"kind": "fountain", "osm": "n2412167596"}}, {"type": "Feature", "geometry": {"type": "Point", "coordinates": [23.355491, 38.943574]}, "properties": {"kind": "fountain", "osm": "n2412167598"}}, {"type": "Feature", "geometry": {"type": "Point", "coordinates": [23.355283, 38.98135]}, "properties": {"kind": "fountain", "osm": "n2412167614"}}, {"type": "Feature", "geometry": {"type": "Point", "coordinates": [23.35824, 38.990651]}, "properties": {"kind": "spring", "osm": "n2412167615"}}, {"type": "Feature", "geometry": {"type": "Point", "coordinates": [22.785249, 38.77223]}, "properties": {"check_date": "2022-02-04", "kind": "fountain", "osm": "n2417400870"}}, {"type": "Feature", "geometry": {"type": "Point", "coordinates": [23.091284, 38.980081]}, "properties": {"drinking_water": "yes", "check_date": "2026-09-06", "description": "Αυτή είναι μια πηγή γλυκού νερού, πόσιμο νερό.", "kind": "fountain", "osm": "n2417969513"}}, {"type": "Feature", "geometry": {"type": "Point", "coordinates": [24.335508, 35.285962]}, "properties": {"kind": "fountain", "osm": "n2418210150"}}, {"type": "Feature", "geometry": {"type": "Point", "coordinates": [25.71763, 35.189983]}, "properties": {"kind": "fountain", "osm": "n2419907803"}}, {"type": "Feature", "geometry": {"type": "Point", "coordinates": [23.262557, 38.99755]}, "properties": {"kind": "fountain", "osm": "n2420794313"}}, {"type": "Feature", "geometry": {"type": "Point", "coordinates": [23.27594, 39.001194]}, "properties": {"kind": "fountain", "osm": "n2420794326"}}, {"type": "Feature", "geometry": {"type": "Point", "coordinates": [26.557396, 39.108378]}, "properties": {"kind": "fountain", "osm": "n2421341960"}}, {"type": "Feature", "geometry": {"type": "Point", "coordinates": [26.262503, 35.096919]}, "properties": {"kind": "fountain", "osm": "n2421528262"}}, {"type": "Feature", "geometry": {"type": "Point", "coordinates": [20.982903, 39.159159]}, "properties": {"kind": "fountain", "osm": "n2425734056"}}, {"type": "Feature", "geometry": {"type": "Point", "coordinates": [25.574554, 35.039509]}, "properties": {"kind": "fountain", "osm": "n2426813789"}}, {"type": "Feature", "geometry": {"type": "Point", "coordinates": [24.00684, 35.271012]}, "properties": {"name": "Ζαρανού", "kind": "spring", "osm": "n2428178177"}}, {"type": "Feature", "geometry": {"type": "Point", "coordinates": [20.707113, 38.641781]}, "properties": {"kind": "fountain", "osm": "n2429368941"}}, {"type": "Feature", "geometry": {"type": "Point", "coordinates": [22.330442, 39.979779]}, "properties": {"kind": "fountain", "osm": "n2440271632"}}, {"type": "Feature", "geometry": {"type": "Point", "coordinates": [22.382202, 40.004001]}, "properties": {"name": "Χαρβαλόβρυση", "wheelchair": "no", "kind": "fountain", "osm": "n2440271959"}}, {"type": "Feature", "geometry": {"type": "Point", "coordinates": [26.689911, 37.727552]}, "properties": {"kind": "spring", "osm": "n2445537462"}}, {"type": "Feature", "geometry": {"type": "Point", "coordinates": [26.747154, 37.739295]}, "properties": {"kind": "spring", "osm": "n2448252919"}}, {"type": "Feature", "geometry": {"type": "Point", "coordinates": [26.746366, 37.738718]}, "properties": {"kind": "spring", "osm": "n2448252922"}}, {"type": "Feature", "geometry": {"type": "Point", "coordinates": [20.618275, 38.118496]}, "properties": {"kind": "fountain", "osm": "n2451947386"}}, {"type": "Feature", "geometry": {"type": "Point", "coordinates": [22.171336, 41.084912]}, "properties": {"kind": "fountain", "osm": "n2460424610"}}, {"type": "Feature", "geometry": {"type": "Point", "coordinates": [22.154945, 41.117596]}, "properties": {"kind": "fountain", "osm": "n2460424616"}}, {"type": "Feature", "geometry": {"type": "Point", "coordinates": [26.881714, 37.778695]}, "properties": {"kind": "fountain", "osm": "n2465566760"}}, {"type": "Feature", "geometry": {"type": "Point", "coordinates": [26.850136, 37.784181]}, "properties": {"kind": "fountain", "osm": "n2465637943"}}, {"type": "Feature", "geometry": {"type": "Point", "coordinates": [26.848784, 37.79179]}, "properties": {"kind": "fountain", "osm": "n2465647168"}}, {"type": "Feature", "geometry": {"type": "Point", "coordinates": [27.729567, 36.124766]}, "properties": {"check_date": "2025-10-21", "kind": "fountain", "osm": "n2471636010"}}, {"type": "Feature", "geometry": {"type": "Point", "coordinates": [27.741079, 36.131583]}, "properties": {"kind": "fountain", "osm": "n2471636417"}}, {"type": "Feature", "geometry": {"type": "Point", "coordinates": [26.755872, 37.787807]}, "properties": {"kind": "spring", "osm": "n2472480970"}}, {"type": "Feature", "geometry": {"type": "Point", "coordinates": [20.706696, 38.642006]}, "properties": {"kind": "fountain", "osm": "n2476389978"}}, {"type": "Feature", "geometry": {"type": "Point", "coordinates": [20.615458, 39.230807]}, "properties": {"kind": "fountain", "osm": "n2476389984"}}, {"type": "Feature", "geometry": {"type": "Point", "coordinates": [21.844994, 37.399809]}, "properties": {"name": "Αρχαία Κρήνη", "name:el": "Αρχαία Κρήνη", "name:en": "Antique Fountain", "kind": "spring", "osm": "n2491148579"}}, {"type": "Feature", "geometry": {"type": "Point", "coordinates": [23.564139, 39.987052]}, "properties": {"kind": "fountain", "osm": "n2505537843"}}, {"type": "Feature", "geometry": {"type": "Point", "coordinates": [28.212704, 36.440928]}, "properties": {"kind": "fountain", "osm": "n2509336551"}}, {"type": "Feature", "geometry": {"type": "Point", "coordinates": [28.226018, 36.445003]}, "properties": {"kind": "fountain", "osm": "n2509767866"}}, {"type": "Feature", "geometry": {"type": "Point", "coordinates": [28.227707, 36.443687]}, "properties": {"kind": "fountain", "osm": "n2510564345"}}, {"type": "Feature", "geometry": {"type": "Point", "coordinates": [20.40656, 39.761177]}, "properties": {"name": "Βρύση Γκούρα", "name:el": "Βρύση Γκούρα", "name:en": "Fountain of Goura", "kind": "fountain", "osm": "n2511418263"}}, {"type": "Feature", "geometry": {"type": "Point", "coordinates": [20.982862, 39.217916]}, "properties": {"name": "Βρύση Κυρ-Δημ", "kind": "spring", "osm": "n2518607416"}}, {"type": "Feature", "geometry": {"type": "Point", "coordinates": [21.531796, 39.544784]}, "properties": {"kind": "fountain", "osm": "n2580634697"}}, {"type": "Feature", "geometry": {"type": "Point", "coordinates": [21.577843, 39.476102]}, "properties": {"kind": "fountain", "osm": "n2580695327"}}, {"type": "Feature", "geometry": {"type": "Point", "coordinates": [21.481487, 39.478838]}, "properties": {"kind": "fountain", "osm": "n2580743570"}}, {"type": "Feature", "geometry": {"type": "Point", "coordinates": [21.48275, 39.479245]}, "properties": {"kind": "fountain", "osm": "n2580743571"}}, {"type": "Feature", "geometry": {"type": "Point", "coordinates": [23.069548, 37.637871]}, "properties": {"kind": "fountain", "osm": "n2589000980"}}, {"type": "Feature", "geometry": {"type": "Point", "coordinates": [20.620971, 38.779894]}, "properties": {"kind": "spring", "osm": "n2627404933"}}, {"type": "Feature", "geometry": {"type": "Point", "coordinates": [22.532574, 38.765037]}, "properties": {"kind": "fountain", "osm": "n2676980638"}}, {"type": "Feature", "geometry": {"type": "Point", "coordinates": [22.520145, 38.763255]}, "properties": {"kind": "fountain", "osm": "n2676980804"}}, {"type": "Feature", "geometry": {"type": "Point", "coordinates": [21.135591, 40.125538]}, "properties": {"name": "Σιώποτος", "drinking_water": "yes", "kind": "spring", "osm": "n2721477594"}}, {"type": "Feature", "geometry": {"type": "Point", "coordinates": [21.119054, 40.129839]}, "properties": {"kind": "fountain", "osm": "n2721542932"}}, {"type": "Feature", "geometry": {"type": "Point", "coordinates": [22.533893, 39.993277]}, "properties": {"kind": "fountain", "osm": "n2739303310"}}, {"type": "Feature", "geometry": {"type": "Point", "coordinates": [26.492154, 41.349014]}, "properties": {"name": "Βρυση Βατραχου", "kind": "fountain", "osm": "n2742056342"}}, {"type": "Feature", "geometry": {"type": "Point", "coordinates": [26.487804, 41.352684]}, "properties": {"kind": "fountain", "osm": "n2745167403"}}, {"type": "Feature", "geometry": {"type": "Point", "coordinates": [24.94385, 37.888466]}, "properties": {"kind": "spring", "osm": "n2751455534"}}, {"type": "Feature", "geometry": {"type": "Point", "coordinates": [25.060571, 39.874142]}, "properties": {"name": "Οθωμανική κρήνη;Οθωμανική κρήνη Παντελιά", "kind": "fountain", "osm": "n2781816832"}}, {"type": "Feature", "geometry": {"type": "Point", "coordinates": [22.086188, 38.253931]}, "properties": {"name": "Οι Δώδεκα Βρύσες", "name:el": "Οι Δώδεκα Βρύσες", "name:en": "The 12 Springs", "kind": "fountain", "osm": "n2787810953"}}, {"type": "Feature", "geometry": {"type": "Point", "coordinates": [23.029235, 40.619191]}, "properties": {"kind": "fountain", "osm": "n2791048577"}}, {"type": "Feature", "geometry": {"type": "Point", "coordinates": [21.215079, 39.237879]}, "properties": {"name": "Καρακαηδόνι, Φυσική πηγή νερού", "kind": "spring", "osm": "n2855661277"}}, {"type": "Feature", "geometry": {"type": "Point", "coordinates": [21.259451, 39.267123]}, "properties": {"name": "Κρανιές, φυσική πηγή νερού", "kind": "spring", "osm": "n2855670686"}}, {"type": "Feature", "geometry": {"type": "Point", "coordinates": [23.835114, 35.298434]}, "properties": {"kind": "fountain", "osm": "n2869096682"}}, {"type": "Feature", "geometry": {"type": "Point", "coordinates": [23.844705, 35.32048]}, "properties": {"kind": "fountain", "osm": "n2869101220"}}, {"type": "Feature", "geometry": {"type": "Point", "coordinates": [23.83618, 35.307367]}, "properties": {"kind": "fountain", "osm": "n2869103085"}}, {"type": "Feature", "geometry": {"type": "Point", "coordinates": [23.83932, 35.314152]}, "properties": {"kind": "fountain", "osm": "n2869104012"}}, {"type": "Feature", "geometry": {"type": "Point", "coordinates": [27.998126, 36.361945]}, "properties": {"kind": "fountain", "osm": "n2872520253"}}, {"type": "Feature", "geometry": {"type": "Point", "coordinates": [28.16843, 36.251519]}, "properties": {"kind": "fountain", "osm": "n2881607616"}}, {"type": "Feature", "geometry": {"type": "Point", "coordinates": [23.827666, 38.572111]}, "properties": {"kind": "fountain", "osm": "n2893398972"}}, {"type": "Feature", "geometry": {"type": "Point", "coordinates": [22.281596, 36.824688]}, "properties": {"check_date": "2021-12-27", "kind": "fountain", "osm": "n2912881379"}}, {"type": "Feature", "geometry": {"type": "Point", "coordinates": [22.282809, 36.825694]}, "properties": {"check_date": "2022-01-02", "kind": "fountain", "osm": "n2914205266"}}, {"type": "Feature", "geometry": {"type": "Point", "coordinates": [19.931404, 39.475336]}, "properties": {"check_date": "2023-08-22", "kind": "fountain", "osm": "n2914355552"}}, {"type": "Feature", "geometry": {"type": "Point", "coordinates": [19.911971, 39.476347]}, "properties": {"kind": "fountain", "osm": "n2917644481"}}, {"type": "Feature", "geometry": {"type": "Point", "coordinates": [22.983913, 40.625413]}, "properties": {"kind": "fountain", "osm": "n2926505845"}}, {"type": "Feature", "geometry": {"type": "Point", "coordinates": [22.985538, 40.626086]}, "properties": {"kind": "fountain", "osm": "n2926505846"}}, {"type": "Feature", "geometry": {"type": "Point", "coordinates": [23.218164, 39.30596]}, "properties": {"kind": "fountain", "osm": "n2951349297"}}, {"type": "Feature", "geometry": {"type": "Point", "coordinates": [23.216772, 39.309445]}, "properties": {"kind": "fountain", "osm": "n2951349302"}}, {"type": "Feature", "geometry": {"type": "Point", "coordinates": [23.186957, 39.379314]}, "properties": {"kind": "fountain", "osm": "n2951349815"}}, {"type": "Feature", "geometry": {"type": "Point", "coordinates": [23.185267, 39.381417]}, "properties": {"kind": "fountain", "osm": "n2951349816"}}, {"type": "Feature", "geometry": {"type": "Point", "coordinates": [23.165831, 39.390291]}, "properties": {"kind": "fountain", "osm": "n2951349817"}}, {"type": "Feature", "geometry": {"type": "Point", "coordinates": [23.167031, 39.40123]}, "properties": {"kind": "fountain", "osm": "n2951349818"}}, {"type": "Feature", "geometry": {"type": "Point", "coordinates": [23.16585, 39.403219]}, "properties": {"kind": "fountain", "osm": "n2951349819"}}, {"type": "Feature", "geometry": {"type": "Point", "coordinates": [23.174267, 39.405312]}, "properties": {"kind": "fountain", "osm": "n2951349820"}}, {"type": "Feature", "geometry": {"type": "Point", "coordinates": [21.21938, 39.785391]}, "properties": {"kind": "fountain", "osm": "n2951349821"}}, {"type": "Feature", "geometry": {"type": "Point", "coordinates": [21.210935, 39.791679]}, "properties": {"kind": "fountain", "osm": "n2951349822"}}, {"type": "Feature", "geometry": {"type": "Point", "coordinates": [20.995209, 39.794169]}, "properties": {"kind": "fountain", "osm": "n2951349823"}}, {"type": "Feature", "geometry": {"type": "Point", "coordinates": [22.418774, 40.00772]}, "properties": {"kind": "fountain", "osm": "n2952857353"}}, {"type": "Feature", "geometry": {"type": "Point", "coordinates": [23.159867, 39.400634]}, "properties": {"kind": "fountain", "osm": "n2965109920"}}, {"type": "Feature", "geometry": {"type": "Point", "coordinates": [23.134355, 37.930105]}, "properties": {"fee": "no", "access": "yes", "kind": "fountain", "osm": "n2984462751"}}, {"type": "Feature", "geometry": {"type": "Point", "coordinates": [24.456482, 35.157608]}, "properties": {"opening_hours": "Mo-Sa 09:00-13:30,15:30-19:00;Su 09:00-19:00", "kind": "fountain", "osm": "n2984656767"}}, {"type": "Feature", "geometry": {"type": "Point", "coordinates": [21.996779, 37.593301]}, "properties": {"kind": "spring", "osm": "n3014336111"}}, {"type": "Feature", "geometry": {"type": "Point", "coordinates": [22.129594, 37.655571]}, "properties": {"kind": "fountain", "osm": "n3014337053"}}, {"type": "Feature", "geometry": {"type": "Point", "coordinates": [23.793588, 35.291092]}, "properties": {"kind": "fountain", "osm": "n3020852294"}}, {"type": "Feature", "geometry": {"type": "Point", "coordinates": [23.788588, 35.298863]}, "properties": {"kind": "fountain", "osm": "n3021113178"}}, {"type": "Feature", "geometry": {"type": "Point", "coordinates": [21.182484, 40.533848]}, "properties": {"kind": "fountain", "osm": "n3024798451"}}, {"type": "Feature", "geometry": {"type": "Point", "coordinates": [21.181824, 40.534128]}, "properties": {"kind": "fountain", "osm": "n3024798452"}}, {"type": "Feature", "geometry": {"type": "Point", "coordinates": [21.863868, 40.899599]}, "properties": {"drinking_water": "yes", "kind": "point", "osm": "n3027812379"}}, {"type": "Feature", "geometry": {"type": "Point", "coordinates": [21.743699, 40.900103]}, "properties": {"drinking_water": "yes", "kind": "point", "osm": "n3028127667"}}, {"type": "Feature", "geometry": {"type": "Point", "coordinates": [26.409042, 39.12468]}, "properties": {"kind": "fountain", "osm": "n3030609480"}}, {"type": "Feature", "geometry": {"type": "Point", "coordinates": [21.192893, 40.516525]}, "properties": {"kind": "fountain", "osm": "n3034150022"}}, {"type": "Feature", "geometry": {"type": "Point", "coordinates": [25.499389, 37.034581]}, "properties": {"kind": "spring", "osm": "n3035570633"}}, {"type": "Feature", "geometry": {"type": "Point", "coordinates": [25.4936, 37.036393]}, "properties": {"name": "Source Aria", "kind": "spring", "osm": "n3035570648"}}, {"type": "Feature", "geometry": {"type": "Point", "coordinates": [21.169168, 40.511227]}, "properties": {"kind": "fountain", "osm": "n3043032846"}}, {"type": "Feature", "geometry": {"type": "Point", "coordinates": [19.765852, 39.758403]}, "properties": {"drinking_water": "yes", "kind": "spring", "osm": "n3048582114"}}, {"type": "Feature", "geometry": {"type": "Point", "coordinates": [22.684523, 38.050842]}, "properties": {"check_date": "2023-02-23", "kind": "fountain", "osm": "n3057677926"}}, {"type": "Feature", "geometry": {"type": "Point", "coordinates": [22.145768, 40.256536]}, "properties": {"kind": "fountain", "osm": "n3067926748"}}, {"type": "Feature", "geometry": {"type": "Point", "coordinates": [22.146984, 40.260827]}, "properties": {"kind": "fountain", "osm": "n3069727103"}}, {"type": "Feature", "geometry": {"type": "Point", "coordinates": [22.143953, 40.255288]}, "properties": {"kind": "fountain", "osm": "n3069729609"}}, {"type": "Feature", "geometry": {"type": "Point", "coordinates": [23.76473, 40.200632]}, "properties": {"name": "Βρύση", "kind": "fountain", "osm": "n3072400559"}}, {"type": "Feature", "geometry": {"type": "Point", "coordinates": [21.397255, 39.785245]}, "properties": {"kind": "fountain", "osm": "n3072913477"}}, {"type": "Feature", "geometry": {"type": "Point", "coordinates": [21.503438, 39.983243]}, "properties": {"kind": "fountain", "osm": "n3074029712"}}, {"type": "Feature", "geometry": {"type": "Point", "coordinates": [22.450838, 41.035101]}, "properties": {"drinking_water": "yes", "kind": "fountain", "osm": "n3077812444"}}, {"type": "Feature", "geometry": {"type": "Point", "coordinates": [23.879259, 39.996316]}, "properties": {"kind": "fountain", "osm": "n3080920555"}}, {"type": "Feature", "geometry": {"type": "Point", "coordinates": [23.879458, 39.996057]}, "properties": {"kind": "fountain", "osm": "n3080920556"}}, {"type": "Feature", "geometry": {"type": "Point", "coordinates": [23.879425, 39.996884]}, "properties": {"kind": "fountain", "osm": "n3080920557"}}, {"type": "Feature", "geometry": {"type": "Point", "coordinates": [21.757055, 39.338429]}, "properties": {"kind": "fountain", "osm": "n3088953746"}}, {"type": "Feature", "geometry": {"type": "Point", "coordinates": [19.997577, 39.45393]}, "properties": {"kind": "fountain", "osm": "n3089680747"}}, {"type": "Feature", "geometry": {"type": "Point", "coordinates": [19.999496, 39.453334]}, "properties": {"kind": "fountain", "osm": "n3089691385"}}, {"type": "Feature", "geometry": {"type": "Point", "coordinates": [23.194406, 40.544714]}, "properties": {"drinking_water": "yes", "kind": "fountain", "osm": "n3095282732"}}, {"type": "Feature", "geometry": {"type": "Point", "coordinates": [23.722618, 35.271228]}, "properties": {"name": "Holy Father's Spring", "kind": "spring", "osm": "n3095533808"}}, {"type": "Feature", "geometry": {"type": "Point", "coordinates": [23.165508, 39.380122]}, "properties": {"kind": "fountain", "osm": "n3097795385"}}, {"type": "Feature", "geometry": {"type": "Point", "coordinates": [23.172806, 39.38777]}, "properties": {"kind": "fountain", "osm": "n3097797985"}}, {"type": "Feature", "geometry": {"type": "Point", "coordinates": [22.265821, 41.069161]}, "properties": {"drinking_water": "yes", "kind": "fountain", "osm": "n3100538208"}}, {"type": "Feature", "geometry": {"type": "Point", "coordinates": [25.081241, 41.23927]}, "properties": {"drinking_water": "yes", "kind": "fountain", "osm": "n3101741378"}}, {"type": "Feature", "geometry": {"type": "Point", "coordinates": [25.122468, 41.255674]}, "properties": {"drinking_water": "yes", "kind": "fountain", "osm": "n3101741927"}}, {"type": "Feature", "geometry": {"type": "Point", "coordinates": [25.150393, 41.220749]}, "properties": {"drinking_water": "yes", "kind": "fountain", "osm": "n3101786029"}}, {"type": "Feature", "geometry": {"type": "Point", "coordinates": [24.022038, 40.889289]}, "properties": {"drinking_water": "yes", "kind": "point", "osm": "n3106652551"}}, {"type": "Feature", "geometry": {"type": "Point", "coordinates": [24.072046, 40.906724]}, "properties": {"drinking_water": "yes", "kind": "point", "osm": "n3106653100"}}, {"type": "Feature", "geometry": {"type": "Point", "coordinates": [23.702205, 40.634281]}, "properties": {"drinking_water": "yes", "kind": "fountain", "osm": "n3108950358"}}, {"type": "Feature", "geometry": {"type": "Point", "coordinates": [22.406824, 40.083678]}, "properties": {"kind": "fountain", "osm": "n3114820717"}}, {"type": "Feature", "geometry": {"type": "Point", "coordinates": [22.427937, 40.093906]}, "properties": {"kind": "fountain", "osm": "n3115053645"}}, {"type": "Feature", "geometry": {"type": "Point", "coordinates": [22.42844, 40.094012]}, "properties": {"kind": "fountain", "osm": "n3115053654"}}, {"type": "Feature", "geometry": {"type": "Point", "coordinates": [23.627376, 40.782722]}, "properties": {"drinking_water": "yes", "kind": "point", "osm": "n3116664490"}}, {"type": "Feature", "geometry": {"type": "Point", "coordinates": [21.823372, 40.953411]}, "properties": {"kind": "spring", "osm": "n3121869770"}}, {"type": "Feature", "geometry": {"type": "Point", "coordinates": [21.825019, 40.967488]}, "properties": {"kind": "spring", "osm": "n3121870371"}}, {"type": "Feature", "geometry": {"type": "Point", "coordinates": [22.949804, 40.624257]}, "properties": {"check_date": "2022-08-31", "kind": "fountain", "osm": "n3124214868"}}, {"type": "Feature", "geometry": {"type": "Point", "coordinates": [22.950323, 40.62392]}, "properties": {"fee": "no", "access": "yes", "wheelchair": "yes", "kind": "fountain", "osm": "n3124214869"}}, {"type": "Feature", "geometry": {"type": "Point", "coordinates": [21.984179, 40.994592]}, "properties": {"drinking_water": "yes", "kind": "point", "osm": "n3126524726"}}, {"type": "Feature", "geometry": {"type": "Point", "coordinates": [21.978998, 41.011421]}, "properties": {"kind": "spring", "osm": "n3126525023"}}, {"type": "Feature", "geometry": {"type": "Point", "coordinates": [22.315747, 40.972986]}, "properties": {"kind": "fountain", "osm": "n3135110255"}}, {"type": "Feature", "geometry": {"type": "Point", "coordinates": [22.356906, 40.983709]}, "properties": {"drinking_water": "yes", "kind": "fountain", "osm": "n3135113501"}}, {"type": "Feature", "geometry": {"type": "Point", "coordinates": [22.360776, 41.010125]}, "properties": {"drinking_water": "yes", "kind": "fountain", "osm": "n3135119520"}}, {"type": "Feature", "geometry": {"type": "Point", "coordinates": [22.354457, 40.926889]}, "properties": {"kind": "spring", "osm": "n3136688857"}}, {"type": "Feature", "geometry": {"type": "Point", "coordinates": [22.353315, 40.934332]}, "properties": {"drinking_water": "yes", "kind": "fountain", "osm": "n3136689434"}}, {"type": "Feature", "geometry": {"type": "Point", "coordinates": [22.382171, 40.93742]}, "properties": {"drinking_water": "yes", "kind": "fountain", "osm": "n3136887588"}}, {"type": "Feature", "geometry": {"type": "Point", "coordinates": [22.305093, 40.878015]}, "properties": {"drinking_water": "yes", "kind": "fountain", "osm": "n3139584342"}}, {"type": "Feature", "geometry": {"type": "Point", "coordinates": [22.254202, 37.793186]}, "properties": {"name": "Βρύσες (fountain)", "kind": "spring", "osm": "n3139681813"}}, {"type": "Feature", "geometry": {"type": "Point", "coordinates": [22.393946, 40.125465]}, "properties": {"name": "Κλεφτόβρυση", "kind": "spring", "osm": "n3144051526"}}, {"type": "Feature", "geometry": {"type": "Point", "coordinates": [22.38897, 40.145501]}, "properties": {"name": "Μαστορούλι", "kind": "spring", "osm": "n3144051528"}}, {"type": "Feature", "geometry": {"type": "Point", "coordinates": [22.485073, 40.122572]}, "properties": {"kind": "spring", "osm": "n3145614514"}}, {"type": "Feature", "geometry": {"type": "Point", "coordinates": [22.227227, 40.236706]}, "properties": {"drinking_water": "yes", "kind": "fountain", "osm": "n3152363006"}}, {"type": "Feature", "geometry": {"type": "Point", "coordinates": [22.395507, 40.070537]}, "properties": {"kind": "spring", "osm": "n3152619967"}}, {"type": "Feature", "geometry": {"type": "Point", "coordinates": [22.343594, 40.112596]}, "properties": {"name": "Καραϊσκίνη", "kind": "spring", "osm": "n3158106265"}}, {"type": "Feature", "geometry": {"type": "Point", "coordinates": [22.428629, 40.140832]}, "properties": {"kind": "spring", "osm": "n3159463367"}}, {"type": "Feature", "geometry": {"type": "Point", "coordinates": [23.448148, 40.075823]}, "properties": {"kind": "fountain", "osm": "n3161354062"}}, {"type": "Feature", "geometry": {"type": "Point", "coordinates": [22.420618, 40.096395]}, "properties": {"kind": "fountain", "osm": "n3161691897"}}, {"type": "Feature", "geometry": {"type": "Point", "coordinates": [22.468864, 40.112758]}, "properties": {"kind": "fountain", "osm": "n3161747949"}}, {"type": "Feature", "geometry": {"type": "Point", "coordinates": [21.801756, 37.865044]}, "properties": {"name": "Βρύση Ράχης", "kind": "fountain", "osm": "n3165737217"}}, {"type": "Feature", "geometry": {"type": "Point", "coordinates": [21.817484, 37.885685]}, "properties": {"name": "Πηγή Πόντου", "kind": "fountain", "osm": "n3165756336"}}, {"type": "Feature", "geometry": {"type": "Point", "coordinates": [23.047766, 41.309791]}, "properties": {"drinking_water": "yes", "kind": "fountain", "osm": "n3170339892"}}, {"type": "Feature", "geometry": {"type": "Point", "coordinates": [23.061839, 41.322182]}, "properties": {"kind": "spring", "osm": "n3170341421"}}, {"type": "Feature", "geometry": {"type": "Point", "coordinates": [22.804587, 41.320871]}, "properties": {"drinking_water": "yes", "kind": "fountain", "osm": "n3172411612"}}, {"type": "Feature", "geometry": {"type": "Point", "coordinates": [22.408261, 40.101888]}, "properties": {"name": "Αποστολίδη (Στράγγου)", "kind": "spring", "osm": "n3178746921"}}, {"type": "Feature", "geometry": {"type": "Point", "coordinates": [22.42003, 40.109199]}, "properties": {"name": "Κολοκυθιές", "kind": "spring", "osm": "n3178746922"}}, {"type": "Feature", "geometry": {"type": "Point", "coordinates": [22.45298, 40.110896]}, "properties": {"name": "Μαννα", "name:el": "Μαννα", "name:en": "Manna", "kind": "spring", "osm": "n3178746923"}}, {"type": "Feature", "geometry": {"type": "Point", "coordinates": [22.439306, 40.104628]}, "properties": {"drinking_water": "yes", "kind": "spring", "osm": "n3178829892"}}, {"type": "Feature", "geometry": {"type": "Point", "coordinates": [22.445136, 40.107791]}, "properties": {"kind": "spring", "osm": "n3178829903"}}, {"type": "Feature", "geometry": {"type": "Point", "coordinates": [22.452767, 40.108063]}, "properties": {"kind": "spring", "osm": "n3178829905"}}, {"type": "Feature", "geometry": {"type": "Point", "coordinates": [22.451832, 40.109096]}, "properties": {"kind": "spring", "osm": "n3178829907"}}, {"type": "Feature", "geometry": {"type": "Point", "coordinates": [22.410993, 40.093661]}, "properties": {"kind": "spring", "osm": "n3178966061"}}, {"type": "Feature", "geometry": {"type": "Point", "coordinates": [22.487869, 40.089572]}, "properties": {"kind": "spring", "osm": "n3180920868"}}, {"type": "Feature", "geometry": {"type": "Point", "coordinates": [22.478697, 40.082298]}, "properties": {"name": "Μαννα", "name:el": "Μαννα", "name:en": "Mana", "kind": "spring", "osm": "n3181225966"}}, {"type": "Feature", "geometry": {"type": "Point", "coordinates": [22.462686, 40.070375]}, "properties": {"name": "Σκανδαλιάρα", "name:el": "Σκανδαλιάρα", "name:en": "Skandaliara", "kind": "spring", "osm": "n3181225967"}}, {"type": "Feature", "geometry": {"type": "Point", "coordinates": [22.388525, 40.045603]}, "properties": {"kind": "spring", "osm": "n3181250462"}}, {"type": "Feature", "geometry": {"type": "Point", "coordinates": [22.446186, 40.057948]}, "properties": {"name": "Κωστή", "kind": "spring", "osm": "n3181318410"}}, {"type": "Feature", "geometry": {"type": "Point", "coordinates": [23.233864, 39.34004]}, "properties": {"kind": "spring", "osm": "n3183785945"}}, {"type": "Feature", "geometry": {"type": "Point", "coordinates": [23.232271, 39.333806]}, "properties": {"kind": "spring", "osm": "n3185469815"}}, {"type": "Feature", "geometry": {"type": "Point", "coordinates": [23.02212, 38.342107]}, "properties": {"kind": "fountain", "osm": "n3198466415"}}, {"type": "Feature", "geometry": {"type": "Point", "coordinates": [23.022541, 38.342591]}, "properties": {"kind": "fountain", "osm": "n3198466416"}}, {"type": "Feature", "geometry": {"type": "Point", "coordinates": [23.022455, 38.34246]}, "properties": {"kind": "fountain", "osm": "n3198466417"}}, {"type": "Feature", "geometry": {"type": "Point", "coordinates": [23.021841, 38.341513]}, "properties": {"kind": "fountain", "osm": "n3198466418"}}, {"type": "Feature", "geometry": {"type": "Point", "coordinates": [23.023093, 38.342691]}, "properties": {"kind": "fountain", "osm": "n3198466419"}}, {"type": "Feature", "geometry": {"type": "Point", "coordinates": [23.021181, 38.3436]}, "properties": {"kind": "fountain", "osm": "n3198466420"}}, {"type": "Feature", "geometry": {"type": "Point", "coordinates": [23.63546, 40.659237]}, "properties": {"drinking_water": "yes", "kind": "fountain", "osm": "n3202644160"}}, {"type": "Feature", "geometry": {"type": "Point", "coordinates": [22.540908, 39.912031]}, "properties": {"name": "Βρύση Χαλκιά", "drinking_water": "yes", "kind": "fountain", "osm": "n3204580422"}}, {"type": "Feature", "geometry": {"type": "Point", "coordinates": [22.526428, 39.918255]}, "properties": {"drinking_water": "yes", "kind": "fountain", "osm": "n3204580577"}}, {"type": "Feature", "geometry": {"type": "Point", "coordinates": [22.475821, 39.974612]}, "properties": {"drinking_water": "yes", "fee": "no", "kind": "fountain", "osm": "n3204581605"}}, {"type": "Feature", "geometry": {"type": "Point", "coordinates": [22.508912, 39.920681]}, "properties": {"drinking_water": "yes", "kind": "fountain", "osm": "n3204635392"}}, {"type": "Feature", "geometry": {"type": "Point", "coordinates": [22.188516, 41.131142]}, "properties": {"drinking_water": "yes", "kind": "fountain", "osm": "n3209119132"}}, {"type": "Feature", "geometry": {"type": "Point", "coordinates": [21.218981, 40.171187]}, "properties": {"check_date": "2021-08-28", "kind": "fountain", "osm": "n3213773744"}}, {"type": "Feature", "geometry": {"type": "Point", "coordinates": [24.351908, 40.19889]}, "properties": {"drinking_water": "yes", "check_date": "2024-02-15", "kind": "fountain", "osm": "n3218829873"}}, {"type": "Feature", "geometry": {"type": "Point", "coordinates": [24.276648, 40.201629]}, "properties": {"drinking_water": "yes", "kind": "fountain", "osm": "n3218829905"}}, {"type": "Feature", "geometry": {"type": "Point", "coordinates": [22.486456, 40.027442]}, "properties": {"kind": "spring", "osm": "n3223497286"}}, {"type": "Feature", "geometry": {"type": "Point", "coordinates": [22.488445, 40.02829]}, "properties": {"kind": "spring", "osm": "n3223497287"}}, {"type": "Feature", "geometry": {"type": "Point", "coordinates": [22.339405, 40.040072]}, "properties": {"kind": "spring", "osm": "n3223574798"}}, {"type": "Feature", "geometry": {"type": "Point", "coordinates": [23.77736, 40.58254]}, "properties": {"drinking_water": "yes", "kind": "fountain", "osm": "n3237594449"}}, {"type": "Feature", "geometry": {"type": "Point", "coordinates": [23.649718, 40.573179]}, "properties": {"drinking_water": "yes", "kind": "fountain", "osm": "n3246243549"}}, {"type": "Feature", "geometry": {"type": "Point", "coordinates": [23.646683, 38.146829]}, "properties": {"name": "Πηγές Φυλής", "description": "Πόσιμο, τρεχούμενο νερό (Μελέτη 2017).", "kind": "spring", "osm": "n3262610491"}}, {"type": "Feature", "geometry": {"type": "Point", "coordinates": [24.097023, 40.928245]}, "properties": {"drinking_water": "yes", "kind": "fountain", "osm": "n3272598725"}}, {"type": "Feature", "geometry": {"type": "Point", "coordinates": [23.759559, 38.150868]}, "properties": {"name": "Κουσίζα", "kind": "spring", "osm": "n3282707956"}}, {"type": "Feature", "geometry": {"type": "Point", "coordinates": [24.404143, 40.975561]}, "properties": {"drinking_water": "yes", "kind": "fountain", "osm": "n3282904281"}}, {"type": "Feature", "geometry": {"type": "Point", "coordinates": [24.41698, 41.002508]}, "properties": {"drinking_water": "yes", "kind": "fountain", "osm": "n3282904606"}}, {"type": "Feature", "geometry": {"type": "Point", "coordinates": [21.962741, 37.720479]}, "properties": {"name": "Χρυσοπήγαδο", "kind": "spring", "osm": "n3283740347"}}, {"type": "Feature", "geometry": {"type": "Point", "coordinates": [21.961195, 37.721351]}, "properties": {"name": "Παλιοπήγαδο", "kind": "spring", "osm": "n3283740348"}}, {"type": "Feature", "geometry": {"type": "Point", "coordinates": [21.960751, 37.719101]}, "properties": {"name": "Παλιά Βρύση", "kind": "spring", "osm": "n3283771545"}}, {"type": "Feature", "geometry": {"type": "Point", "coordinates": [24.048572, 38.56175]}, "properties": {"name": "Κολέθρα", "name:el": "Κολέθρα", "name:en": "Kolethra", "kind": "spring", "osm": "n3287418562"}}, {"type": "Feature", "geometry": {"type": "Point", "coordinates": [21.914826, 40.970948]}, "properties": {"kind": "fountain", "osm": "n3299010001"}}, {"type": "Feature", "geometry": {"type": "Point", "coordinates": [21.914168, 40.971207]}, "properties": {"kind": "fountain", "osm": "n3299010002"}}, {"type": "Feature", "geometry": {"type": "Point", "coordinates": [21.914402, 40.970975]}, "properties": {"check_date": "2025-09-11", "kind": "fountain", "osm": "n3300059889"}}, {"type": "Feature", "geometry": {"type": "Point", "coordinates": [22.992874, 40.60645]}, "properties": {"kind": "fountain", "osm": "n3306148818"}}, {"type": "Feature", "geometry": {"type": "Point", "coordinates": [22.080677, 41.087739]}, "properties": {"drinking_water": "yes", "kind": "fountain", "osm": "n3345757983"}}, {"type": "Feature", "geometry": {"type": "Point", "coordinates": [24.729269, 40.731407]}, "properties": {"kind": "fountain", "osm": "n3349542692"}}, {"type": "Feature", "geometry": {"type": "Point", "coordinates": [23.720535, 37.974928]}, "properties": {"check_date": "2024-12-10", "kind": "fountain", "osm": "n3373134168"}}, {"type": "Feature", "geometry": {"type": "Point", "coordinates": [21.080232, 40.349396]}, "properties": {"kind": "fountain", "osm": "n3391568146"}}, {"type": "Feature", "geometry": {"type": "Point", "coordinates": [23.73512, 37.970871]}, "properties": {"bottle": "no", "fee": "no", "opening_hours": "24/7", "kind": "fountain", "osm": "n3393632755"}}, {"type": "Feature", "geometry": {"type": "Point", "coordinates": [22.148961, 37.625943]}, "properties": {"kind": "fountain", "osm": "n3401527850"}}, {"type": "Feature", "geometry": {"type": "Point", "coordinates": [20.907031, 40.31608]}, "properties": {"name": "Τριακοσάρα", "kind": "spring", "osm": "n3407053980"}}, {"type": "Feature", "geometry": {"type": "Point", "coordinates": [24.411819, 40.937504]}, "properties": {"kind": "fountain", "osm": "n3410631744"}}, {"type": "Feature", "geometry": {"type": "Point", "coordinates": [24.706763, 41.198502]}, "properties": {"kind": "fountain", "osm": "n3439808073"}}, {"type": "Feature", "geometry": {"type": "Point", "coordinates": [24.676282, 41.26495]}, "properties": {"name": "Παραδοσιακή βρύση (Κεράσι)", "kind": "fountain", "osm": "n3441271945"}}, {"type": "Feature", "geometry": {"type": "Point", "coordinates": [23.404581, 40.655832]}, "properties": {"kind": "fountain", "osm": "n3466187129"}}, {"type": "Feature", "geometry": {"type": "Point", "coordinates": [21.150396, 40.682733]}, "properties": {"kind": "spring", "osm": "n3479468351"}}, {"type": "Feature", "geometry": {"type": "Point", "coordinates": [21.132826, 40.707409]}, "properties": {"kind": "fountain", "osm": "n3479468797"}}, {"type": "Feature", "geometry": {"type": "Point", "coordinates": [22.043632, 37.559923]}, "properties": {"name": "Ρέμπελου", "kind": "spring", "osm": "n3484470762"}}, {"type": "Feature", "geometry": {"type": "Point", "coordinates": [22.5721, 40.994645]}, "properties": {"name": "Νερό", "kind": "fountain", "osm": "n3494337189"}}, {"type": "Feature", "geometry": {"type": "Point", "coordinates": [23.2052, 37.429544]}, "properties": {"kind": "spring", "osm": "n3508963358"}}, {"type": "Feature", "geometry": {"type": "Point", "coordinates": [23.751464, 37.985374]}, "properties": {"check_date": "2024-09-11", "kind": "fountain", "osm": "n3511105045"}}, {"type": "Feature", "geometry": {"type": "Point", "coordinates": [23.779054, 40.185227]}, "properties": {"kind": "fountain", "osm": "n3515370650"}}, {"type": "Feature", "geometry": {"type": "Point", "coordinates": [24.163777, 40.885469]}, "properties": {"drinking_water": "yes", "kind": "fountain", "osm": "n3524852122"}}, {"type": "Feature", "geometry": {"type": "Point", "coordinates": [24.160781, 40.885882]}, "properties": {"kind": "fountain", "osm": "n3528418015"}}, {"type": "Feature", "geometry": {"type": "Point", "coordinates": [23.732777, 35.290458]}, "properties": {"drinking_water": "yes", "description": "Roadside artifical water source", "kind": "fountain", "osm": "n3541783909"}}, {"type": "Feature", "geometry": {"type": "Point", "coordinates": [22.150543, 41.119257]}, "properties": {"kind": "spring", "osm": "n3546184436"}}, {"type": "Feature", "geometry": {"type": "Point", "coordinates": [27.81971, 36.011579]}, "properties": {"kind": "fountain", "osm": "n3553502230"}}, {"type": "Feature", "geometry": {"type": "Point", "coordinates": [27.798355, 36.099769]}, "properties": {"check_date": "2023-01-22", "kind": "fountain", "osm": "n3553826596"}}, {"type": "Feature", "geometry": {"type": "Point", "coordinates": [27.813634, 36.062085]}, "properties": {"kind": "fountain", "osm": "n3554160633"}}, {"type": "Feature", "geometry": {"type": "Point", "coordinates": [27.829608, 36.110372]}, "properties": {"kind": "fountain", "osm": "n3554274892"}}, {"type": "Feature", "geometry": {"type": "Point", "coordinates": [27.828512, 36.111]}, "properties": {"kind": "fountain", "osm": "n3554275029"}}, {"type": "Feature", "geometry": {"type": "Point", "coordinates": [27.847498, 36.09943]}, "properties": {"kind": "fountain", "osm": "n3554360777"}}, {"type": "Feature", "geometry": {"type": "Point", "coordinates": [27.852361, 36.098496]}, "properties": {"kind": "fountain", "osm": "n3554369588"}}, {"type": "Feature", "geometry": {"type": "Point", "coordinates": [27.849863, 36.16654]}, "properties": {"kind": "fountain", "osm": "n3554398038"}}, {"type": "Feature", "geometry": {"type": "Point", "coordinates": [24.000503, 35.222707]}, "properties": {"drinking_water": "yes", "kind": "spring", "osm": "n3554940701"}}, {"type": "Feature", "geometry": {"type": "Point", "coordinates": [23.963574, 35.229246]}, "properties": {"drinking_water": "yes", "fee": "no", "access": "yes", "wheelchair": "no", "kind": "point", "osm": "n3554940719"}}, {"type": "Feature", "geometry": {"type": "Point", "coordinates": [24.120348, 40.903776]}, "properties": {"drinking_water": "yes", "kind": "fountain", "osm": "n3565022599"}}, {"type": "Feature", "geometry": {"type": "Point", "coordinates": [23.004263, 39.393525]}, "properties": {"name": "Πηγή Μάνας", "kind": "spring", "osm": "n3578239874"}}, {"type": "Feature", "geometry": {"type": "Point", "coordinates": [24.415456, 41.005801]}, "properties": {"kind": "fountain", "osm": "n3596385997"}}, {"type": "Feature", "geometry": {"type": "Point", "coordinates": [23.66879, 40.231571]}, "properties": {"kind": "fountain", "osm": "n3615316832"}}, {"type": "Feature", "geometry": {"type": "Point", "coordinates": [26.211611, 35.114987]}, "properties": {"name": "Ζάκρος", "kind": "spring", "osm": "n3617526894"}}, {"type": "Feature", "geometry": {"type": "Point", "coordinates": [24.26954, 40.252541]}, "properties": {"kind": "fountain", "osm": "n3620651795"}}, {"type": "Feature", "geometry": {"type": "Point", "coordinates": [21.741342, 38.256439]}, "properties": {"kind": "fountain", "osm": "n3631223118"}}, {"type": "Feature", "geometry": {"type": "Point", "coordinates": [24.81531, 35.18364]}, "properties": {"name": "Σκαρονερό", "name:el": "Σκαρονερό", "name:en": "Skaronero", "description": "3 abreuvoirs. Source avec bon débit au 21 septembre 2021. Éviter le bivouac à proximité,  risque de gener les troupeaux de brebis qui viennent boire la nuit.", "kind": "fountain", "osm": "n3631466476"}}, {"type": "Feature", "geometry": {"type": "Point", "coordinates": [24.920681, 35.21392]}, "properties": {"name": "Βρωμονερό", "name:el": "Βρωμονερό", "name:en": "Vromonero", "kind": "spring", "osm": "n3631716701"}}, {"type": "Feature", "geometry": {"type": "Point", "coordinates": [21.746502, 38.27864]}, "properties": {"kind": "fountain", "osm": "n3633501043"}}, {"type": "Feature", "geometry": {"type": "Point", "coordinates": [21.738288, 38.259592]}, "properties": {"kind": "fountain", "osm": "n3648568712"}}, {"type": "Feature", "geometry": {"type": "Point", "coordinates": [25.910899, 40.941839]}, "properties": {"kind": "fountain", "osm": "n3653410512"}}, {"type": "Feature", "geometry": {"type": "Point", "coordinates": [25.860796, 40.923745]}, "properties": {"kind": "fountain", "osm": "n3653410513"}}, {"type": "Feature", "geometry": {"type": "Point", "coordinates": [25.915684, 40.933361]}, "properties": {"kind": "fountain", "osm": "n3653410514"}}, {"type": "Feature", "geometry": {"type": "Point", "coordinates": [22.996553, 40.612744]}, "properties": {"kind": "fountain", "osm": "n3659202027"}}, {"type": "Feature", "geometry": {"type": "Point", "coordinates": [28.045641, 36.105213]}, "properties": {"kind": "fountain", "osm": "n3663153512"}}, {"type": "Feature", "geometry": {"type": "Point", "coordinates": [20.913072, 37.770616]}, "properties": {"kind": "fountain", "osm": "n3663825702"}}, {"type": "Feature", "geometry": {"type": "Point", "coordinates": [23.720051, 40.576506]}, "properties": {"name": "Κρασονέρι", "name:el": "Κρασονέρι", "name:en": "Krasoneri", "kind": "fountain", "osm": "n3668948480"}}, {"type": "Feature", "geometry": {"type": "Point", "coordinates": [21.152502, 40.087347]}, "properties": {"kind": "fountain", "osm": "n3670507654"}}, {"type": "Feature", "geometry": {"type": "Point", "coordinates": [22.585457, 37.259456]}, "properties": {"kind": "fountain", "osm": "n3671628635"}}, {"type": "Feature", "geometry": {"type": "Point", "coordinates": [23.869307, 35.492954]}, "properties": {"kind": "fountain", "osm": "n3672937359"}}, {"type": "Feature", "geometry": {"type": "Point", "coordinates": [24.917015, 37.850741]}, "properties": {"kind": "fountain", "osm": "n3680983897"}}, {"type": "Feature", "geometry": {"type": "Point", "coordinates": [21.020893, 40.138961]}, "properties": {"kind": "spring", "osm": "n3685896150"}}, {"type": "Feature", "geometry": {"type": "Point", "coordinates": [21.00735, 40.143004]}, "properties": {"kind": "fountain", "osm": "n3685896197"}}, {"type": "Feature", "geometry": {"type": "Point", "coordinates": [21.008005, 40.146005]}, "properties": {"kind": "spring", "osm": "n3685896233"}}, {"type": "Feature", "geometry": {"type": "Point", "coordinates": [21.00934, 40.16942]}, "properties": {"kind": "fountain", "osm": "n3685896566"}}, {"type": "Feature", "geometry": {"type": "Point", "coordinates": [21.023621, 40.057686]}, "properties": {"name": "Μπούλμπαση", "kind": "spring", "osm": "n3685896630"}}, {"type": "Feature", "geometry": {"type": "Point", "coordinates": [21.026867, 40.082361]}, "properties": {"drinking_water": "yes", "kind": "fountain", "osm": "n3689032538"}}, {"type": "Feature", "geometry": {"type": "Point", "coordinates": [21.056533, 40.107463]}, "properties": {"name": "Βρύση Κοντούρου", "kind": "fountain", "osm": "n3689032539"}}, {"type": "Feature", "geometry": {"type": "Point", "coordinates": [21.049958, 40.107898]}, "properties": {"kind": "fountain", "osm": "n3689032540"}}, {"type": "Feature", "geometry": {"type": "Point", "coordinates": [19.923462, 39.489028]}, "properties": {"kind": "spring", "osm": "n3689877242"}}, {"type": "Feature", "geometry": {"type": "Point", "coordinates": [21.120389, 39.893658]}, "properties": {"kind": "spring", "osm": "n3691146332"}}, {"type": "Feature", "geometry": {"type": "Point", "coordinates": [26.554544, 39.105291]}, "properties": {"fee": "no", "access": "yes", "kind": "fountain", "osm": "n3696901215"}}, {"type": "Feature", "geometry": {"type": "Point", "coordinates": [26.195231, 39.296966]}, "properties": {"fee": "no", "access": "yes", "kind": "fountain", "osm": "n3696949620"}}, {"type": "Feature", "geometry": {"type": "Point", "coordinates": [25.299428, 35.284324]}, "properties": {"kind": "fountain", "osm": "n3697276885"}}, {"type": "Feature", "geometry": {"type": "Point", "coordinates": [24.728399, 40.716256]}, "properties": {"kind": "fountain", "osm": "n3700870566"}}, {"type": "Feature", "geometry": {"type": "Point", "coordinates": [21.856351, 36.985945]}, "properties": {"drinking_water": "yes", "description": "no drinking water", "kind": "point", "osm": "n3701114415"}}, {"type": "Feature", "geometry": {"type": "Point", "coordinates": [23.485811, 37.507312]}, "properties": {"kind": "fountain", "osm": "n3703641886"}}, {"type": "Feature", "geometry": {"type": "Point", "coordinates": [22.261751, 36.845798]}, "properties": {"check_date": "2022-05-07", "kind": "fountain", "osm": "n3708234827"}}, {"type": "Feature", "geometry": {"type": "Point", "coordinates": [19.869559, 39.490675]}, "properties": {"description": "ecclesiastical, Iconed well", "kind": "spring", "osm": "n3710145889"}}, {"type": "Feature", "geometry": {"type": "Point", "coordinates": [21.047877, 39.988256]}, "properties": {"drinking_water": "yes", "kind": "spring", "osm": "n3710915976"}}, {"type": "Feature", "geometry": {"type": "Point", "coordinates": [21.228109, 40.167969]}, "properties": {"name": "Σιουποτούρα", "kind": "spring", "osm": "n3716593865"}}, {"type": "Feature", "geometry": {"type": "Point", "coordinates": [22.270816, 38.817558]}, "properties": {"name": "Βρύση Καλόγερου", "kind": "fountain", "osm": "n3721583138"}}, {"type": "Feature", "geometry": {"type": "Point", "coordinates": [24.800189, 41.147519]}, "properties": {"drinking_water": "yes", "kind": "fountain", "osm": "n3724373664"}}, {"type": "Feature", "geometry": {"type": "Point", "coordinates": [24.956542, 41.15085]}, "properties": {"kind": "fountain", "osm": "n3724509839"}}, {"type": "Feature", "geometry": {"type": "Point", "coordinates": [23.037276, 36.688009]}, "properties": {"kind": "fountain", "osm": "n3724513425"}}, {"type": "Feature", "geometry": {"type": "Point", "coordinates": [22.386036, 36.708299]}, "properties": {"check_date": "2023-02-11", "kind": "fountain", "osm": "n3724513426"}}, {"type": "Feature", "geometry": {"type": "Point", "coordinates": [21.799212, 39.399737]}, "properties": {"kind": "fountain", "osm": "n3725436465"}}, {"type": "Feature", "geometry": {"type": "Point", "coordinates": [22.125052, 37.67821]}, "properties": {"drinking_water": "yes", "kind": "spring", "osm": "n3725902373"}}, {"type": "Feature", "geometry": {"type": "Point", "coordinates": [21.21929, 40.170394]}, "properties": {"name": "Μυγδάλω", "kind": "spring", "osm": "n3728367954"}}, {"type": "Feature", "geometry": {"type": "Point", "coordinates": [20.862932, 39.67059]}, "properties": {"drinking_water": "yes", "kind": "point", "osm": "n3732551052"}}, {"type": "Feature", "geometry": {"type": "Point", "coordinates": [24.424202, 41.281913]}, "properties": {"kind": "fountain", "osm": "n3732912978"}}, {"type": "Feature", "geometry": {"type": "Point", "coordinates": [24.621585, 41.291666]}, "properties": {"kind": "fountain", "osm": "n3733347449"}}, {"type": "Feature", "geometry": {"type": "Point", "coordinates": [24.6214, 41.289001]}, "properties": {"kind": "fountain", "osm": "n3733387835"}}, {"type": "Feature", "geometry": {"type": "Point", "coordinates": [24.622617, 41.291948]}, "properties": {"name": "Ερ. Βρύσης", "kind": "fountain", "osm": "n3733417628"}}, {"type": "Feature", "geometry": {"type": "Point", "coordinates": [24.622679, 41.29213]}, "properties": {"kind": "fountain", "osm": "n3733417760"}}, {"type": "Feature", "geometry": {"type": "Point", "coordinates": [25.526022, 40.475635]}, "properties": {"kind": "fountain", "osm": "n3736136226"}}, {"type": "Feature", "geometry": {"type": "Point", "coordinates": [25.468557, 35.215477]}, "properties": {"kind": "spring", "osm": "n3746075956"}}, {"type": "Feature", "geometry": {"type": "Point", "coordinates": [23.47265, 40.033238]}, "properties": {"bottle": "yes", "fee": "no", "access": "yes", "kind": "fountain", "osm": "n3754349010"}}, {"type": "Feature", "geometry": {"type": "Point", "coordinates": [23.472678, 40.033259]}, "properties": {"bottle": "yes", "fee": "no", "access": "yes", "wheelchair": "limited", "dog": "no", "covered": "no", "kind": "fountain", "osm": "n3754349011"}}, {"type": "Feature", "geometry": {"type": "Point", "coordinates": [23.924556, 35.307884]}, "properties": {"bottle": "yes", "fee": "no", "kind": "fountain", "osm": "n3754778495"}}, {"type": "Feature", "geometry": {"type": "Point", "coordinates": [21.988014, 40.882383]}, "properties": {"name": "Ούμα", "kind": "fountain", "osm": "n3760224111"}}, {"type": "Feature", "geometry": {"type": "Point", "coordinates": [21.324024, 38.818937]}, "properties": {"name": "Βρύση Μπαμπαλιού", "kind": "fountain", "osm": "n3761189227"}}, {"type": "Feature", "geometry": {"type": "Point", "coordinates": [26.984984, 36.946858]}, "properties": {"operator": "Temak", "kind": "fountain", "osm": "n3761379338"}}, {"type": "Feature", "geometry": {"type": "Point", "coordinates": [26.935809, 36.976636]}, "properties": {"operator": "temak", "kind": "fountain", "osm": "n3761397363"}}, {"type": "Feature", "geometry": {"type": "Point", "coordinates": [26.932908, 36.989161]}, "properties": {"access": "yes", "operator": "temak", "kind": "fountain", "osm": "n3761397365"}}, {"type": "Feature", "geometry": {"type": "Point", "coordinates": [26.936248, 36.997705]}, "properties": {"operator": "temak", "kind": "fountain", "osm": "n3761397377"}}, {"type": "Feature", "geometry": {"type": "Point", "coordinates": [22.99685, 40.708371]}, "properties": {"kind": "spring", "osm": "n3761444717"}}, {"type": "Feature", "geometry": {"type": "Point", "coordinates": [24.462964, 41.020723]}, "properties": {"drinking_water": "yes", "kind": "fountain", "osm": "n3771995052"}}, {"type": "Feature", "geometry": {"type": "Point", "coordinates": [24.472116, 41.033883]}, "properties": {"drinking_water": "yes", "kind": "fountain", "osm": "n3771995054"}}, {"type": "Feature", "geometry": {"type": "Point", "coordinates": [25.425225, 35.273116]}, "properties": {"drinking_water": "yes", "description": "Roadside artifical water source", "kind": "fountain", "osm": "n3781376960"}}, {"type": "Feature", "geometry": {"type": "Point", "coordinates": [23.669794, 35.36641]}, "properties": {"drinking_water": "yes", "description": "Roadside artifical water source", "kind": "fountain", "osm": "n3781376963"}}, {"type": "Feature", "geometry": {"type": "Point", "coordinates": [23.871902, 35.401387]}, "properties": {"drinking_water": "yes", "description": "Roadside artifical water source", "kind": "fountain", "osm": "n3781376964"}}, {"type": "Feature", "geometry": {"type": "Point", "coordinates": [24.473622, 35.366004]}, "properties": {"kind": "fountain", "osm": "n3784718757"}}, {"type": "Feature", "geometry": {"type": "Point", "coordinates": [24.420126, 41.048202]}, "properties": {"drinking_water": "yes", "kind": "fountain", "osm": "n3787828830"}}, {"type": "Feature", "geometry": {"type": "Point", "coordinates": [20.960714, 37.720047]}, "properties": {"drinking_water": "yes", "kind": "spring", "osm": "n3793824796"}}, {"type": "Feature", "geometry": {"type": "Point", "coordinates": [20.959573, 37.720254]}, "properties": {"kind": "spring", "osm": "n3793824805"}}, {"type": "Feature", "geometry": {"type": "Point", "coordinates": [22.519918, 38.629344]}, "properties": {"name": "Πηγές Βοιωτικού Κηφισού", "name:el": "Πηγές Βοιωτικού Κηφισού", "name:en": "Boeotian Kifisos springs", "kind": "spring", "osm": "n3799179700"}}, {"type": "Feature", "geometry": {"type": "Point", "coordinates": [22.020361, 37.172717]}, "properties": {"name": "Πηγές Πάμισου", "kind": "spring", "osm": "n3799185151"}}, {"type": "Feature", "geometry": {"type": "Point", "coordinates": [23.68572, 35.425781]}, "properties": {"kind": "spring", "osm": "n3804060647"}}, {"type": "Feature", "geometry": {"type": "Point", "coordinates": [23.685955, 35.427228]}, "properties": {"kind": "spring", "osm": "n3804663244"}}, {"type": "Feature", "geometry": {"type": "Point", "coordinates": [24.147936, 41.150641]}, "properties": {"kind": "fountain", "osm": "n3804876256"}}, {"type": "Feature", "geometry": {"type": "Point", "coordinates": [24.144579, 41.150775]}, "properties": {"kind": "fountain", "osm": "n3804899691"}}, {"type": "Feature", "geometry": {"type": "Point", "coordinates": [23.684469, 35.42574]}, "properties": {"kind": "spring", "osm": "n3804932971"}}, {"type": "Feature", "geometry": {"type": "Point", "coordinates": [24.149735, 41.150208]}, "properties": {"kind": "fountain", "osm": "n3805472085"}}, {"type": "Feature", "geometry": {"type": "Point", "coordinates": [24.14737, 41.15163]}, "properties": {"kind": "fountain", "osm": "n3805565672"}}, {"type": "Feature", "geometry": {"type": "Point", "coordinates": [24.14736, 41.151101]}, "properties": {"kind": "fountain", "osm": "n3805627894"}}, {"type": "Feature", "geometry": {"type": "Point", "coordinates": [24.148576, 41.15091]}, "properties": {"kind": "fountain", "osm": "n3805647979"}}, {"type": "Feature", "geometry": {"type": "Point", "coordinates": [24.148578, 41.149937]}, "properties": {"kind": "fountain", "osm": "n3805674705"}}, {"type": "Feature", "geometry": {"type": "Point", "coordinates": [24.148267, 41.14946]}, "properties": {"kind": "fountain", "osm": "n3805687247"}}, {"type": "Feature", "geometry": {"type": "Point", "coordinates": [24.91474, 35.164964]}, "properties": {"fee": "no", "access": "yes", "wheelchair": "no", "covered": "no", "kind": "fountain", "osm": "n3805790483"}}, {"type": "Feature", "geometry": {"type": "Point", "coordinates": [24.915008, 35.164844]}, "properties": {"fee": "no", "access": "yes", "wheelchair": "no", "covered": "no", "kind": "fountain", "osm": "n3805848961"}}, {"type": "Feature", "geometry": {"type": "Point", "coordinates": [24.248539, 40.187886]}, "properties": {"kind": "fountain", "osm": "n3808086825"}}, {"type": "Feature", "geometry": {"type": "Point", "coordinates": [22.405997, 39.634837]}, "properties": {"check_date": "2022-11-14", "kind": "fountain", "osm": "n3808674980"}}, {"type": "Feature", "geometry": {"type": "Point", "coordinates": [22.407196, 39.63453]}, "properties": {"check_date": "2022-11-14", "kind": "fountain", "osm": "n3808674981"}}, {"type": "Feature", "geometry": {"type": "Point", "coordinates": [21.803392, 37.859597]}, "properties": {"name": "Βρύση Σουλιμπού", "kind": "fountain", "osm": "n3811648176"}}, {"type": "Feature", "geometry": {"type": "Point", "coordinates": [21.787894, 38.281326]}, "properties": {"fee": "no", "access": "yes", "wheelchair": "yes", "kind": "fountain", "osm": "n3816347667"}}, {"type": "Feature", "geometry": {"type": "Point", "coordinates": [23.729608, 41.325678]}, "properties": {"drinking_water": "yes", "kind": "fountain", "osm": "n3826047066"}}, {"type": "Feature", "geometry": {"type": "Point", "coordinates": [21.220992, 40.168679]}, "properties": {"kind": "fountain", "osm": "n3826889631"}}, {"type": "Feature", "geometry": {"type": "Point", "coordinates": [21.807614, 37.86953]}, "properties": {"name": "Βρύση Κόκκινου", "kind": "fountain", "osm": "n3829839858"}}, {"type": "Feature", "geometry": {"type": "Point", "coordinates": [21.805742, 37.86081]}, "properties": {"name": "Χλιονέρι", "kind": "spring", "osm": "n3829839891"}}, {"type": "Feature", "geometry": {"type": "Point", "coordinates": [24.175128, 41.145844]}, "properties": {"kind": "fountain", "osm": "n3831443903"}}, {"type": "Feature", "geometry": {"type": "Point", "coordinates": [24.175328, 41.145084]}, "properties": {"kind": "fountain", "osm": "n3831443907"}}, {"type": "Feature", "geometry": {"type": "Point", "coordinates": [22.133721, 39.144105]}, "properties": {"kind": "fountain", "osm": "n3833140154"}}, {"type": "Feature", "geometry": {"type": "Point", "coordinates": [22.090495, 39.184022]}, "properties": {"kind": "fountain", "osm": "n3833140156"}}, {"type": "Feature", "geometry": {"type": "Point", "coordinates": [21.744155, 39.240398]}, "properties": {"kind": "fountain", "osm": "n3833192518"}}, {"type": "Feature", "geometry": {"type": "Point", "coordinates": [21.667313, 39.375473]}, "properties": {"kind": "fountain", "osm": "n3833204208"}}, {"type": "Feature", "geometry": {"type": "Point", "coordinates": [21.608906, 39.491696]}, "properties": {"kind": "fountain", "osm": "n3833231458"}}, {"type": "Feature", "geometry": {"type": "Point", "coordinates": [21.59025, 39.515589]}, "properties": {"kind": "fountain", "osm": "n3833231464"}}, {"type": "Feature", "geometry": {"type": "Point", "coordinates": [23.548518, 38.670534]}, "properties": {"kind": "fountain", "osm": "n3833834120"}}, {"type": "Feature", "geometry": {"type": "Point", "coordinates": [23.357237, 38.724467]}, "properties": {"kind": "fountain", "osm": "n3833855944"}}, {"type": "Feature", "geometry": {"type": "Point", "coordinates": [23.340582, 38.739526]}, "properties": {"kind": "fountain", "osm": "n3833855945"}}, {"type": "Feature", "geometry": {"type": "Point", "coordinates": [22.407878, 39.635362]}, "properties": {"kind": "fountain", "osm": "n3834935134"}}, {"type": "Feature", "geometry": {"type": "Point", "coordinates": [22.347845, 38.870118]}, "properties": {"kind": "fountain", "osm": "n3838217430"}}, {"type": "Feature", "geometry": {"type": "Point", "coordinates": [26.200701, 39.07294]}, "properties": {"name": "Thermal spa", "name:en": "Thermal spa", "kind": "spring", "osm": "n3838713511"}}, {"type": "Feature", "geometry": {"type": "Point", "coordinates": [22.096972, 38.972424]}, "properties": {"name": "ΙΑΜΑΤΙΚΗ ΠΗΓΗ ΠΛΑΤΥΣΤΟΜΟΥ", "kind": "spring", "osm": "n3839136301"}}, {"type": "Feature", "geometry": {"type": "Point", "coordinates": [23.705222, 38.173165]}, "properties": {"name": "Πηγή Σκίπιζα", "name:el": "Πηγή Σκίπιζα", "name:en": "Skipiza Spring", "drinking_water": "yes", "kind": "spring", "osm": "n3840917778"}}, {"type": "Feature", "geometry": {"type": "Point", "coordinates": [24.162401, 41.135606]}, "properties": {"kind": "fountain", "osm": "n3841534928"}}, {"type": "Feature", "geometry": {"type": "Point", "coordinates": [22.116116, 38.941782]}, "properties": {"kind": "fountain", "osm": "n3841767259"}}, {"type": "Feature", "geometry": {"type": "Point", "coordinates": [22.115693, 38.941474]}, "properties": {"kind": "fountain", "osm": "n3841767260"}}, {"type": "Feature", "geometry": {"type": "Point", "coordinates": [22.115891, 38.945552]}, "properties": {"kind": "fountain", "osm": "n3841767261"}}, {"type": "Feature", "geometry": {"type": "Point", "coordinates": [22.203041, 38.867342]}, "properties": {"kind": "fountain", "osm": "n3841835213"}}, {"type": "Feature", "geometry": {"type": "Point", "coordinates": [22.412492, 39.633756]}, "properties": {"kind": "fountain", "osm": "n3853345003"}}, {"type": "Feature", "geometry": {"type": "Point", "coordinates": [23.675251, 38.002465]}, "properties": {"kind": "fountain", "osm": "n3864803530"}}, {"type": "Feature", "geometry": {"type": "Point", "coordinates": [26.338073, 39.317262]}, "properties": {"check_date": "2023-05-03", "kind": "fountain", "osm": "n3864807012"}}, {"type": "Feature", "geometry": {"type": "Point", "coordinates": [26.553733, 39.100794]}, "properties": {"kind": "fountain", "osm": "n3864808877"}}, {"type": "Feature", "geometry": {"type": "Point", "coordinates": [26.55227, 39.097437]}, "properties": {"kind": "fountain", "osm": "n3864810793"}}, {"type": "Feature", "geometry": {"type": "Point", "coordinates": [26.553842, 39.100802]}, "properties": {"kind": "fountain", "osm": "n3864811177"}}, {"type": "Feature", "geometry": {"type": "Point", "coordinates": [26.530278, 39.045745]}, "properties": {"kind": "fountain", "osm": "n3864812185"}}, {"type": "Feature", "geometry": {"type": "Point", "coordinates": [26.549191, 39.107417]}, "properties": {"kind": "fountain", "osm": "n3864812191"}}, {"type": "Feature", "geometry": {"type": "Point", "coordinates": [26.531258, 39.045711]}, "properties": {"kind": "fountain", "osm": "n3864812261"}}, {"type": "Feature", "geometry": {"type": "Point", "coordinates": [23.587911, 41.266515]}, "properties": {"name": "Νερό", "kind": "fountain", "osm": "n3878091260"}}, {"type": "Feature", "geometry": {"type": "Point", "coordinates": [23.597619, 41.270921]}, "properties": {"kind": "fountain", "osm": "n3878091263"}}, {"type": "Feature", "geometry": {"type": "Point", "coordinates": [23.599265, 41.27125]}, "properties": {"kind": "fountain", "osm": "n3878091265"}}, {"type": "Feature", "geometry": {"type": "Point", "coordinates": [23.597653, 41.272831]}, "properties": {"name": "Νερό", "kind": "fountain", "osm": "n3878091266"}}, {"type": "Feature", "geometry": {"type": "Point", "coordinates": [23.586753, 41.253089]}, "properties": {"kind": "fountain", "osm": "n3878127833"}}, {"type": "Feature", "geometry": {"type": "Point", "coordinates": [23.861987, 40.398604]}, "properties": {"kind": "fountain", "osm": "n3900535729"}}, {"type": "Feature", "geometry": {"type": "Point", "coordinates": [22.899443, 41.105381]}, "properties": {"kind": "fountain", "osm": "n3908321402"}}, {"type": "Feature", "geometry": {"type": "Point", "coordinates": [23.796399, 38.157377]}, "properties": {"kind": "fountain", "osm": "n3931278872"}}, {"type": "Feature", "geometry": {"type": "Point", "coordinates": [24.150979, 41.151524]}, "properties": {"kind": "fountain", "osm": "n3946486511"}}, {"type": "Feature", "geometry": {"type": "Point", "coordinates": [22.410791, 39.642348]}, "properties": {"kind": "fountain", "osm": "n3989446835"}}, {"type": "Feature", "geometry": {"type": "Point", "coordinates": [22.405541, 39.636517]}, "properties": {"kind": "fountain", "osm": "n3989580770"}}, {"type": "Feature", "geometry": {"type": "Point", "coordinates": [22.410416, 39.637749]}, "properties": {"kind": "fountain", "osm": "n3992527792"}}, {"type": "Feature", "geometry": {"type": "Point", "coordinates": [23.241418, 38.471702]}, "properties": {"name": "Paliovrisi", "name:el": "Παλιόβρυση", "name:en": "Paliovrisi", "kind": "spring", "osm": "n3994066103"}}, {"type": "Feature", "geometry": {"type": "Point", "coordinates": [23.250564, 38.471239]}, "properties": {"kind": "spring", "osm": "n3994085762"}}, {"type": "Feature", "geometry": {"type": "Point", "coordinates": [23.216057, 40.489883]}, "properties": {"drinking_water": "seasonal", "kind": "fountain", "osm": "n4002925654"}}, {"type": "Feature", "geometry": {"type": "Point", "coordinates": [23.258027, 40.50761]}, "properties": {"drinking_water": "yes", "kind": "fountain", "osm": "n4005714418"}}, {"type": "Feature", "geometry": {"type": "Point", "coordinates": [23.712336, 37.974528]}, "properties": {"kind": "fountain", "osm": "n4029086971"}}, {"type": "Feature", "geometry": {"type": "Point", "coordinates": [21.834397, 37.661261]}, "properties": {"name": "Μπερτσιά", "name:el": "Μπερτσιά", "name:en": "Bertsia", "kind": "spring", "osm": "n4034258344"}}, {"type": "Feature", "geometry": {"type": "Point", "coordinates": [26.013299, 38.558616]}, "properties": {"kind": "spring", "osm": "n4055037243"}}, {"type": "Feature", "geometry": {"type": "Point", "coordinates": [25.567854, 35.120658]}, "properties": {"name": "Κοτσιφονερό", "description": "Πηγή νερού", "kind": "spring", "osm": "n4073666137"}}, {"type": "Feature", "geometry": {"type": "Point", "coordinates": [20.678704, 39.958613]}, "properties": {"kind": "spring", "osm": "n4083034710"}}, {"type": "Feature", "geometry": {"type": "Point", "coordinates": [22.760552, 41.177777]}, "properties": {"kind": "fountain", "osm": "n4139204493"}}, {"type": "Feature", "geometry": {"type": "Point", "coordinates": [24.050108, 35.215536]}, "properties": {"kind": "spring", "osm": "n4165351419"}}, {"type": "Feature", "geometry": {"type": "Point", "coordinates": [21.617234, 39.405116]}, "properties": {"kind": "spring", "osm": "n4166055730"}}, {"type": "Feature", "geometry": {"type": "Point", "coordinates": [24.506984, 37.152432]}, "properties": {"description": "the church of Stavros where there is an ancient fountain", "kind": "fountain", "osm": "n4168156538"}}, {"type": "Feature", "geometry": {"type": "Point", "coordinates": [24.508674, 37.148637]}, "properties": {"kind": "fountain", "osm": "n4168156539"}}, {"type": "Feature", "geometry": {"type": "Point", "coordinates": [21.012045, 40.030684]}, "properties": {"kind": "fountain", "osm": "n4173022947"}}, {"type": "Feature", "geometry": {"type": "Point", "coordinates": [21.040776, 40.048107]}, "properties": {"name": "Βρύση Κουτσομύτη", "kind": "fountain", "osm": "n4173027099"}}, {"type": "Feature", "geometry": {"type": "Point", "coordinates": [24.509906, 38.024946]}, "properties": {"name": "Πετρόβρυση", "kind": "fountain", "osm": "n4174229950"}}, {"type": "Feature", "geometry": {"type": "Point", "coordinates": [27.04982, 36.808943]}, "properties": {"name": "Quelle", "kind": "spring", "osm": "n4177613048"}}, {"type": "Feature", "geometry": {"type": "Point", "coordinates": [23.787571, 41.351796]}, "properties": {"drinking_water": "yes", "kind": "fountain", "osm": "n4188731070"}}, {"type": "Feature", "geometry": {"type": "Point", "coordinates": [24.063103, 41.310551]}, "properties": {"drinking_water": "yes", "kind": "fountain", "osm": "n4188850241"}}, {"type": "Feature", "geometry": {"type": "Point", "coordinates": [24.119501, 35.265195]}, "properties": {"name": "Σκαφιδιά", "name:el": "Σκαφιδιά", "name:en": "Scarfidia", "kind": "fountain", "osm": "n4208724781"}}, {"type": "Feature", "geometry": {"type": "Point", "coordinates": [24.115263, 35.243271]}, "properties": {"name": "Kallergi cave", "kind": "fountain", "osm": "n4208761856"}}, {"type": "Feature", "geometry": {"type": "Point", "coordinates": [22.958065, 40.69436]}, "properties": {"kind": "spring", "osm": "n4208824193"}}, {"type": "Feature", "geometry": {"type": "Point", "coordinates": [24.000591, 35.251779]}, "properties": {"kind": "fountain", "osm": "n4208997289"}}, {"type": "Feature", "geometry": {"type": "Point", "coordinates": [24.953127, 34.961081]}, "properties": {"drinking_water": "yes", "kind": "point", "osm": "n4222647178"}}, {"type": "Feature", "geometry": {"type": "Point", "coordinates": [23.53369, 40.464077]}, "properties": {"kind": "fountain", "osm": "n4227152088"}}, {"type": "Feature", "geometry": {"type": "Point", "coordinates": [23.56422, 40.469559]}, "properties": {"name": "Νερό", "kind": "fountain", "osm": "n4227152219"}}, {"type": "Feature", "geometry": {"type": "Point", "coordinates": [22.968739, 40.601284]}, "properties": {"kind": "fountain", "osm": "n4229220108"}}, {"type": "Feature", "geometry": {"type": "Point", "coordinates": [23.750296, 35.27306]}, "properties": {"kind": "spring", "osm": "n4232073951"}}, {"type": "Feature", "geometry": {"type": "Point", "coordinates": [22.952559, 40.621993]}, "properties": {"kind": "fountain", "osm": "n4232898887"}}, {"type": "Feature", "geometry": {"type": "Point", "coordinates": [22.418397, 39.641536]}, "properties": {"kind": "fountain", "osm": "n4235539336"}}, {"type": "Feature", "geometry": {"type": "Point", "coordinates": [22.962282, 40.63107]}, "properties": {"kind": "fountain", "osm": "n4239819908"}}, {"type": "Feature", "geometry": {"type": "Point", "coordinates": [22.95033, 40.627244]}, "properties": {"kind": "fountain", "osm": "n4240102227"}}, {"type": "Feature", "geometry": {"type": "Point", "coordinates": [22.802994, 37.558809]}, "properties": {"fee": "no", "kind": "fountain", "osm": "n4244701499"}}, {"type": "Feature", "geometry": {"type": "Point", "coordinates": [23.723804, 37.975509]}, "properties": {"check_date": "2025-09-20", "kind": "fountain", "osm": "n4248840793"}}, {"type": "Feature", "geometry": {"type": "Point", "coordinates": [21.148293, 39.507388]}, "properties": {"name": "Βρύσες πλατείας Μελισσουργών", "kind": "fountain", "osm": "n4256145491"}}, {"type": "Feature", "geometry": {"type": "Point", "coordinates": [23.696525, 37.934382]}, "properties": {"bottle": "yes", "kind": "fountain", "osm": "n4261925281"}}, {"type": "Feature", "geometry": {"type": "Point", "coordinates": [22.950461, 40.605589]}, "properties": {"check_date": "2023-11-07", "kind": "fountain", "osm": "n4263228039"}}, {"type": "Feature", "geometry": {"type": "Point", "coordinates": [24.385721, 40.924423]}, "properties": {"kind": "fountain", "osm": "n4265679239"}}, {"type": "Feature", "geometry": {"type": "Point", "coordinates": [23.763633, 38.394725]}, "properties": {"kind": "fountain", "osm": "n4284109122"}}, {"type": "Feature", "geometry": {"type": "Point", "coordinates": [23.952047, 38.645155]}, "properties": {"name": "ΒΡΥΣΗ ΠΑΓΑΝΙΑ", "kind": "fountain", "osm": "n4286676390"}}, {"type": "Feature", "geometry": {"type": "Point", "coordinates": [23.594473, 37.980563]}, "properties": {"kind": "fountain", "osm": "n4290925494"}}, {"type": "Feature", "geometry": {"type": "Point", "coordinates": [23.426133, 38.87737]}, "properties": {"name": "Κάναλος", "name:el": "Κάναλος", "name:en": "Kanalos", "drinking_water": "yes", "kind": "spring", "osm": "n4293407934"}}, {"type": "Feature", "geometry": {"type": "Point", "coordinates": [21.226159, 40.161911]}, "properties": {"name": "Αλεξόπ'", "kind": "spring", "osm": "n4296047236"}}, {"type": "Feature", "geometry": {"type": "Point", "coordinates": [23.71971, 35.251855]}, "properties": {"kind": "spring", "osm": "n4298818291"}}, {"type": "Feature", "geometry": {"type": "Point", "coordinates": [19.740572, 39.68959]}, "properties": {"kind": "fountain", "osm": "n4306467751"}}, {"type": "Feature", "geometry": {"type": "Point", "coordinates": [22.934227, 40.682861]}, "properties": {"kind": "fountain", "osm": "n4310014665"}}, {"type": "Feature", "geometry": {"type": "Point", "coordinates": [22.933451, 40.681262]}, "properties": {"kind": "fountain", "osm": "n4310014666"}}, {"type": "Feature", "geometry": {"type": "Point", "coordinates": [23.858407, 38.063931]}, "properties": {"name": "Πηγή Αγίου Σύλλα", "bottle": "yes", "fee": "no", "access": "yes", "seasonal": "no", "operator": "Οικοδομικός Συνεταιρισμός Νέας Πεντέλης", "wheelchair": "yes", "covered": "no", "kind": "fountain", "osm": "n4310912902"}}, {"type": "Feature", "geometry": {"type": "Point", "coordinates": [23.869088, 38.043319]}, "properties": {"kind": "fountain", "osm": "n4314147133"}}, {"type": "Feature", "geometry": {"type": "Point", "coordinates": [19.768999, 39.740275]}, "properties": {"name": "Kiprianades", "drinking_water": "yes", "kind": "spring", "osm": "n4315750690"}}, {"type": "Feature", "geometry": {"type": "Point", "coordinates": [22.627978, 39.990377]}, "properties": {"name": "Βρύση Γεωργίου Καλαθά", "kind": "fountain", "osm": "n4319184642"}}, {"type": "Feature", "geometry": {"type": "Point", "coordinates": [22.626664, 39.990853]}, "properties": {"kind": "fountain", "osm": "n4319184643"}}, {"type": "Feature", "geometry": {"type": "Point", "coordinates": [22.62317, 39.992891]}, "properties": {"kind": "fountain", "osm": "n4319187413"}}, {"type": "Feature", "geometry": {"type": "Point", "coordinates": [22.617957, 39.995311]}, "properties": {"name": "Βρύση Αθανασίου Μπουντόλα", "kind": "fountain", "osm": "n4319187414"}}, {"type": "Feature", "geometry": {"type": "Point", "coordinates": [23.696337, 37.952121]}, "properties": {"kind": "fountain", "osm": "n4320798197"}}, {"type": "Feature", "geometry": {"type": "Point", "coordinates": [23.779571, 38.239391]}, "properties": {"kind": "fountain", "osm": "n4323739307"}}, {"type": "Feature", "geometry": {"type": "Point", "coordinates": [20.490594, 38.124814]}, "properties": {"name": "Eglina beach", "kind": "spring", "osm": "n4330464390"}}, {"type": "Feature", "geometry": {"type": "Point", "coordinates": [21.204161, 40.163148]}, "properties": {"name": "Κρυονέρι", "kind": "spring", "osm": "n4330541647"}}, {"type": "Feature", "geometry": {"type": "Point", "coordinates": [21.081821, 40.156176]}, "properties": {"drinking_water": "yes", "kind": "fountain", "osm": "n4335793578"}}, {"type": "Feature", "geometry": {"type": "Point", "coordinates": [21.103859, 40.184075]}, "properties": {"drinking_water": "yes", "kind": "spring", "osm": "n4335798025"}}, {"type": "Feature", "geometry": {"type": "Point", "coordinates": [21.218631, 40.17122]}, "properties": {"kind": "fountain", "osm": "n4341135474"}}, {"type": "Feature", "geometry": {"type": "Point", "coordinates": [21.160779, 40.106388]}, "properties": {"kind": "spring", "osm": "n4341141305"}}, {"type": "Feature", "geometry": {"type": "Point", "coordinates": [25.52959, 40.504202]}, "properties": {"kind": "fountain", "osm": "n4341516787"}}, {"type": "Feature", "geometry": {"type": "Point", "coordinates": [23.340817, 38.312821]}, "properties": {"kind": "fountain", "osm": "n4342394589"}}, {"type": "Feature", "geometry": {"type": "Point", "coordinates": [25.646837, 35.157093]}, "properties": {"check_date": "2023-09-27", "kind": "fountain", "osm": "n4345954458"}}, {"type": "Feature", "geometry": {"type": "Point", "coordinates": [21.146238, 40.165532]}, "properties": {"kind": "fountain", "osm": "n4348765821"}}, {"type": "Feature", "geometry": {"type": "Point", "coordinates": [21.138202, 40.18567]}, "properties": {"kind": "fountain", "osm": "n4348766061"}}, {"type": "Feature", "geometry": {"type": "Point", "coordinates": [23.743699, 38.041257]}, "properties": {"kind": "fountain", "osm": "n4350323237"}}, {"type": "Feature", "geometry": {"type": "Point", "coordinates": [23.741208, 38.039657]}, "properties": {"kind": "fountain", "osm": "n4350323241"}}, {"type": "Feature", "geometry": {"type": "Point", "coordinates": [20.707001, 39.95021]}, "properties": {"kind": "fountain", "osm": "n4352626591"}}, {"type": "Feature", "geometry": {"type": "Point", "coordinates": [20.889709, 40.069533]}, "properties": {"kind": "fountain", "osm": "n4352846235"}}, {"type": "Feature", "geometry": {"type": "Point", "coordinates": [20.892034, 40.070768]}, "properties": {"kind": "fountain", "osm": "n4352849406"}}, {"type": "Feature", "geometry": {"type": "Point", "coordinates": [20.767805, 40.050207]}, "properties": {"kind": "fountain", "osm": "n4353163722"}}, {"type": "Feature", "geometry": {"type": "Point", "coordinates": [22.943659, 40.634174]}, "properties": {"wheelchair": "yes", "kind": "fountain", "osm": "n4354027695"}}, {"type": "Feature", "geometry": {"type": "Point", "coordinates": [20.694471, 39.900978]}, "properties": {"kind": "fountain", "osm": "n4354333360"}}, {"type": "Feature", "geometry": {"type": "Point", "coordinates": [20.691988, 39.902476]}, "properties": {"kind": "fountain", "osm": "n4354333560"}}, {"type": "Feature", "geometry": {"type": "Point", "coordinates": [20.785235, 40.017831]}, "properties": {"kind": "fountain", "osm": "n4354435082"}}, {"type": "Feature", "geometry": {"type": "Point", "coordinates": [20.778535, 39.985926]}, "properties": {"kind": "spring", "osm": "n4355063721"}}, {"type": "Feature", "geometry": {"type": "Point", "coordinates": [20.858017, 39.670236]}, "properties": {"wheelchair": "no", "kind": "fountain", "osm": "n4355496189"}}, {"type": "Feature", "geometry": {"type": "Point", "coordinates": [20.848555, 39.670099]}, "properties": {"kind": "fountain", "osm": "n4355496389"}}, {"type": "Feature", "geometry": {"type": "Point", "coordinates": [21.740344, 38.253263]}, "properties": {"kind": "fountain", "osm": "n4357175344"}}, {"type": "Feature", "geometry": {"type": "Point", "coordinates": [21.741635, 38.245266]}, "properties": {"check_date": "2025-06-22", "kind": "fountain", "osm": "n4357417291"}}, {"type": "Feature", "geometry": {"type": "Point", "coordinates": [22.554797, 41.104082]}, "properties": {"kind": "fountain", "osm": "n4358045134"}}, {"type": "Feature", "geometry": {"type": "Point", "coordinates": [22.412424, 39.642819]}, "properties": {"kind": "fountain", "osm": "n4358626356"}}, {"type": "Feature", "geometry": {"type": "Point", "coordinates": [22.412668, 39.642248]}, "properties": {"kind": "fountain", "osm": "n4358626357"}}, {"type": "Feature", "geometry": {"type": "Point", "coordinates": [20.909637, 40.039976]}, "properties": {"kind": "fountain", "osm": "n4358776639"}}, {"type": "Feature", "geometry": {"type": "Point", "coordinates": [20.729592, 39.968454]}, "properties": {"kind": "fountain", "osm": "n4358970127"}}, {"type": "Feature", "geometry": {"type": "Point", "coordinates": [20.794267, 40.012]}, "properties": {"kind": "fountain", "osm": "n4358978253"}}, {"type": "Feature", "geometry": {"type": "Point", "coordinates": [23.633468, 37.927847]}, "properties": {"bottle": "yes", "kind": "fountain", "osm": "n4359183448"}}, {"type": "Feature", "geometry": {"type": "Point", "coordinates": [21.719498, 37.403976]}, "properties": {"kind": "fountain", "osm": "n4359216893"}}, {"type": "Feature", "geometry": {"type": "Point", "coordinates": [21.824304, 37.382828]}, "properties": {"kind": "fountain", "osm": "n4361572789"}}, {"type": "Feature", "geometry": {"type": "Point", "coordinates": [21.82434, 37.382618]}, "properties": {"kind": "fountain", "osm": "n4361573789"}}, {"type": "Feature", "geometry": {"type": "Point", "coordinates": [22.508925, 40.26454]}, "properties": {"kind": "tap", "osm": "n4361999748"}}, {"type": "Feature", "geometry": {"type": "Point", "coordinates": [24.699012, 40.705852]}, "properties": {"kind": "spring", "osm": "n4363565321"}}, {"type": "Feature", "geometry": {"type": "Point", "coordinates": [24.65984, 40.698631]}, "properties": {"kind": "spring", "osm": "n4363565322"}}, {"type": "Feature", "geometry": {"type": "Point", "coordinates": [25.134028, 35.342224]}, "properties": {"kind": "fountain", "osm": "n4363729838"}}, {"type": "Feature", "geometry": {"type": "Point", "coordinates": [23.660302, 37.956568]}, "properties": {"kind": "fountain", "osm": "n4365166521"}}, {"type": "Feature", "geometry": {"type": "Point", "coordinates": [24.097235, 38.651438]}, "properties": {"name": "Χωνευτικό", "name:el": "Χωνευτικό", "kind": "spring", "osm": "n4368249553"}}, {"type": "Feature", "geometry": {"type": "Point", "coordinates": [23.431994, 39.164293]}, "properties": {"kind": "fountain", "osm": "n4371590813"}}, {"type": "Feature", "geometry": {"type": "Point", "coordinates": [23.48516, 39.168275]}, "properties": {"kind": "spring", "osm": "n4371591048"}}, {"type": "Feature", "geometry": {"type": "Point", "coordinates": [21.21307, 40.166176]}, "properties": {"name": "Πλάτανος", "kind": "spring", "osm": "n4374200817"}}, {"type": "Feature", "geometry": {"type": "Point", "coordinates": [21.137208, 40.127183]}, "properties": {"kind": "spring", "osm": "n4375389452"}}, {"type": "Feature", "geometry": {"type": "Point", "coordinates": [21.138556, 40.127785]}, "properties": {"kind": "spring", "osm": "n4375389453"}}, {"type": "Feature", "geometry": {"type": "Point", "coordinates": [20.733599, 40.150686]}, "properties": {"kind": "spring", "osm": "n4375418058"}}, {"type": "Feature", "geometry": {"type": "Point", "coordinates": [22.860254, 37.165077]}, "properties": {"check_date": "2025-01-04", "kind": "fountain", "osm": "n4378864184"}}, {"type": "Feature", "geometry": {"type": "Point", "coordinates": [21.688268, 37.367944]}, "properties": {"description": "standard plug", "kind": "fountain", "osm": "n4380352318"}}, {"type": "Feature", "geometry": {"type": "Point", "coordinates": [21.686682, 37.370154]}, "properties": {"description": "standard plug", "kind": "fountain", "osm": "n4380352319"}}, {"type": "Feature", "geometry": {"type": "Point", "coordinates": [21.684362, 37.372047]}, "properties": {"description": "shower", "kind": "fountain", "osm": "n4380352320"}}, {"type": "Feature", "geometry": {"type": "Point", "coordinates": [22.858683, 36.809455]}, "properties": {"description": "standard plug", "kind": "fountain", "osm": "n4380608119"}}, {"type": "Feature", "geometry": {"type": "Point", "coordinates": [21.111137, 37.861725]}, "properties": {"drinking_water": "yes", "kind": "spring", "osm": "n4380678690"}}, {"type": "Feature", "geometry": {"type": "Point", "coordinates": [23.746794, 38.021674]}, "properties": {"check_date": "2024-04-20", "kind": "fountain", "osm": "n4381937209"}}, {"type": "Feature", "geometry": {"type": "Point", "coordinates": [22.522338, 37.770004]}, "properties": {"name": "πηγή φαρμακά", "name:el": "πηγή φαρμακά", "kind": "fountain", "osm": "n4383719401"}}, {"type": "Feature", "geometry": {"type": "Point", "coordinates": [23.761757, 37.964493]}, "properties": {"kind": "fountain", "osm": "n4384274711"}}, {"type": "Feature", "geometry": {"type": "Point", "coordinates": [23.761477, 37.965172]}, "properties": {"bottle": "yes", "kind": "fountain", "osm": "n4384274770"}}, {"type": "Feature", "geometry": {"type": "Point", "coordinates": [23.762382, 37.964802]}, "properties": {"kind": "fountain", "osm": "n4384274778"}}, {"type": "Feature", "geometry": {"type": "Point", "coordinates": [23.76282, 37.96501]}, "properties": {"kind": "fountain", "osm": "n4384274783"}}, {"type": "Feature", "geometry": {"type": "Point", "coordinates": [23.76231, 37.96481]}, "properties": {"kind": "fountain", "osm": "n4384275789"}}, {"type": "Feature", "geometry": {"type": "Point", "coordinates": [23.753421, 37.97112]}, "properties": {"check_date": "2025-01-29", "kind": "fountain", "osm": "n4384285361"}}, {"type": "Feature", "geometry": {"type": "Point", "coordinates": [23.770573, 37.988652]}, "properties": {"kind": "fountain", "osm": "n4384289184"}}, {"type": "Feature", "geometry": {"type": "Point", "coordinates": [23.769925, 37.989375]}, "properties": {"bottle": "yes", "kind": "fountain", "osm": "n4384294355"}}, {"type": "Feature", "geometry": {"type": "Point", "coordinates": [23.759567, 37.975223]}, "properties": {"kind": "fountain", "osm": "n4384301599"}}, {"type": "Feature", "geometry": {"type": "Point", "coordinates": [20.811312, 40.211904]}, "properties": {"kind": "fountain", "osm": "n4384951466"}}, {"type": "Feature", "geometry": {"type": "Point", "coordinates": [20.810675, 40.212223]}, "properties": {"kind": "spring", "osm": "n4384951467"}}, {"type": "Feature", "geometry": {"type": "Point", "coordinates": [20.810284, 40.212615]}, "properties": {"kind": "spring", "osm": "n4384951468"}}, {"type": "Feature", "geometry": {"type": "Point", "coordinates": [20.809385, 40.212921]}, "properties": {"kind": "spring", "osm": "n4384951469"}}, {"type": "Feature", "geometry": {"type": "Point", "coordinates": [21.023067, 40.222369]}, "properties": {"kind": "spring", "osm": "n4384954401"}}, {"type": "Feature", "geometry": {"type": "Point", "coordinates": [22.388914, 36.689224]}, "properties": {"description": "standard plug", "kind": "fountain", "osm": "n4385030995"}}, {"type": "Feature", "geometry": {"type": "Point", "coordinates": [22.82059, 36.704419]}, "properties": {"description": "standard plug", "kind": "fountain", "osm": "n4385062117"}}, {"type": "Feature", "geometry": {"type": "Point", "coordinates": [23.131712, 37.710549]}, "properties": {"kind": "fountain", "osm": "n4385074455"}}, {"type": "Feature", "geometry": {"type": "Point", "coordinates": [23.18109, 41.302543]}, "properties": {"kind": "fountain", "osm": "n4385134982"}}, {"type": "Feature", "geometry": {"type": "Point", "coordinates": [23.170542, 41.317836]}, "properties": {"name": "Πηγή", "drinking_water": "yes", "kind": "spring", "osm": "n4385134983"}}, {"type": "Feature", "geometry": {"type": "Point", "coordinates": [21.889382, 38.324528]}, "properties": {"kind": "fountain", "osm": "n4385148204"}}, {"type": "Feature", "geometry": {"type": "Point", "coordinates": [21.918324, 37.17879]}, "properties": {"check_date": "2023-04-12", "description": "standard plug", "kind": "fountain", "osm": "n4385177953"}}, {"type": "Feature", "geometry": {"type": "Point", "coordinates": [21.917998, 37.178387]}, "properties": {"check_date": "2023-04-12", "kind": "fountain", "osm": "n4385178044"}}, {"type": "Feature", "geometry": {"type": "Point", "coordinates": [24.712772, 40.774233]}, "properties": {"check_date": "2023-07-20", "kind": "fountain", "osm": "n4392220993"}}, {"type": "Feature", "geometry": {"type": "Point", "coordinates": [24.709168, 40.778947]}, "properties": {"kind": "fountain", "osm": "n4392222791"}}, {"type": "Feature", "geometry": {"type": "Point", "coordinates": [23.249542, 40.249421]}, "properties": {"kind": "tap", "osm": "n4394697366"}}, {"type": "Feature", "geometry": {"type": "Point", "coordinates": [24.615101, 40.782225]}, "properties": {"kind": "fountain", "osm": "n4397762198"}}, {"type": "Feature", "geometry": {"type": "Point", "coordinates": [20.711182, 39.971571]}, "properties": {"kind": "spring", "osm": "n4399129785"}}, {"type": "Feature", "geometry": {"type": "Point", "coordinates": [22.653828, 39.976547]}, "properties": {"kind": "fountain", "osm": "n4400374575"}}, {"type": "Feature", "geometry": {"type": "Point", "coordinates": [24.561417, 40.758704]}, "properties": {"kind": "fountain", "osm": "n4401009001"}}, {"type": "Feature", "geometry": {"type": "Point", "coordinates": [24.562255, 40.760631]}, "properties": {"kind": "fountain", "osm": "n4401038490"}}, {"type": "Feature", "geometry": {"type": "Point", "coordinates": [22.412785, 39.643911]}, "properties": {"kind": "fountain", "osm": "n4402149982"}}, {"type": "Feature", "geometry": {"type": "Point", "coordinates": [20.908614, 40.1357]}, "properties": {"kind": "spring", "osm": "n4404098503"}}, {"type": "Feature", "geometry": {"type": "Point", "coordinates": [20.901449, 40.118171]}, "properties": {"kind": "spring", "osm": "n4404098504"}}, {"type": "Feature", "geometry": {"type": "Point", "coordinates": [20.911125, 40.095938]}, "properties": {"kind": "spring", "osm": "n4404098505"}}, {"type": "Feature", "geometry": {"type": "Point", "coordinates": [20.916894, 40.090194]}, "properties": {"kind": "spring", "osm": "n4404098506"}}, {"type": "Feature", "geometry": {"type": "Point", "coordinates": [25.984491, 35.196017]}, "properties": {"fee": "no", "kind": "fountain", "osm": "n4404217624"}}, {"type": "Feature", "geometry": {"type": "Point", "coordinates": [22.386908, 39.612116]}, "properties": {"drinking_water": "yes", "kind": "fountain", "osm": "n4404597730"}}, {"type": "Feature", "geometry": {"type": "Point", "coordinates": [24.343467, 40.145478]}, "properties": {"kind": "spring", "osm": "n4404851089"}}, {"type": "Feature", "geometry": {"type": "Point", "coordinates": [22.411438, 39.641476]}, "properties": {"kind": "fountain", "osm": "n4407715329"}}, {"type": "Feature", "geometry": {"type": "Point", "coordinates": [21.276203, 40.521916]}, "properties": {"kind": "fountain", "osm": "n4409773891"}}, {"type": "Feature", "geometry": {"type": "Point", "coordinates": [22.41613, 39.637812]}, "properties": {"kind": "fountain", "osm": "n4411671561"}}, {"type": "Feature", "geometry": {"type": "Point", "coordinates": [26.028231, 38.185104]}, "properties": {"drinking_water": "yes", "kind": "tap", "osm": "n4412682068"}}, {"type": "Feature", "geometry": {"type": "Point", "coordinates": [23.692304, 35.237467]}, "properties": {"check_date": "2025-04-23", "kind": "fountain", "osm": "n4415512910"}}, {"type": "Feature", "geometry": {"type": "Point", "coordinates": [22.506113, 40.268108]}, "properties": {"kind": "tap", "osm": "n4416319459"}}, {"type": "Feature", "geometry": {"type": "Point", "coordinates": [22.804334, 37.561688]}, "properties": {"kind": "fountain", "osm": "n4420530889"}}, {"type": "Feature", "geometry": {"type": "Point", "coordinates": [22.497782, 40.271208]}, "properties": {"kind": "tap", "osm": "n4421211142"}}, {"type": "Feature", "geometry": {"type": "Point", "coordinates": [20.958438, 40.094459]}, "properties": {"kind": "spring", "osm": "n4423431263"}}, {"type": "Feature", "geometry": {"type": "Point", "coordinates": [23.946003, 37.935208]}, "properties": {"kind": "fountain", "osm": "n4425586471"}}, {"type": "Feature", "geometry": {"type": "Point", "coordinates": [23.945908, 37.935276]}, "properties": {"kind": "fountain", "osm": "n4425586473"}}, {"type": "Feature", "geometry": {"type": "Point", "coordinates": [23.948016, 37.937486]}, "properties": {"kind": "fountain", "osm": "n4425586478"}}, {"type": "Feature", "geometry": {"type": "Point", "coordinates": [23.734082, 37.970055]}, "properties": {"bottle": "yes", "fee": "no", "check_date": "2024-05-26", "covered": "no", "kind": "fountain", "osm": "n4426095193"}}, {"type": "Feature", "geometry": {"type": "Point", "coordinates": [25.38926, 36.400786]}, "properties": {"kind": "spring", "osm": "n4426405991"}}, {"type": "Feature", "geometry": {"type": "Point", "coordinates": [22.304589, 39.506708]}, "properties": {"kind": "fountain", "osm": "n4426758989"}}, {"type": "Feature", "geometry": {"type": "Point", "coordinates": [22.623888, 39.992263]}, "properties": {"kind": "fountain", "osm": "n4428508722"}}, {"type": "Feature", "geometry": {"type": "Point", "coordinates": [25.773391, 40.856392]}, "properties": {"kind": "fountain", "osm": "n4429002548"}}, {"type": "Feature", "geometry": {"type": "Point", "coordinates": [22.918494, 40.910647]}, "properties": {"kind": "fountain", "osm": "n4429057630"}}, {"type": "Feature", "geometry": {"type": "Point", "coordinates": [22.893512, 40.941184]}, "properties": {"kind": "fountain", "osm": "n4429058022"}}, {"type": "Feature", "geometry": {"type": "Point", "coordinates": [22.724433, 41.095003]}, "properties": {"kind": "fountain", "osm": "n4429058142"}}, {"type": "Feature", "geometry": {"type": "Point", "coordinates": [23.736098, 37.972149]}, "properties": {"check_date": "2023-07-03", "kind": "fountain", "osm": "n4433208693"}}, {"type": "Feature", "geometry": {"type": "Point", "coordinates": [22.517564, 40.281062]}, "properties": {"kind": "tap", "osm": "n4435985615"}}, {"type": "Feature", "geometry": {"type": "Point", "coordinates": [22.292478, 39.56642]}, "properties": {"kind": "fountain", "osm": "n4440335408"}}, {"type": "Feature", "geometry": {"type": "Point", "coordinates": [22.619846, 39.994602]}, "properties": {"check_date": "2025-01-06", "kind": "fountain", "osm": "n4440861298"}}, {"type": "Feature", "geometry": {"type": "Point", "coordinates": [22.621152, 39.993937]}, "properties": {"kind": "fountain", "osm": "n4440864396"}}, {"type": "Feature", "geometry": {"type": "Point", "coordinates": [22.408672, 39.636558]}, "properties": {"kind": "fountain", "osm": "n4441699431"}}, {"type": "Feature", "geometry": {"type": "Point", "coordinates": [23.798988, 38.391991]}, "properties": {"kind": "fountain", "osm": "n4441790683"}}, {"type": "Feature", "geometry": {"type": "Point", "coordinates": [20.56952, 40.063827]}, "properties": {"kind": "spring", "osm": "n4450917902"}}, {"type": "Feature", "geometry": {"type": "Point", "coordinates": [22.494393, 40.27652]}, "properties": {"kind": "tap", "osm": "n4457600725"}}, {"type": "Feature", "geometry": {"type": "Point", "coordinates": [22.175142, 38.089791]}, "properties": {"kind": "fountain", "osm": "n4459343527"}}, {"type": "Feature", "geometry": {"type": "Point", "coordinates": [23.748657, 38.031902]}, "properties": {"kind": "fountain", "osm": "n4461054339"}}, {"type": "Feature", "geometry": {"type": "Point", "coordinates": [24.711146, 41.331252]}, "properties": {"name": "Νερό", "kind": "fountain", "osm": "n4464721985"}}, {"type": "Feature", "geometry": {"type": "Point", "coordinates": [23.837704, 38.581362]}, "properties": {"kind": "fountain", "osm": "n4465833269"}}, {"type": "Feature", "geometry": {"type": "Point", "coordinates": [23.838, 38.581603]}, "properties": {"kind": "fountain", "osm": "n4465833271"}}, {"type": "Feature", "geometry": {"type": "Point", "coordinates": [23.838154, 38.581998]}, "properties": {"kind": "fountain", "osm": "n4465833272"}}, {"type": "Feature", "geometry": {"type": "Point", "coordinates": [23.839131, 38.582598]}, "properties": {"kind": "fountain", "osm": "n4465833273"}}, {"type": "Feature", "geometry": {"type": "Point", "coordinates": [23.845111, 38.586566]}, "properties": {"kind": "fountain", "osm": "n4465842794"}}, {"type": "Feature", "geometry": {"type": "Point", "coordinates": [21.758888, 39.336666]}, "properties": {"kind": "fountain", "osm": "n4469951389"}}, {"type": "Feature", "geometry": {"type": "Point", "coordinates": [23.131812, 39.406232]}, "properties": {"name": "μαρμάρινη κρηνη", "name:el": "μαρμάρινη κρηνη", "name:en": "marble spring", "kind": "spring", "osm": "n4470459992"}}, {"type": "Feature", "geometry": {"type": "Point", "coordinates": [21.134177, 40.200634]}, "properties": {"kind": "spring", "osm": "n4472295573"}}, {"type": "Feature", "geometry": {"type": "Point", "coordinates": [23.734263, 38.024943]}, "properties": {"kind": "fountain", "osm": "n4474185034"}}, {"type": "Feature", "geometry": {"type": "Point", "coordinates": [23.844098, 38.560837]}, "properties": {"kind": "fountain", "osm": "n4476372498"}}, {"type": "Feature", "geometry": {"type": "Point", "coordinates": [21.200412, 39.434663]}, "properties": {"kind": "fountain", "osm": "n4483297554"}}, {"type": "Feature", "geometry": {"type": "Point", "coordinates": [21.228015, 39.447181]}, "properties": {"kind": "fountain", "osm": "n4483309664"}}, {"type": "Feature", "geometry": {"type": "Point", "coordinates": [21.700685, 39.140345]}, "properties": {"kind": "fountain", "osm": "n4484993552"}}, {"type": "Feature", "geometry": {"type": "Point", "coordinates": [20.227281, 39.612457]}, "properties": {"kind": "fountain", "osm": "n4487716889"}}, {"type": "Feature", "geometry": {"type": "Point", "coordinates": [22.490659, 38.135969]}, "properties": {"kind": "fountain", "osm": "n4494604290"}}, {"type": "Feature", "geometry": {"type": "Point", "coordinates": [23.558384, 40.474263]}, "properties": {"name": "Νερό", "kind": "fountain", "osm": "n4504601642"}}, {"type": "Feature", "geometry": {"type": "Point", "coordinates": [20.995238, 40.104423]}, "properties": {"name": "Σουρωτήρι", "kind": "spring", "osm": "n4506667497"}}, {"type": "Feature", "geometry": {"type": "Point", "coordinates": [20.900926, 40.136489]}, "properties": {"kind": "spring", "osm": "n4506667498"}}, {"type": "Feature", "geometry": {"type": "Point", "coordinates": [24.243723, 41.075199]}, "properties": {"kind": "fountain", "osm": "n4513153733"}}, {"type": "Feature", "geometry": {"type": "Point", "coordinates": [22.267765, 36.898072]}, "properties": {"kind": "fountain", "osm": "n4517273888"}}, {"type": "Feature", "geometry": {"type": "Point", "coordinates": [22.236787, 36.91531]}, "properties": {"kind": "fountain", "osm": "n4517312722"}}, {"type": "Feature", "geometry": {"type": "Point", "coordinates": [22.245856, 36.894929]}, "properties": {"kind": "fountain", "osm": "n4517346192"}}, {"type": "Feature", "geometry": {"type": "Point", "coordinates": [20.900835, 39.911151]}, "properties": {"kind": "fountain", "osm": "n4519509211"}}, {"type": "Feature", "geometry": {"type": "Point", "coordinates": [19.963853, 39.422468]}, "properties": {"kind": "spring", "osm": "n4549762485"}}, {"type": "Feature", "geometry": {"type": "Point", "coordinates": [21.746897, 39.192825]}, "properties": {"kind": "fountain", "osm": "n4553793646"}}, {"type": "Feature", "geometry": {"type": "Point", "coordinates": [22.368153, 36.951966]}, "properties": {"name:en": "Santa Barbara", "kind": "spring", "osm": "n4555376789"}}, {"type": "Feature", "geometry": {"type": "Point", "coordinates": [22.361331, 36.989205]}, "properties": {"name:en": "Kanellakia", "kind": "spring", "osm": "n4555376889"}}, {"type": "Feature", "geometry": {"type": "Point", "coordinates": [22.361992, 37.003509]}, "properties": {"name:en": "Lakómata", "kind": "spring", "osm": "n4555431989"}}, {"type": "Feature", "geometry": {"type": "Point", "coordinates": [22.366353, 37.022199]}, "properties": {"name:en": "Platanitsa", "kind": "spring", "osm": "n4555478089"}}, {"type": "Feature", "geometry": {"type": "Point", "coordinates": [22.933599, 40.680852]}, "properties": {"kind": "fountain", "osm": "n4557791631"}}, {"type": "Feature", "geometry": {"type": "Point", "coordinates": [22.933429, 40.682716]}, "properties": {"kind": "fountain", "osm": "n4557791646"}}, {"type": "Feature", "geometry": {"type": "Point", "coordinates": [21.539614, 39.225971]}, "properties": {"kind": "fountain", "osm": "n4562983556"}}, {"type": "Feature", "geometry": {"type": "Point", "coordinates": [21.534232, 39.228836]}, "properties": {"kind": "fountain", "osm": "n4562983557"}}, {"type": "Feature", "geometry": {"type": "Point", "coordinates": [21.533593, 39.264814]}, "properties": {"kind": "fountain", "osm": "n4562985795"}}, {"type": "Feature", "geometry": {"type": "Point", "coordinates": [21.533851, 39.266619]}, "properties": {"kind": "fountain", "osm": "n4562985796"}}, {"type": "Feature", "geometry": {"type": "Point", "coordinates": [21.715647, 39.230793]}, "properties": {"kind": "fountain", "osm": "n4563011171"}}, {"type": "Feature", "geometry": {"type": "Point", "coordinates": [21.722123, 39.240223]}, "properties": {"kind": "fountain", "osm": "n4563011183"}}, {"type": "Feature", "geometry": {"type": "Point", "coordinates": [21.721916, 39.242683]}, "properties": {"kind": "fountain", "osm": "n4563011184"}}, {"type": "Feature", "geometry": {"type": "Point", "coordinates": [21.64928, 39.283232]}, "properties": {"kind": "fountain", "osm": "n4563011189"}}, {"type": "Feature", "geometry": {"type": "Point", "coordinates": [21.209378, 39.437308]}, "properties": {"kind": "fountain", "osm": "n4563019083"}}, {"type": "Feature", "geometry": {"type": "Point", "coordinates": [21.19666, 39.436883]}, "properties": {"kind": "fountain", "osm": "n4563019084"}}, {"type": "Feature", "geometry": {"type": "Point", "coordinates": [26.547388, 39.112268]}, "properties": {"kind": "fountain", "osm": "n4581434811"}}, {"type": "Feature", "geometry": {"type": "Point", "coordinates": [20.325094, 39.445492]}, "properties": {"kind": "fountain", "osm": "n4581534218"}}, {"type": "Feature", "geometry": {"type": "Point", "coordinates": [20.330427, 39.437985]}, "properties": {"kind": "fountain", "osm": "n4581559796"}}, {"type": "Feature", "geometry": {"type": "Point", "coordinates": [20.438211, 39.31302]}, "properties": {"fee": "no", "access": "yes", "wheelchair": "no", "kind": "fountain", "osm": "n4583006713"}}, {"type": "Feature", "geometry": {"type": "Point", "coordinates": [20.341674, 39.461174]}, "properties": {"kind": "fountain", "osm": "n4584110362"}}, {"type": "Feature", "geometry": {"type": "Point", "coordinates": [22.120721, 41.081247]}, "properties": {"name": "Πηγή", "name:el": "Πηγή", "kind": "fountain", "osm": "n4587053780"}}, {"type": "Feature", "geometry": {"type": "Point", "coordinates": [22.218443, 41.1436]}, "properties": {"name": "Νερό", "name:el": "Νερό", "kind": "spring", "osm": "n4587060244"}}, {"type": "Feature", "geometry": {"type": "Point", "coordinates": [27.916901, 36.132626]}, "properties": {"drinking_water": "yes", "kind": "spring", "osm": "n4588789263"}}, {"type": "Feature", "geometry": {"type": "Point", "coordinates": [22.500177, 38.482292]}, "properties": {"kind": "fountain", "osm": "n4592847060"}}, {"type": "Feature", "geometry": {"type": "Point", "coordinates": [20.638, 39.138764]}, "properties": {"kind": "fountain", "osm": "n4607521189"}}, {"type": "Feature", "geometry": {"type": "Point", "coordinates": [22.083591, 37.383488]}, "properties": {"kind": "fountain", "osm": "n4609663499"}}, {"type": "Feature", "geometry": {"type": "Point", "coordinates": [22.040701, 37.582267]}, "properties": {"kind": "fountain", "osm": "n4609804496"}}, {"type": "Feature", "geometry": {"type": "Point", "coordinates": [21.222932, 39.453946]}, "properties": {"kind": "fountain", "osm": "n4612245890"}}, {"type": "Feature", "geometry": {"type": "Point", "coordinates": [21.25664, 39.47244]}, "properties": {"kind": "fountain", "osm": "n4612248553"}}, {"type": "Feature", "geometry": {"type": "Point", "coordinates": [21.257254, 39.473651]}, "properties": {"kind": "fountain", "osm": "n4612248554"}}, {"type": "Feature", "geometry": {"type": "Point", "coordinates": [21.424985, 38.630758]}, "properties": {"kind": "fountain", "osm": "n4633391793"}}, {"type": "Feature", "geometry": {"type": "Point", "coordinates": [21.432848, 38.632827]}, "properties": {"kind": "spring", "osm": "n4633402693"}}, {"type": "Feature", "geometry": {"type": "Point", "coordinates": [24.67904, 35.324526]}, "properties": {"name": "Kato Vrysi", "kind": "spring", "osm": "n4640247255"}}, {"type": "Feature", "geometry": {"type": "Point", "coordinates": [22.193396, 38.201937]}, "properties": {"kind": "fountain", "osm": "n4641639539"}}, {"type": "Feature", "geometry": {"type": "Point", "coordinates": [23.076073, 37.596287]}, "properties": {"bottle": "yes", "kind": "fountain", "osm": "n4651755691"}}, {"type": "Feature", "geometry": {"type": "Point", "coordinates": [21.182093, 39.678036]}, "properties": {"kind": "fountain", "osm": "n4653681411"}}, {"type": "Feature", "geometry": {"type": "Point", "coordinates": [21.18474, 39.679798]}, "properties": {"kind": "fountain", "osm": "n4653681412"}}, {"type": "Feature", "geometry": {"type": "Point", "coordinates": [23.747685, 37.980401]}, "properties": {"drinking_water": "yes", "kind": "tap", "osm": "n4654746451"}}, {"type": "Feature", "geometry": {"type": "Point", "coordinates": [21.781301, 37.852271]}, "properties": {"name": "Μπαρμπίτσα", "kind": "fountain", "osm": "n4656446360"}}, {"type": "Feature", "geometry": {"type": "Point", "coordinates": [23.370507, 37.546151]}, "properties": {"kind": "fountain", "osm": "n4658680789"}}, {"type": "Feature", "geometry": {"type": "Point", "coordinates": [23.747836, 37.980698]}, "properties": {"kind": "fountain", "osm": "n4659957901"}}, {"type": "Feature", "geometry": {"type": "Point", "coordinates": [21.755625, 39.200957]}, "properties": {"kind": "fountain", "osm": "n4662673222"}}, {"type": "Feature", "geometry": {"type": "Point", "coordinates": [21.820113, 37.884446]}, "properties": {"name": "Πηγή Αγίου Παντελεήμονα", "kind": "fountain", "osm": "n4663054630"}}, {"type": "Feature", "geometry": {"type": "Point", "coordinates": [21.809128, 37.85263]}, "properties": {"name": "Πηγή Δούλου", "kind": "fountain", "osm": "n4663054641"}}, {"type": "Feature", "geometry": {"type": "Point", "coordinates": [21.810169, 37.859217]}, "properties": {"kind": "fountain", "osm": "n4663672856"}}, {"type": "Feature", "geometry": {"type": "Point", "coordinates": [23.348282, 37.534376]}, "properties": {"name:en": "Public watertap", "kind": "fountain", "osm": "n4664898492"}}, {"type": "Feature", "geometry": {"type": "Point", "coordinates": [23.470194, 37.479415]}, "properties": {"kind": "fountain", "osm": "n4667016291"}}, {"type": "Feature", "geometry": {"type": "Point", "coordinates": [22.948088, 38.026378]}, "properties": {"check_date": "2026-06-24", "kind": "fountain", "osm": "n4667165275"}}, {"type": "Feature", "geometry": {"type": "Point", "coordinates": [23.725865, 37.972307]}, "properties": {"name": "Μυκηναϊκή Κρήνη", "kind": "spring", "osm": "n4670247189"}}, {"type": "Feature", "geometry": {"type": "Point", "coordinates": [22.38078, 37.368761]}, "properties": {"kind": "fountain", "osm": "n4681267694"}}, {"type": "Feature", "geometry": {"type": "Point", "coordinates": [22.484058, 37.333841]}, "properties": {"name:en": "Public water tap", "fee": "no", "access": "yes", "kind": "fountain", "osm": "n4681278090"}}, {"type": "Feature", "geometry": {"type": "Point", "coordinates": [22.222251, 37.623722]}, "properties": {"kind": "fountain", "osm": "n4688130091"}}, {"type": "Feature", "geometry": {"type": "Point", "coordinates": [22.220655, 37.62623]}, "properties": {"kind": "fountain", "osm": "n4688204991"}}, {"type": "Feature", "geometry": {"type": "Point", "coordinates": [22.106121, 38.254349]}, "properties": {"kind": "fountain", "osm": "n4691082889"}}, {"type": "Feature", "geometry": {"type": "Point", "coordinates": [22.057845, 38.390002]}, "properties": {"check_date": "2024-06-22", "kind": "fountain", "osm": "n4692116992"}}, {"type": "Feature", "geometry": {"type": "Point", "coordinates": [22.059821, 38.390176]}, "properties": {"check_date": "2024-06-28", "kind": "fountain", "osm": "n4692135890"}}, {"type": "Feature", "geometry": {"type": "Point", "coordinates": [21.956982, 37.415645]}, "properties": {"kind": "spring", "osm": "n4693016753"}}, {"type": "Feature", "geometry": {"type": "Point", "coordinates": [21.953945, 37.424647]}, "properties": {"kind": "spring", "osm": "n4693018358"}}, {"type": "Feature", "geometry": {"type": "Point", "coordinates": [21.291994, 39.394025]}, "properties": {"kind": "fountain", "osm": "n4693112787"}}, {"type": "Feature", "geometry": {"type": "Point", "coordinates": [22.424659, 38.430987]}, "properties": {"kind": "fountain", "osm": "n4693342890"}}, {"type": "Feature", "geometry": {"type": "Point", "coordinates": [22.054175, 38.594171]}, "properties": {"kind": "fountain", "osm": "n4696965990"}}, {"type": "Feature", "geometry": {"type": "Point", "coordinates": [21.868881, 40.890997]}, "properties": {"kind": "fountain", "osm": "n4699522217"}}, {"type": "Feature", "geometry": {"type": "Point", "coordinates": [23.782205, 37.994307]}, "properties": {"kind": "fountain", "osm": "n4700080093"}}, {"type": "Feature", "geometry": {"type": "Point", "coordinates": [23.089123, 40.59582]}, "properties": {"kind": "fountain", "osm": "n4700684979"}}, {"type": "Feature", "geometry": {"type": "Point", "coordinates": [24.412921, 40.935414]}, "properties": {"kind": "fountain", "osm": "n4701914891"}}, {"type": "Feature", "geometry": {"type": "Point", "coordinates": [21.823373, 38.274597]}, "properties": {"kind": "fountain", "osm": "n4705296289"}}, {"type": "Feature", "geometry": {"type": "Point", "coordinates": [22.655042, 39.97629]}, "properties": {"kind": "fountain", "osm": "n4706357838"}}, {"type": "Feature", "geometry": {"type": "Point", "coordinates": [24.186058, 38.492671]}, "properties": {"name": "Χωνευτικό", "name:el": "Χωνευτικό", "name:en": "Choneftiko", "kind": "spring", "osm": "n4713090660"}}, {"type": "Feature", "geometry": {"type": "Point", "coordinates": [23.717683, 37.970926]}, "properties": {"kind": "fountain", "osm": "n4717374837"}}, {"type": "Feature", "geometry": {"type": "Point", "coordinates": [22.740175, 37.091545]}, "properties": {"kind": "fountain", "osm": "n4725817427"}}, {"type": "Feature", "geometry": {"type": "Point", "coordinates": [23.718083, 40.334063]}, "properties": {"kind": "fountain", "osm": "n4727704892"}}, {"type": "Feature", "geometry": {"type": "Point", "coordinates": [23.789276, 40.091008]}, "properties": {"description": "standard plug", "kind": "fountain", "osm": "n4727707193"}}, {"type": "Feature", "geometry": {"type": "Point", "coordinates": [23.72027, 40.33621]}, "properties": {"kind": "fountain", "osm": "n4727727598"}}, {"type": "Feature", "geometry": {"type": "Point", "coordinates": [24.666644, 40.904588]}, "properties": {"kind": "fountain", "osm": "n4738172322"}}, {"type": "Feature", "geometry": {"type": "Point", "coordinates": [24.659903, 40.908479]}, "properties": {"kind": "fountain", "osm": "n4738172323"}}, {"type": "Feature", "geometry": {"type": "Point", "coordinates": [25.028662, 35.233624]}, "properties": {"kind": "fountain", "osm": "n4748438722"}}, {"type": "Feature", "geometry": {"type": "Point", "coordinates": [25.025209, 35.195231]}, "properties": {"kind": "fountain", "osm": "n4748828624"}}, {"type": "Feature", "geometry": {"type": "Point", "coordinates": [25.006197, 35.198314]}, "properties": {"kind": "fountain", "osm": "n4750814927"}}, {"type": "Feature", "geometry": {"type": "Point", "coordinates": [24.246245, 41.075319]}, "properties": {"kind": "fountain", "osm": "n4763703719"}}, {"type": "Feature", "geometry": {"type": "Point", "coordinates": [24.246409, 41.074935]}, "properties": {"kind": "fountain", "osm": "n4763706325"}}, {"type": "Feature", "geometry": {"type": "Point", "coordinates": [24.013845, 35.518963]}, "properties": {"check_date": "2023-09-17", "kind": "fountain", "osm": "n4767730328"}}, {"type": "Feature", "geometry": {"type": "Point", "coordinates": [23.429598, 37.743849]}, "properties": {"kind": "fountain", "osm": "n4781948728"}}, {"type": "Feature", "geometry": {"type": "Point", "coordinates": [23.653182, 40.703324]}, "properties": {"kind": "fountain", "osm": "n4784639892"}}, {"type": "Feature", "geometry": {"type": "Point", "coordinates": [23.651504, 40.704738]}, "properties": {"kind": "fountain", "osm": "n4784690370"}}, {"type": "Feature", "geometry": {"type": "Point", "coordinates": [22.254573, 36.94781]}, "properties": {"kind": "fountain", "osm": "n4787840265"}}, {"type": "Feature", "geometry": {"type": "Point", "coordinates": [22.259829, 36.975946]}, "properties": {"name": "Quelle (abgeschlossen, kein Zugang)", "kind": "spring", "osm": "n4789552775"}}, {"type": "Feature", "geometry": {"type": "Point", "coordinates": [21.825299, 38.295648]}, "properties": {"name": "Πηγή", "fee": "no", "access": "yes", "wheelchair": "yes", "kind": "fountain", "osm": "n4790802423"}}, {"type": "Feature", "geometry": {"type": "Point", "coordinates": [23.761086, 40.527868]}, "properties": {"name": "Μπαρέκος", "name:el": "Μπαρέκος", "name:en": "Barekos", "kind": "fountain", "osm": "n4791548421"}}, {"type": "Feature", "geometry": {"type": "Point", "coordinates": [23.763467, 40.529266]}, "properties": {"name": "Στόλνα", "name:el": "Στόλνα", "kind": "fountain", "osm": "n4792257524"}}, {"type": "Feature", "geometry": {"type": "Point", "coordinates": [22.988793, 40.658013]}, "properties": {"kind": "fountain", "osm": "n4793077985"}}, {"type": "Feature", "geometry": {"type": "Point", "coordinates": [22.988543, 40.657725]}, "properties": {"kind": "fountain", "osm": "n4793077988"}}, {"type": "Feature", "geometry": {"type": "Point", "coordinates": [24.881062, 35.143828]}, "properties": {"name:en": "Fountain of saint Anthony", "kind": "fountain", "osm": "n4797425030"}}, {"type": "Feature", "geometry": {"type": "Point", "coordinates": [21.423201, 39.606157]}, "properties": {"kind": "fountain", "osm": "n4801115939"}}, {"type": "Feature", "geometry": {"type": "Point", "coordinates": [21.425521, 39.606013]}, "properties": {"kind": "fountain", "osm": "n4801130332"}}, {"type": "Feature", "geometry": {"type": "Point", "coordinates": [21.423575, 39.608753]}, "properties": {"kind": "fountain", "osm": "n4801130335"}}, {"type": "Feature", "geometry": {"type": "Point", "coordinates": [21.420513, 39.59437]}, "properties": {"kind": "fountain", "osm": "n4801196859"}}, {"type": "Feature", "geometry": {"type": "Point", "coordinates": [21.402202, 39.615137]}, "properties": {"kind": "fountain", "osm": "n4801196888"}}, {"type": "Feature", "geometry": {"type": "Point", "coordinates": [21.464848, 39.580203]}, "properties": {"kind": "fountain", "osm": "n4801260968"}}, {"type": "Feature", "geometry": {"type": "Point", "coordinates": [21.467353, 39.603306]}, "properties": {"kind": "fountain", "osm": "n4801267761"}}, {"type": "Feature", "geometry": {"type": "Point", "coordinates": [21.467027, 39.604309]}, "properties": {"kind": "fountain", "osm": "n4801267762"}}, {"type": "Feature", "geometry": {"type": "Point", "coordinates": [21.444952, 39.582919]}, "properties": {"kind": "fountain", "osm": "n4801271176"}}, {"type": "Feature", "geometry": {"type": "Point", "coordinates": [25.526203, 37.048925]}, "properties": {"description": "Fontaine", "kind": "spring", "osm": "n4804386960"}}, {"type": "Feature", "geometry": {"type": "Point", "coordinates": [25.552105, 37.182161]}, "properties": {"kind": "fountain", "osm": "n4804386961"}}, {"type": "Feature", "geometry": {"type": "Point", "coordinates": [25.515556, 37.059975]}, "properties": {"name": "Source", "name:el": "Πηγή", "kind": "spring", "osm": "n4804387654"}}, {"type": "Feature", "geometry": {"type": "Point", "coordinates": [25.545923, 37.178875]}, "properties": {"name": "Source", "kind": "spring", "osm": "n4804387655"}}, {"type": "Feature", "geometry": {"type": "Point", "coordinates": [23.400062, 38.86075]}, "properties": {"name": "Κερασιά βρύση", "name:el": "Κερασιά βρύση", "name:en": "Source Kerasia", "kind": "fountain", "osm": "n4805965228"}}, {"type": "Feature", "geometry": {"type": "Point", "coordinates": [23.397457, 38.860955]}, "properties": {"name": "Βρύση Αησάννα", "name:el": "Βρύση Αησάννα", "name:en": "Source Aisanna", "kind": "fountain", "osm": "n4805965229"}}, {"type": "Feature", "geometry": {"type": "Point", "coordinates": [23.400948, 38.856405]}, "properties": {"name": "Του γιατρού η βρύση", "name:el": "Του γιατρού η βρύση", "name:en": "Doctor's source", "kind": "fountain", "osm": "n4805965230"}}, {"type": "Feature", "geometry": {"type": "Point", "coordinates": [23.644825, 38.009482]}, "properties": {"kind": "fountain", "osm": "n4811821374"}}, {"type": "Feature", "geometry": {"type": "Point", "coordinates": [25.327448, 37.447278]}, "properties": {"wheelchair": "yes", "kind": "fountain", "osm": "n4817415868"}}, {"type": "Feature", "geometry": {"type": "Point", "coordinates": [22.246859, 37.281536]}, "properties": {"name": "Πηγές Ευρώτα", "kind": "spring", "osm": "n4819048206"}}, {"type": "Feature", "geometry": {"type": "Point", "coordinates": [21.1199, 39.509983]}, "properties": {"name": "Πηγή", "kind": "fountain", "osm": "n4821291849"}}, {"type": "Feature", "geometry": {"type": "Point", "coordinates": [20.741357, 40.042875]}, "properties": {"kind": "fountain", "osm": "n4832544102"}}, {"type": "Feature", "geometry": {"type": "Point", "coordinates": [23.766108, 38.027836]}, "properties": {"kind": "fountain", "osm": "n4834701455"}}, {"type": "Feature", "geometry": {"type": "Point", "coordinates": [22.325741, 40.98742]}, "properties": {"kind": "fountain", "osm": "n4835347444"}}, {"type": "Feature", "geometry": {"type": "Point", "coordinates": [25.482215, 37.076006]}, "properties": {"name": "Source", "name:el": "Πηγή", "kind": "spring", "osm": "n4842002180"}}, {"type": "Feature", "geometry": {"type": "Point", "coordinates": [23.578624, 41.27286]}, "properties": {"name": "Πηγή", "kind": "spring", "osm": "n4845035909"}}, {"type": "Feature", "geometry": {"type": "Point", "coordinates": [21.269069, 40.776136]}, "properties": {"kind": "fountain", "osm": "n4846949651"}}, {"type": "Feature", "geometry": {"type": "Point", "coordinates": [22.987856, 37.69229]}, "properties": {"kind": "fountain", "osm": "n4847066075"}}, {"type": "Feature", "geometry": {"type": "Point", "coordinates": [22.98725, 37.692007]}, "properties": {"kind": "fountain", "osm": "n4847066087"}}, {"type": "Feature", "geometry": {"type": "Point", "coordinates": [22.877509, 37.734788]}, "properties": {"kind": "fountain", "osm": "n4848089719"}}, {"type": "Feature", "geometry": {"type": "Point", "coordinates": [22.576145, 37.337325]}, "properties": {"kind": "fountain", "osm": "n4848129811"}}, {"type": "Feature", "geometry": {"type": "Point", "coordinates": [22.668481, 37.368158]}, "properties": {"kind": "fountain", "osm": "n4848131027"}}, {"type": "Feature", "geometry": {"type": "Point", "coordinates": [22.628497, 37.358341]}, "properties": {"kind": "fountain", "osm": "n4848131032"}}, {"type": "Feature", "geometry": {"type": "Point", "coordinates": [22.544809, 37.347004]}, "properties": {"kind": "fountain", "osm": "n4848131106"}}, {"type": "Feature", "geometry": {"type": "Point", "coordinates": [22.547259, 37.350702]}, "properties": {"kind": "fountain", "osm": "n4848131212"}}, {"type": "Feature", "geometry": {"type": "Point", "coordinates": [22.353125, 37.091256]}, "properties": {"kind": "fountain", "osm": "n4848147615"}}, {"type": "Feature", "geometry": {"type": "Point", "coordinates": [22.323686, 37.090258]}, "properties": {"kind": "fountain", "osm": "n4848147616"}}, {"type": "Feature", "geometry": {"type": "Point", "coordinates": [22.265694, 37.066616]}, "properties": {"kind": "fountain", "osm": "n4848147617"}}, {"type": "Feature", "geometry": {"type": "Point", "coordinates": [22.36553, 37.076864]}, "properties": {"kind": "fountain", "osm": "n4848147618"}}, {"type": "Feature", "geometry": {"type": "Point", "coordinates": [22.220611, 37.083364]}, "properties": {"kind": "fountain", "osm": "n4848171314"}}, {"type": "Feature", "geometry": {"type": "Point", "coordinates": [22.229615, 37.184174]}, "properties": {"kind": "spring", "osm": "n4848171315"}}, {"type": "Feature", "geometry": {"type": "Point", "coordinates": [22.027613, 37.528676]}, "properties": {"kind": "fountain", "osm": "n4848196839"}}, {"type": "Feature", "geometry": {"type": "Point", "coordinates": [22.008598, 37.592423]}, "properties": {"kind": "fountain", "osm": "n4848197253"}}, {"type": "Feature", "geometry": {"type": "Point", "coordinates": [21.774506, 37.787554]}, "properties": {"kind": "fountain", "osm": "n4848230470"}}, {"type": "Feature", "geometry": {"type": "Point", "coordinates": [22.463034, 38.473397]}, "properties": {"kind": "fountain", "osm": "n4848230477"}}, {"type": "Feature", "geometry": {"type": "Point", "coordinates": [22.502082, 40.277403]}, "properties": {"kind": "tap", "osm": "n4848522165"}}, {"type": "Feature", "geometry": {"type": "Point", "coordinates": [23.81384, 38.065142]}, "properties": {"fee": "no", "access": "yes", "kind": "fountain", "osm": "n4851312791"}}, {"type": "Feature", "geometry": {"type": "Point", "coordinates": [23.813136, 38.064638]}, "properties": {"fee": "no", "access": "yes", "kind": "fountain", "osm": "n4851312792"}}, {"type": "Feature", "geometry": {"type": "Point", "coordinates": [23.722411, 37.975389]}, "properties": {"wheelchair": "yes", "kind": "fountain", "osm": "n4851376274"}}, {"type": "Feature", "geometry": {"type": "Point", "coordinates": [24.908363, 37.84947]}, "properties": {"name": "Πηγή Σάριζα", "drinking_water": "yes", "kind": "fountain", "osm": "n4851998049"}}, {"type": "Feature", "geometry": {"type": "Point", "coordinates": [22.930335, 40.727733]}, "properties": {"kind": "fountain", "osm": "n4852309628"}}, {"type": "Feature", "geometry": {"type": "Point", "coordinates": [23.563196, 41.254647]}, "properties": {"name": "Πηγή", "kind": "spring", "osm": "n4853868144"}}, {"type": "Feature", "geometry": {"type": "Point", "coordinates": [23.571787, 41.259054]}, "properties": {"name": "Πηγή (στερεύει μετά τον Μάιο)", "bottle": "yes", "access": "yes", "description": "Runs dry after May", "wheelchair": "yes", "kind": "spring", "osm": "n4853868145"}}, {"type": "Feature", "geometry": {"type": "Point", "coordinates": [24.630067, 35.235819]}, "properties": {"kind": "fountain", "osm": "n4857222826"}}, {"type": "Feature", "geometry": {"type": "Point", "coordinates": [22.154864, 37.616566]}, "properties": {"kind": "fountain", "osm": "n4857373567"}}, {"type": "Feature", "geometry": {"type": "Point", "coordinates": [20.939388, 39.659238]}, "properties": {"kind": "fountain", "osm": "n4857484323"}}, {"type": "Feature", "geometry": {"type": "Point", "coordinates": [21.798087, 39.417236]}, "properties": {"kind": "fountain", "osm": "n4859123639"}}, {"type": "Feature", "geometry": {"type": "Point", "coordinates": [21.800168, 39.41337]}, "properties": {"kind": "fountain", "osm": "n4859123640"}}, {"type": "Feature", "geometry": {"type": "Point", "coordinates": [21.801282, 39.419492]}, "properties": {"kind": "fountain", "osm": "n4859123641"}}, {"type": "Feature", "geometry": {"type": "Point", "coordinates": [22.986433, 40.626729]}, "properties": {"kind": "fountain", "osm": "n4860115460"}}, {"type": "Feature", "geometry": {"type": "Point", "coordinates": [21.178088, 39.771667]}, "properties": {"kind": "fountain", "osm": "n4861542321"}}, {"type": "Feature", "geometry": {"type": "Point", "coordinates": [21.350821, 39.808669]}, "properties": {"kind": "fountain", "osm": "n4862104721"}}, {"type": "Feature", "geometry": {"type": "Point", "coordinates": [21.57018, 39.861509]}, "properties": {"kind": "fountain", "osm": "n4866455721"}}, {"type": "Feature", "geometry": {"type": "Point", "coordinates": [21.482219, 40.048951]}, "properties": {"kind": "fountain", "osm": "n4869791821"}}, {"type": "Feature", "geometry": {"type": "Point", "coordinates": [21.661116, 40.29649]}, "properties": {"kind": "fountain", "osm": "n4872920622"}}, {"type": "Feature", "geometry": {"type": "Point", "coordinates": [21.759252, 38.266052]}, "properties": {"kind": "fountain", "osm": "n4873657573"}}, {"type": "Feature", "geometry": {"type": "Point", "coordinates": [21.767517, 38.266813]}, "properties": {"kind": "fountain", "osm": "n4873657578"}}, {"type": "Feature", "geometry": {"type": "Point", "coordinates": [21.655666, 40.298905]}, "properties": {"kind": "fountain", "osm": "n4874779624"}}, {"type": "Feature", "geometry": {"type": "Point", "coordinates": [21.622851, 37.645355]}, "properties": {"name": "Camping Diana", "drinking_water": "yes", "kind": "point", "osm": "n4889726222"}}, {"type": "Feature", "geometry": {"type": "Point", "coordinates": [22.011872, 40.374479]}, "properties": {"kind": "fountain", "osm": "n4908794421"}}, {"type": "Feature", "geometry": {"type": "Point", "coordinates": [22.490089, 40.103908]}, "properties": {"kind": "fountain", "osm": "n4911619521"}}, {"type": "Feature", "geometry": {"type": "Point", "coordinates": [22.786022, 39.832619]}, "properties": {"name": "Κόκκινο", "name:el": "Κόκκινο", "name:en": "Thermal Springs Kokkino", "kind": "fountain", "osm": "n4913508322"}}, {"type": "Feature", "geometry": {"type": "Point", "coordinates": [23.595105, 40.486333]}, "properties": {"check_date": "2024-09-16", "kind": "fountain", "osm": "n4918688388"}}, {"type": "Feature", "geometry": {"type": "Point", "coordinates": [23.709774, 37.969915]}, "properties": {"fee": "no", "access": "yes", "wheelchair": "yes", "kind": "fountain", "osm": "n4922730350"}}, {"type": "Feature", "geometry": {"type": "Point", "coordinates": [23.136747, 40.480429]}, "properties": {"kind": "fountain", "osm": "n4924791621"}}, {"type": "Feature", "geometry": {"type": "Point", "coordinates": [23.134715, 40.436946]}, "properties": {"kind": "fountain", "osm": "n4926440521"}}, {"type": "Feature", "geometry": {"type": "Point", "coordinates": [23.143425, 40.432082]}, "properties": {"kind": "fountain", "osm": "n4926783324"}}, {"type": "Feature", "geometry": {"type": "Point", "coordinates": [23.694424, 40.413141]}, "properties": {"kind": "fountain", "osm": "n4934946021"}}, {"type": "Feature", "geometry": {"type": "Point", "coordinates": [21.840667, 37.977928]}, "properties": {"name": "Πηγή", "name:el": "Πηγή", "name:en": "Spring", "kind": "spring", "osm": "n4935270787"}}, {"type": "Feature", "geometry": {"type": "Point", "coordinates": [23.524241, 37.922622]}, "properties": {"kind": "fountain", "osm": "n4936526374"}}, {"type": "Feature", "geometry": {"type": "Point", "coordinates": [22.486904, 40.082273]}, "properties": {"kind": "fountain", "osm": "n4942870112"}}, {"type": "Feature", "geometry": {"type": "Point", "coordinates": [19.911733, 39.537513]}, "properties": {"drinking_water": "yes", "kind": "spring", "osm": "n4945818921"}}, {"type": "Feature", "geometry": {"type": "Point", "coordinates": [22.98739, 40.608877]}, "properties": {"kind": "fountain", "osm": "n4948126994"}}, {"type": "Feature", "geometry": {"type": "Point", "coordinates": [22.497543, 38.478067]}, "properties": {"kind": "fountain", "osm": "n4950668022"}}, {"type": "Feature", "geometry": {"type": "Point", "coordinates": [22.466732, 38.472274]}, "properties": {"kind": "fountain", "osm": "n4950668122"}}, {"type": "Feature", "geometry": {"type": "Point", "coordinates": [22.455825, 38.461541]}, "properties": {"kind": "fountain", "osm": "n4950669322"}}, {"type": "Feature", "geometry": {"type": "Point", "coordinates": [21.617496, 39.703958]}, "properties": {"kind": "fountain", "osm": "n4950669323"}}, {"type": "Feature", "geometry": {"type": "Point", "coordinates": [20.717614, 38.364506]}, "properties": {"kind": "fountain", "osm": "n4953168921"}}, {"type": "Feature", "geometry": {"type": "Point", "coordinates": [23.181021, 37.952565]}, "properties": {"kind": "fountain", "osm": "n4960165421"}}, {"type": "Feature", "geometry": {"type": "Point", "coordinates": [22.343631, 36.932288]}, "properties": {"name": "Mousgia", "drinking_water": "yes", "kind": "spring", "osm": "n4960556309"}}, {"type": "Feature", "geometry": {"type": "Point", "coordinates": [19.738305, 39.671692]}, "properties": {"kind": "fountain", "osm": "n4963216922"}}, {"type": "Feature", "geometry": {"type": "Point", "coordinates": [24.895669, 37.82273]}, "properties": {"fee": "no", "access": "yes", "kind": "fountain", "osm": "n4963970550"}}, {"type": "Feature", "geometry": {"type": "Point", "coordinates": [24.896006, 37.822506]}, "properties": {"name": "Πηγές Μαινήτων", "drinking_water": "yes", "kind": "fountain", "osm": "n4963970552"}}, {"type": "Feature", "geometry": {"type": "Point", "coordinates": [22.184528, 37.944153]}, "properties": {"kind": "spring", "osm": "n4965469097"}}, {"type": "Feature", "geometry": {"type": "Point", "coordinates": [22.180898, 37.956152]}, "properties": {"name": "Kefalovriso", "kind": "spring", "osm": "n4965481394"}}, {"type": "Feature", "geometry": {"type": "Point", "coordinates": [23.89182, 40.38497]}, "properties": {"kind": "fountain", "osm": "n4965541031"}}, {"type": "Feature", "geometry": {"type": "Point", "coordinates": [23.886431, 40.394735]}, "properties": {"check_date": "2025-08-10", "kind": "fountain", "osm": "n4965556404"}}, {"type": "Feature", "geometry": {"type": "Point", "coordinates": [23.884258, 40.395235]}, "properties": {"check_date": "2025-07-29", "kind": "fountain", "osm": "n4965562933"}}, {"type": "Feature", "geometry": {"type": "Point", "coordinates": [23.695441, 40.439212]}, "properties": {"kind": "fountain", "osm": "n4968810834"}}, {"type": "Feature", "geometry": {"type": "Point", "coordinates": [22.262896, 36.965619]}, "properties": {"kind": "spring", "osm": "n4970414971"}}, {"type": "Feature", "geometry": {"type": "Point", "coordinates": [26.224718, 41.129601]}, "properties": {"kind": "fountain", "osm": "n4976767523"}}, {"type": "Feature", "geometry": {"type": "Point", "coordinates": [23.773178, 40.191012]}, "properties": {"kind": "fountain", "osm": "n4979439538"}}, {"type": "Feature", "geometry": {"type": "Point", "coordinates": [23.773304, 40.190812]}, "properties": {"kind": "fountain", "osm": "n4979439539"}}, {"type": "Feature", "geometry": {"type": "Point", "coordinates": [22.988966, 40.603825]}, "properties": {"kind": "fountain", "osm": "n4986271033"}}, {"type": "Feature", "geometry": {"type": "Point", "coordinates": [22.985, 40.604363]}, "properties": {"kind": "fountain", "osm": "n4986271054"}}, {"type": "Feature", "geometry": {"type": "Point", "coordinates": [23.723811, 37.971132]}, "properties": {"description": "φυσικό μεταλλικό νερό", "kind": "spring", "osm": "n4992332221"}}, {"type": "Feature", "geometry": {"type": "Point", "coordinates": [21.110777, 37.847521]}, "properties": {"check_date": "2025-06-13", "description": "standard plug", "kind": "fountain", "osm": "n5004636790"}}, {"type": "Feature", "geometry": {"type": "Point", "coordinates": [22.509811, 39.960752]}, "properties": {"name": "Βρύση Κατή", "kind": "fountain", "osm": "n5006822676"}}, {"type": "Feature", "geometry": {"type": "Point", "coordinates": [23.59911, 35.463899]}, "properties": {"check_date": "2025-04-22", "kind": "fountain", "osm": "n5015306786"}}, {"type": "Feature", "geometry": {"type": "Point", "coordinates": [25.423606, 41.159149]}, "properties": {"name": "1η βρύση", "kind": "fountain", "osm": "n5027031368"}}, {"type": "Feature", "geometry": {"type": "Point", "coordinates": [25.426134, 41.172212]}, "properties": {"name": "2η βρύση", "name:el": "2η βρύση", "name:en": "2nd Vrysi", "kind": "fountain", "osm": "n5027031369"}}, {"type": "Feature", "geometry": {"type": "Point", "coordinates": [25.426219, 41.177489]}, "properties": {"name": "3η βρύση", "name:el": "3η βρύση", "name:en": "3rd Vrysi", "kind": "fountain", "osm": "n5027031370"}}, {"type": "Feature", "geometry": {"type": "Point", "coordinates": [25.427553, 41.184495]}, "properties": {"kind": "fountain", "osm": "n5027031379"}}, {"type": "Feature", "geometry": {"type": "Point", "coordinates": [21.493892, 40.643955]}, "properties": {"kind": "fountain", "osm": "n5027283189"}}, {"type": "Feature", "geometry": {"type": "Point", "coordinates": [21.515892, 40.663741]}, "properties": {"kind": "fountain", "osm": "n5027300068"}}, {"type": "Feature", "geometry": {"type": "Point", "coordinates": [21.493938, 40.645096]}, "properties": {"kind": "fountain", "osm": "n5027309669"}}, {"type": "Feature", "geometry": {"type": "Point", "coordinates": [24.737008, 37.885777]}, "properties": {"kind": "fountain", "osm": "n5028661751"}}, {"type": "Feature", "geometry": {"type": "Point", "coordinates": [23.812045, 40.455691]}, "properties": {"kind": "spring", "osm": "n5029240755"}}, {"type": "Feature", "geometry": {"type": "Point", "coordinates": [21.034379, 39.997498]}, "properties": {"kind": "fountain", "osm": "n5029849135"}}, {"type": "Feature", "geometry": {"type": "Point", "coordinates": [21.035702, 39.998708]}, "properties": {"kind": "fountain", "osm": "n5029849136"}}, {"type": "Feature", "geometry": {"type": "Point", "coordinates": [21.028299, 40.014209]}, "properties": {"drinking_water": "yes", "kind": "point", "osm": "n5029850222"}}, {"type": "Feature", "geometry": {"type": "Point", "coordinates": [23.747571, 40.529849]}, "properties": {"kind": "fountain", "osm": "n5030253248"}}, {"type": "Feature", "geometry": {"type": "Point", "coordinates": [21.0284, 40.043012]}, "properties": {"kind": "fountain", "osm": "n5031469082"}}, {"type": "Feature", "geometry": {"type": "Point", "coordinates": [23.601485, 40.495534]}, "properties": {"kind": "fountain", "osm": "n5032008423"}}, {"type": "Feature", "geometry": {"type": "Point", "coordinates": [23.783655, 40.09814]}, "properties": {"description": "standard plug", "kind": "fountain", "osm": "n5041488975"}}, {"type": "Feature", "geometry": {"type": "Point", "coordinates": [21.528973, 39.544195]}, "properties": {"kind": "fountain", "osm": "n5042334158"}}, {"type": "Feature", "geometry": {"type": "Point", "coordinates": [21.529675, 39.537725]}, "properties": {"kind": "fountain", "osm": "n5042334568"}}, {"type": "Feature", "geometry": {"type": "Point", "coordinates": [21.571205, 39.482825]}, "properties": {"kind": "spring", "osm": "n5042334844"}}, {"type": "Feature", "geometry": {"type": "Point", "coordinates": [23.919017, 39.970879]}, "properties": {"description": "standard plug", "kind": "fountain", "osm": "n5044102345"}}, {"type": "Feature", "geometry": {"type": "Point", "coordinates": [26.173336, 39.369401]}, "properties": {"kind": "fountain", "osm": "n5044688006"}}, {"type": "Feature", "geometry": {"type": "Point", "coordinates": [21.799727, 39.418172]}, "properties": {"kind": "fountain", "osm": "n5046724297"}}, {"type": "Feature", "geometry": {"type": "Point", "coordinates": [23.731365, 40.234622]}, "properties": {"description": "standard plug", "kind": "fountain", "osm": "n5048782919"}}, {"type": "Feature", "geometry": {"type": "Point", "coordinates": [25.177248, 37.592396]}, "properties": {"drinking_water": "yes", "kind": "spring", "osm": "n5049601502"}}, {"type": "Feature", "geometry": {"type": "Point", "coordinates": [22.524568, 40.760971]}, "properties": {"name": "Κρήνη της Πέλλας", "name:el": "Κρήνη της Πέλλας", "name:en": "Fountain of Pella", "drinking_water": "yes", "kind": "fountain", "osm": "n5051514135"}}, {"type": "Feature", "geometry": {"type": "Point", "coordinates": [25.042101, 37.639124]}, "properties": {"name": "Μαρμαρένια Βρύση", "name:el": "Μαρμαρένια Βρύση", "name:en": "Marble Fountain", "kind": "fountain", "osm": "n5052205562"}}, {"type": "Feature", "geometry": {"type": "Point", "coordinates": [23.97616, 40.047357]}, "properties": {"kind": "tap", "osm": "n5056224121"}}, {"type": "Feature", "geometry": {"type": "Point", "coordinates": [23.976144, 40.047366]}, "properties": {"kind": "fountain", "osm": "n5056224221"}}, {"type": "Feature", "geometry": {"type": "Point", "coordinates": [20.069367, 39.42324]}, "properties": {"kind": "fountain", "osm": "n5056981261"}}, {"type": "Feature", "geometry": {"type": "Point", "coordinates": [20.854077, 39.659686]}, "properties": {"kind": "fountain", "osm": "n5057923722"}}, {"type": "Feature", "geometry": {"type": "Point", "coordinates": [26.176404, 39.367407]}, "properties": {"name": "Βρύση", "kind": "fountain", "osm": "n5058545230"}}, {"type": "Feature", "geometry": {"type": "Point", "coordinates": [24.112116, 38.405058]}, "properties": {"kind": "fountain", "osm": "n5059877863"}}, {"type": "Feature", "geometry": {"type": "Point", "coordinates": [22.988285, 38.021239]}, "properties": {"kind": "fountain", "osm": "n5065679478"}}, {"type": "Feature", "geometry": {"type": "Point", "coordinates": [23.792492, 40.087756]}, "properties": {"drinking_water": "yes", "access": "yes", "kind": "point", "osm": "n5065906804"}}, {"type": "Feature", "geometry": {"type": "Point", "coordinates": [23.130279, 39.315034]}, "properties": {"kind": "fountain", "osm": "n5066133024"}}, {"type": "Feature", "geometry": {"type": "Point", "coordinates": [28.125754, 36.198136]}, "properties": {"kind": "tap", "osm": "n5072044521"}}, {"type": "Feature", "geometry": {"type": "Point", "coordinates": [21.491337, 40.59321]}, "properties": {"kind": "fountain", "osm": "n5073572070"}}, {"type": "Feature", "geometry": {"type": "Point", "coordinates": [21.490762, 40.593455]}, "properties": {"kind": "fountain", "osm": "n5073572071"}}, {"type": "Feature", "geometry": {"type": "Point", "coordinates": [22.258048, 36.850868]}, "properties": {"kind": "spring", "osm": "n5075665058"}}, {"type": "Feature", "geometry": {"type": "Point", "coordinates": [25.783951, 36.378686]}, "properties": {"name:en": "Vrisi", "kind": "fountain", "osm": "n5077129433"}}, {"type": "Feature", "geometry": {"type": "Point", "coordinates": [20.95851, 40.295883]}, "properties": {"kind": "spring", "osm": "n5078859353"}}, {"type": "Feature", "geometry": {"type": "Point", "coordinates": [20.958977, 40.296009]}, "properties": {"kind": "spring", "osm": "n5078859354"}}, {"type": "Feature", "geometry": {"type": "Point", "coordinates": [20.917576, 40.308972]}, "properties": {"drinking_water": "yes", "kind": "spring", "osm": "n5078865063"}}, {"type": "Feature", "geometry": {"type": "Point", "coordinates": [20.915353, 40.308565]}, "properties": {"drinking_water": "yes", "kind": "spring", "osm": "n5078865064"}}, {"type": "Feature", "geometry": {"type": "Point", "coordinates": [20.910708, 40.315904]}, "properties": {"kind": "spring", "osm": "n5078865065"}}, {"type": "Feature", "geometry": {"type": "Point", "coordinates": [21.190007, 40.201054]}, "properties": {"name": "Σαμαρίνα", "kind": "spring", "osm": "n5078962333"}}, {"type": "Feature", "geometry": {"type": "Point", "coordinates": [21.19545, 40.197864]}, "properties": {"name": "Βλάχου", "kind": "spring", "osm": "n5078962341"}}, {"type": "Feature", "geometry": {"type": "Point", "coordinates": [21.136902, 40.214502]}, "properties": {"kind": "spring", "osm": "n5079009730"}}, {"type": "Feature", "geometry": {"type": "Point", "coordinates": [21.134353, 40.223779]}, "properties": {"kind": "spring", "osm": "n5079009734"}}, {"type": "Feature", "geometry": {"type": "Point", "coordinates": [21.141304, 40.237561]}, "properties": {"kind": "spring", "osm": "n5079010941"}}, {"type": "Feature", "geometry": {"type": "Point", "coordinates": [21.126656, 40.244175]}, "properties": {"name": "Γαγαμήτα", "kind": "spring", "osm": "n5079010952"}}, {"type": "Feature", "geometry": {"type": "Point", "coordinates": [21.123335, 40.24575]}, "properties": {"kind": "spring", "osm": "n5079046756"}}, {"type": "Feature", "geometry": {"type": "Point", "coordinates": [21.142575, 40.203693]}, "properties": {"kind": "spring", "osm": "n5079047546"}}, {"type": "Feature", "geometry": {"type": "Point", "coordinates": [21.134914, 40.200321]}, "properties": {"name": "Σπανού", "kind": "spring", "osm": "n5079060910"}}, {"type": "Feature", "geometry": {"type": "Point", "coordinates": [21.134356, 40.197719]}, "properties": {"kind": "spring", "osm": "n5079063124"}}, {"type": "Feature", "geometry": {"type": "Point", "coordinates": [22.492758, 40.176007]}, "properties": {"kind": "tap", "osm": "n5081600923"}}, {"type": "Feature", "geometry": {"type": "Point", "coordinates": [23.895475, 40.159413]}, "properties": {"name": "Ακτή ονείρου Camping-Bungalows", "name:el": "Ακτή ονείρου Camping-Bungalows", "name:en": "Akti Onirou Camping-Bungalows", "drinking_water": "yes", "kind": "point", "osm": "n5081651699"}}, {"type": "Feature", "geometry": {"type": "Point", "coordinates": [23.917914, 35.226407]}, "properties": {"kind": "spring", "osm": "n5084719844"}}, {"type": "Feature", "geometry": {"type": "Point", "coordinates": [21.644227, 37.45707]}, "properties": {"kind": "tap", "osm": "n5084748429"}}, {"type": "Feature", "geometry": {"type": "Point", "coordinates": [23.748055, 38.047838]}, "properties": {"kind": "fountain", "osm": "n5089403605"}}, {"type": "Feature", "geometry": {"type": "Point", "coordinates": [24.00204, 37.840924]}, "properties": {"name": "Πηγή Υπαπαντής", "kind": "spring", "osm": "n5091358730"}}, {"type": "Feature", "geometry": {"type": "Point", "coordinates": [22.322263, 39.259793]}, "properties": {"kind": "fountain", "osm": "n5094467407"}}, {"type": "Feature", "geometry": {"type": "Point", "coordinates": [21.485464, 40.596714]}, "properties": {"kind": "fountain", "osm": "n5095230579"}}, {"type": "Feature", "geometry": {"type": "Point", "coordinates": [22.196631, 40.281693]}, "properties": {"kind": "spring", "osm": "n5095415384"}}, {"type": "Feature", "geometry": {"type": "Point", "coordinates": [22.206539, 40.285675]}, "properties": {"kind": "spring", "osm": "n5095415387"}}, {"type": "Feature", "geometry": {"type": "Point", "coordinates": [22.266253, 40.302402]}, "properties": {"kind": "fountain", "osm": "n5095416880"}}, {"type": "Feature", "geometry": {"type": "Point", "coordinates": [26.258419, 37.594317]}, "properties": {"name": "Αθάνατο νερό", "name:el": "Αθάνατο νερό", "kind": "spring", "osm": "n5095452722"}}, {"type": "Feature", "geometry": {"type": "Point", "coordinates": [23.857235, 39.146465]}, "properties": {"drinking_water": "yes", "kind": "fountain", "osm": "n5100655252"}}, {"type": "Feature", "geometry": {"type": "Point", "coordinates": [25.353418, 41.187886]}, "properties": {"kind": "fountain", "osm": "n5103579769"}}, {"type": "Feature", "geometry": {"type": "Point", "coordinates": [25.379846, 41.201992]}, "properties": {"kind": "fountain", "osm": "n5103579770"}}, {"type": "Feature", "geometry": {"type": "Point", "coordinates": [19.861492, 39.558097]}, "properties": {"kind": "fountain", "osm": "n5103836645"}}, {"type": "Feature", "geometry": {"type": "Point", "coordinates": [19.864638, 39.556919]}, "properties": {"check_date": "2023-09-19", "kind": "fountain", "osm": "n5103836651"}}, {"type": "Feature", "geometry": {"type": "Point", "coordinates": [19.869601, 39.555518]}, "properties": {"kind": "fountain", "osm": "n5103836653"}}, {"type": "Feature", "geometry": {"type": "Point", "coordinates": [19.882566, 39.557255]}, "properties": {"kind": "fountain", "osm": "n5103836656"}}, {"type": "Feature", "geometry": {"type": "Point", "coordinates": [19.884034, 39.556138]}, "properties": {"kind": "fountain", "osm": "n5103836657"}}, {"type": "Feature", "geometry": {"type": "Point", "coordinates": [19.888285, 39.551167]}, "properties": {"kind": "fountain", "osm": "n5103836658"}}, {"type": "Feature", "geometry": {"type": "Point", "coordinates": [19.905719, 39.534063]}, "properties": {"kind": "fountain", "osm": "n5103836661"}}, {"type": "Feature", "geometry": {"type": "Point", "coordinates": [19.910488, 39.511896]}, "properties": {"kind": "fountain", "osm": "n5103836666"}}, {"type": "Feature", "geometry": {"type": "Point", "coordinates": [19.878556, 39.516222]}, "properties": {"kind": "fountain", "osm": "n5103836667"}}, {"type": "Feature", "geometry": {"type": "Point", "coordinates": [19.879631, 39.516253]}, "properties": {"kind": "fountain", "osm": "n5103836668"}}, {"type": "Feature", "geometry": {"type": "Point", "coordinates": [19.953084, 39.425349]}, "properties": {"kind": "fountain", "osm": "n5103836692"}}, {"type": "Feature", "geometry": {"type": "Point", "coordinates": [24.687991, 35.095412]}, "properties": {"kind": "tap", "osm": "n5106092288"}}, {"type": "Feature", "geometry": {"type": "Point", "coordinates": [25.028093, 35.232144]}, "properties": {"kind": "spring", "osm": "n5108037094"}}, {"type": "Feature", "geometry": {"type": "Point", "coordinates": [24.841962, 35.188646]}, "properties": {"kind": "spring", "osm": "n5109664212"}}, {"type": "Feature", "geometry": {"type": "Point", "coordinates": [24.899952, 37.809013]}, "properties": {"kind": "fountain", "osm": "n5109715521"}}, {"type": "Feature", "geometry": {"type": "Point", "coordinates": [21.48794, 40.155542]}, "properties": {"kind": "fountain", "osm": "n5112749321"}}, {"type": "Feature", "geometry": {"type": "Point", "coordinates": [21.160611, 39.772676]}, "properties": {"name": "Ντάου", "kind": "spring", "osm": "n5115150817"}}, {"type": "Feature", "geometry": {"type": "Point", "coordinates": [21.154259, 39.78358]}, "properties": {"kind": "spring", "osm": "n5115152823"}}, {"type": "Feature", "geometry": {"type": "Point", "coordinates": [21.173118, 39.867277]}, "properties": {"name": "Σουρμπούτσαλη", "kind": "spring", "osm": "n5115430469"}}, {"type": "Feature", "geometry": {"type": "Point", "coordinates": [21.611517, 39.721421]}, "properties": {"kind": "fountain", "osm": "n5116720523"}}, {"type": "Feature", "geometry": {"type": "Point", "coordinates": [21.617443, 39.704032]}, "properties": {"kind": "fountain", "osm": "n5116725721"}}, {"type": "Feature", "geometry": {"type": "Point", "coordinates": [25.218301, 37.576928]}, "properties": {"kind": "spring", "osm": "n5117012670"}}, {"type": "Feature", "geometry": {"type": "Point", "coordinates": [25.244144, 37.588819]}, "properties": {"description": "ΓΛΥΚΎ ΝΕΡΌ", "kind": "spring", "osm": "n5117012703"}}, {"type": "Feature", "geometry": {"type": "Point", "coordinates": [25.244281, 37.588938]}, "properties": {"description": "ΓΛΥΚΥ ΝΕΡΟ", "kind": "spring", "osm": "n5117012704"}}, {"type": "Feature", "geometry": {"type": "Point", "coordinates": [25.243521, 37.588641]}, "properties": {"kind": "spring", "osm": "n5117012705"}}, {"type": "Feature", "geometry": {"type": "Point", "coordinates": [25.219545, 37.572932]}, "properties": {"kind": "spring", "osm": "n5117012929"}}, {"type": "Feature", "geometry": {"type": "Point", "coordinates": [25.211723, 37.577289]}, "properties": {"kind": "spring", "osm": "n5117012930"}}, {"type": "Feature", "geometry": {"type": "Point", "coordinates": [25.559374, 35.042981]}, "properties": {"drinking_water": "yes", "kind": "fountain", "osm": "n5117657851"}}, {"type": "Feature", "geometry": {"type": "Point", "coordinates": [21.441096, 39.780185]}, "properties": {"kind": "fountain", "osm": "n5117667521"}}, {"type": "Feature", "geometry": {"type": "Point", "coordinates": [24.820861, 37.867476]}, "properties": {"drinking_water": "yes", "kind": "spring", "osm": "n5119970108"}}, {"type": "Feature", "geometry": {"type": "Point", "coordinates": [24.812, 37.86454]}, "properties": {"drinking_water": "yes", "kind": "spring", "osm": "n5120019306"}}, {"type": "Feature", "geometry": {"type": "Point", "coordinates": [23.594493, 38.275016]}, "properties": {"kind": "fountain", "osm": "n5122745180"}}, {"type": "Feature", "geometry": {"type": "Point", "coordinates": [24.402355, 35.198791]}, "properties": {"kind": "spring", "osm": "n5127145743"}}, {"type": "Feature", "geometry": {"type": "Point", "coordinates": [23.9126, 38.182949]}, "properties": {"kind": "fountain", "osm": "n5127184434"}}, {"type": "Feature", "geometry": {"type": "Point", "coordinates": [23.91272, 38.182687]}, "properties": {"kind": "fountain", "osm": "n5127184435"}}, {"type": "Feature", "geometry": {"type": "Point", "coordinates": [25.346275, 41.23043]}, "properties": {"kind": "fountain", "osm": "n5131508830"}}, {"type": "Feature", "geometry": {"type": "Point", "coordinates": [25.376422, 41.221169]}, "properties": {"kind": "fountain", "osm": "n5131513044"}}, {"type": "Feature", "geometry": {"type": "Point", "coordinates": [23.911505, 37.985417]}, "properties": {"kind": "fountain", "osm": "n5133311247"}}, {"type": "Feature", "geometry": {"type": "Point", "coordinates": [25.650783, 35.080347]}, "properties": {"name": "Κεφαλοβρύσι", "drinking_water": "yes", "kind": "fountain", "osm": "n5138402287"}}, {"type": "Feature", "geometry": {"type": "Point", "coordinates": [26.308804, 39.028266]}, "properties": {"drinking_water": "yes", "kind": "spring", "osm": "n5139777359"}}, {"type": "Feature", "geometry": {"type": "Point", "coordinates": [26.313809, 39.060748]}, "properties": {"drinking_water": "yes", "kind": "spring", "osm": "n5139780937"}}, {"type": "Feature", "geometry": {"type": "Point", "coordinates": [26.384345, 38.999813]}, "properties": {"drinking_water": "yes", "kind": "spring", "osm": "n5139788043"}}, {"type": "Feature", "geometry": {"type": "Point", "coordinates": [20.855911, 39.908071]}, "properties": {"kind": "fountain", "osm": "n5147033720"}}, {"type": "Feature", "geometry": {"type": "Point", "coordinates": [23.440569, 40.380056]}, "properties": {"kind": "fountain", "osm": "n5151887862"}}, {"type": "Feature", "geometry": {"type": "Point", "coordinates": [25.429993, 41.233681]}, "properties": {"kind": "fountain", "osm": "n5153555990"}}, {"type": "Feature", "geometry": {"type": "Point", "coordinates": [22.949472, 36.347247]}, "properties": {"name": "Πορτοκαλιά", "kind": "spring", "osm": "n5155139625"}}, {"type": "Feature", "geometry": {"type": "Point", "coordinates": [22.948965, 36.345871]}, "properties": {"name": "Αμήρ Αλή", "kind": "spring", "osm": "n5155154823"}}, {"type": "Feature", "geometry": {"type": "Point", "coordinates": [23.316377, 38.169681]}, "properties": {"name": "Water", "kind": "spring", "osm": "n5169824399"}}, {"type": "Feature", "geometry": {"type": "Point", "coordinates": [22.131607, 38.684801]}, "properties": {"kind": "spring", "osm": "n5170042292"}}, {"type": "Feature", "geometry": {"type": "Point", "coordinates": [20.785396, 39.543426]}, "properties": {"kind": "fountain", "osm": "n5172805022"}}, {"type": "Feature", "geometry": {"type": "Point", "coordinates": [20.940219, 39.740641]}, "properties": {"kind": "fountain", "osm": "n5174286723"}}, {"type": "Feature", "geometry": {"type": "Point", "coordinates": [20.924296, 39.736131]}, "properties": {"kind": "fountain", "osm": "n5174331234"}}, {"type": "Feature", "geometry": {"type": "Point", "coordinates": [20.867425, 39.76724]}, "properties": {"kind": "fountain", "osm": "n5174717122"}}, {"type": "Feature", "geometry": {"type": "Point", "coordinates": [20.864094, 39.777437]}, "properties": {"kind": "fountain", "osm": "n5174717521"}}, {"type": "Feature", "geometry": {"type": "Point", "coordinates": [20.820283, 39.791937]}, "properties": {"name": "Draga Fountain", "name:en": "Draga Fountain", "kind": "fountain", "osm": "n5174717721"}}, {"type": "Feature", "geometry": {"type": "Point", "coordinates": [20.800376, 39.786227]}, "properties": {"kind": "fountain", "osm": "n5174717821"}}, {"type": "Feature", "geometry": {"type": "Point", "coordinates": [20.739966, 39.897122]}, "properties": {"kind": "fountain", "osm": "n5176446222"}}, {"type": "Feature", "geometry": {"type": "Point", "coordinates": [20.679056, 39.933463]}, "properties": {"kind": "fountain", "osm": "n5176446223"}}, {"type": "Feature", "geometry": {"type": "Point", "coordinates": [20.757989, 39.819562]}, "properties": {"kind": "fountain", "osm": "n5176446423"}}, {"type": "Feature", "geometry": {"type": "Point", "coordinates": [20.678951, 39.933673]}, "properties": {"kind": "fountain", "osm": "n5176446425"}}, {"type": "Feature", "geometry": {"type": "Point", "coordinates": [20.778895, 39.805979]}, "properties": {"kind": "fountain", "osm": "n5176451222"}}, {"type": "Feature", "geometry": {"type": "Point", "coordinates": [20.748753, 39.873874]}, "properties": {"kind": "fountain", "osm": "n5176451224"}}, {"type": "Feature", "geometry": {"type": "Point", "coordinates": [20.690635, 39.939145]}, "properties": {"kind": "fountain", "osm": "n5176451226"}}, {"type": "Feature", "geometry": {"type": "Point", "coordinates": [20.707018, 39.951968]}, "properties": {"kind": "fountain", "osm": "n5176451227"}}, {"type": "Feature", "geometry": {"type": "Point", "coordinates": [20.882413, 39.834792]}, "properties": {"kind": "fountain", "osm": "n5176483522"}}, {"type": "Feature", "geometry": {"type": "Point", "coordinates": [20.881135, 39.830449]}, "properties": {"kind": "fountain", "osm": "n5176510721"}}, {"type": "Feature", "geometry": {"type": "Point", "coordinates": [20.886908, 39.82942]}, "properties": {"kind": "fountain", "osm": "n5176510722"}}, {"type": "Feature", "geometry": {"type": "Point", "coordinates": [22.427568, 38.900355]}, "properties": {"kind": "fountain", "osm": "n5176839923"}}, {"type": "Feature", "geometry": {"type": "Point", "coordinates": [21.10735, 39.845312]}, "properties": {"kind": "fountain", "osm": "n5178033124"}}, {"type": "Feature", "geometry": {"type": "Point", "coordinates": [21.344461, 39.843562]}, "properties": {"kind": "fountain", "osm": "n5178044922"}}, {"type": "Feature", "geometry": {"type": "Point", "coordinates": [21.347181, 39.823014]}, "properties": {"kind": "fountain", "osm": "n5178213626"}}, {"type": "Feature", "geometry": {"type": "Point", "coordinates": [21.760446, 39.563163]}, "properties": {"check_date": "2025-11-25", "kind": "fountain", "osm": "n5179399821"}}, {"type": "Feature", "geometry": {"type": "Point", "coordinates": [22.296655, 40.017631]}, "properties": {"kind": "fountain", "osm": "n5180218322"}}, {"type": "Feature", "geometry": {"type": "Point", "coordinates": [22.996435, 36.245118]}, "properties": {"name": "Βρύση Μητάτων", "name:el": "Βρύση Μητάτων", "name:en": "Water fountain of Mitata", "drinking_water": "yes", "kind": "spring", "osm": "n5182929622"}}, {"type": "Feature", "geometry": {"type": "Point", "coordinates": [22.996796, 36.23996]}, "properties": {"name": "Βρύση Βιαράδικα", "name:el": "Βρύση Βιαράδικα", "name:en": "Water fountain Viaradika", "drinking_water": "yes", "kind": "spring", "osm": "n5182929623"}}, {"type": "Feature", "geometry": {"type": "Point", "coordinates": [21.739956, 38.244881]}, "properties": {"name": "Water tap", "kind": "fountain", "osm": "n5190418164"}}, {"type": "Feature", "geometry": {"type": "Point", "coordinates": [22.238228, 37.574806]}, "properties": {"kind": "fountain", "osm": "n5190925112"}}, {"type": "Feature", "geometry": {"type": "Point", "coordinates": [22.470773, 37.999005]}, "properties": {"drinking_water": "yes", "kind": "spring", "osm": "n5199754841"}}, {"type": "Feature", "geometry": {"type": "Point", "coordinates": [19.726231, 39.676248]}, "properties": {"kind": "fountain", "osm": "n5202585380"}}, {"type": "Feature", "geometry": {"type": "Point", "coordinates": [19.761805, 39.632093]}, "properties": {"kind": "fountain", "osm": "n5202585415"}}, {"type": "Feature", "geometry": {"type": "Point", "coordinates": [19.797424, 39.604858]}, "properties": {"kind": "fountain", "osm": "n5202585643"}}, {"type": "Feature", "geometry": {"type": "Point", "coordinates": [19.820745, 39.592134]}, "properties": {"kind": "fountain", "osm": "n5202585667"}}, {"type": "Feature", "geometry": {"type": "Point", "coordinates": [19.849548, 39.565619]}, "properties": {"kind": "fountain", "osm": "n5202585668"}}, {"type": "Feature", "geometry": {"type": "Point", "coordinates": [19.707696, 39.681285]}, "properties": {"check_date": "2024-05-12", "kind": "fountain", "osm": "n5202650382"}}, {"type": "Feature", "geometry": {"type": "Point", "coordinates": [22.396262, 40.156977]}, "properties": {"kind": "spring", "osm": "n5216052361"}}, {"type": "Feature", "geometry": {"type": "Point", "coordinates": [22.400064, 40.148245]}, "properties": {"name": "Ίταμος", "kind": "spring", "osm": "n5216052362"}}, {"type": "Feature", "geometry": {"type": "Point", "coordinates": [21.162596, 39.777618]}, "properties": {"kind": "spring", "osm": "n5217573599"}}, {"type": "Feature", "geometry": {"type": "Point", "coordinates": [20.383037, 39.767552]}, "properties": {"kind": "fountain", "osm": "n5224145986"}}, {"type": "Feature", "geometry": {"type": "Point", "coordinates": [20.389831, 39.773296]}, "properties": {"kind": "fountain", "osm": "n5224145987"}}, {"type": "Feature", "geometry": {"type": "Point", "coordinates": [22.004828, 37.687168]}, "properties": {"name": "Τρεις Βρύσες", "kind": "fountain", "osm": "n5228241229"}}, {"type": "Feature", "geometry": {"type": "Point", "coordinates": [23.753872, 37.985927]}, "properties": {"kind": "fountain", "osm": "n5228464068"}}, {"type": "Feature", "geometry": {"type": "Point", "coordinates": [22.006994, 40.385908]}, "properties": {"kind": "fountain", "osm": "n5230085923"}}, {"type": "Feature", "geometry": {"type": "Point", "coordinates": [21.994079, 40.380142]}, "properties": {"kind": "fountain", "osm": "n5230085924"}}, {"type": "Feature", "geometry": {"type": "Point", "coordinates": [22.0121, 40.375033]}, "properties": {"kind": "fountain", "osm": "n5230085925"}}, {"type": "Feature", "geometry": {"type": "Point", "coordinates": [21.58162, 40.242307]}, "properties": {"kind": "fountain", "osm": "n5230085931"}}, {"type": "Feature", "geometry": {"type": "Point", "coordinates": [22.023414, 40.372625]}, "properties": {"kind": "tap", "osm": "n5230101923"}}, {"type": "Feature", "geometry": {"type": "Point", "coordinates": [21.986488, 40.36235]}, "properties": {"kind": "fountain", "osm": "n5230101924"}}, {"type": "Feature", "geometry": {"type": "Point", "coordinates": [22.123216, 40.40689]}, "properties": {"kind": "fountain", "osm": "n5230385524"}}, {"type": "Feature", "geometry": {"type": "Point", "coordinates": [21.937038, 40.42977]}, "properties": {"kind": "fountain", "osm": "n5230389021"}}, {"type": "Feature", "geometry": {"type": "Point", "coordinates": [21.741805, 39.964612]}, "properties": {"kind": "fountain", "osm": "n5233355461"}}, {"type": "Feature", "geometry": {"type": "Point", "coordinates": [22.411841, 39.624621]}, "properties": {"drinking_water": "yes", "kind": "tap", "osm": "n5234751658"}}, {"type": "Feature", "geometry": {"type": "Point", "coordinates": [21.723282, 38.828528]}, "properties": {"kind": "fountain", "osm": "n5236371331"}}, {"type": "Feature", "geometry": {"type": "Point", "coordinates": [22.412383, 39.624414]}, "properties": {"drinking_water": "yes", "kind": "tap", "osm": "n5237472567"}}, {"type": "Feature", "geometry": {"type": "Point", "coordinates": [22.417005, 39.629616]}, "properties": {"drinking_water": "yes", "kind": "tap", "osm": "n5237473672"}}, {"type": "Feature", "geometry": {"type": "Point", "coordinates": [23.547227, 41.099184]}, "properties": {"kind": "fountain", "osm": "n5242565726"}}, {"type": "Feature", "geometry": {"type": "Point", "coordinates": [23.537989, 41.087156]}, "properties": {"name": "Νερό", "kind": "fountain", "osm": "n5242575021"}}, {"type": "Feature", "geometry": {"type": "Point", "coordinates": [25.452982, 41.272752]}, "properties": {"kind": "fountain", "osm": "n5246050864"}}, {"type": "Feature", "geometry": {"type": "Point", "coordinates": [25.421329, 41.255437]}, "properties": {"kind": "fountain", "osm": "n5246051839"}}, {"type": "Feature", "geometry": {"type": "Point", "coordinates": [25.291424, 41.193479]}, "properties": {"kind": "fountain", "osm": "n5246053111"}}, {"type": "Feature", "geometry": {"type": "Point", "coordinates": [25.278884, 41.178705]}, "properties": {"kind": "fountain", "osm": "n5246055542"}}, {"type": "Feature", "geometry": {"type": "Point", "coordinates": [20.180846, 39.625506]}, "properties": {"kind": "fountain", "osm": "n5246845822"}}, {"type": "Feature", "geometry": {"type": "Point", "coordinates": [19.720987, 39.724351]}, "properties": {"kind": "fountain", "osm": "n5249376162"}}, {"type": "Feature", "geometry": {"type": "Point", "coordinates": [19.723676, 39.721671]}, "properties": {"kind": "fountain", "osm": "n5249376171"}}, {"type": "Feature", "geometry": {"type": "Point", "coordinates": [19.719469, 39.722851]}, "properties": {"kind": "fountain", "osm": "n5249376173"}}, {"type": "Feature", "geometry": {"type": "Point", "coordinates": [19.701807, 39.70781]}, "properties": {"kind": "fountain", "osm": "n5249376192"}}, {"type": "Feature", "geometry": {"type": "Point", "coordinates": [19.679441, 39.743698]}, "properties": {"kind": "fountain", "osm": "n5249376216"}}, {"type": "Feature", "geometry": {"type": "Point", "coordinates": [19.682219, 39.7466]}, "properties": {"kind": "fountain", "osm": "n5249376217"}}, {"type": "Feature", "geometry": {"type": "Point", "coordinates": [19.658222, 39.729699]}, "properties": {"kind": "fountain", "osm": "n5249376924"}}, {"type": "Feature", "geometry": {"type": "Point", "coordinates": [21.802865, 37.852902]}, "properties": {"name": "Πηγή πάνω Γαβροβίκου", "kind": "fountain", "osm": "n5249389826"}}, {"type": "Feature", "geometry": {"type": "Point", "coordinates": [22.5461, 37.639254]}, "properties": {"kind": "fountain", "osm": "n5250390681"}}, {"type": "Feature", "geometry": {"type": "Point", "coordinates": [19.817539, 39.744398]}, "properties": {"kind": "fountain", "osm": "n5252770606"}}, {"type": "Feature", "geometry": {"type": "Point", "coordinates": [19.822498, 39.763587]}, "properties": {"kind": "fountain", "osm": "n5252770612"}}, {"type": "Feature", "geometry": {"type": "Point", "coordinates": [21.786686, 36.987802]}, "properties": {"kind": "spring", "osm": "n5257855553"}}, {"type": "Feature", "geometry": {"type": "Point", "coordinates": [24.969988, 41.354211]}, "properties": {"kind": "spring", "osm": "n5262266228"}}, {"type": "Feature", "geometry": {"type": "Point", "coordinates": [21.440991, 37.668073]}, "properties": {"access": "yes", "wheelchair": "limited", "kind": "fountain", "osm": "n5266413677"}}, {"type": "Feature", "geometry": {"type": "Point", "coordinates": [21.429044, 37.670145]}, "properties": {"kind": "fountain", "osm": "n5266413679"}}, {"type": "Feature", "geometry": {"type": "Point", "coordinates": [22.724594, 38.891727]}, "properties": {"kind": "fountain", "osm": "n5267704422"}}, {"type": "Feature", "geometry": {"type": "Point", "coordinates": [22.31857, 40.900227]}, "properties": {"kind": "spring", "osm": "n5271349801"}}, {"type": "Feature", "geometry": {"type": "Point", "coordinates": [21.102713, 39.522756]}, "properties": {"kind": "spring", "osm": "n5272289794"}}, {"type": "Feature", "geometry": {"type": "Point", "coordinates": [25.913062, 40.853241]}, "properties": {"kind": "fountain", "osm": "n5273039124"}}, {"type": "Feature", "geometry": {"type": "Point", "coordinates": [23.587885, 38.462598]}, "properties": {"kind": "fountain", "osm": "n5276546466"}}, {"type": "Feature", "geometry": {"type": "Point", "coordinates": [22.076741, 40.387049]}, "properties": {"kind": "fountain", "osm": "n5277964488"}}, {"type": "Feature", "geometry": {"type": "Point", "coordinates": [25.69646, 40.864938]}, "properties": {"kind": "fountain", "osm": "n5279739721"}}, {"type": "Feature", "geometry": {"type": "Point", "coordinates": [25.530539, 41.26044]}, "properties": {"kind": "fountain", "osm": "n5280553783"}}, {"type": "Feature", "geometry": {"type": "Point", "coordinates": [25.531259, 41.253767]}, "properties": {"kind": "fountain", "osm": "n5280553785"}}, {"type": "Feature", "geometry": {"type": "Point", "coordinates": [25.54263, 41.255375]}, "properties": {"kind": "fountain", "osm": "n5280553787"}}, {"type": "Feature", "geometry": {"type": "Point", "coordinates": [25.548164, 41.262222]}, "properties": {"kind": "fountain", "osm": "n5280553788"}}, {"type": "Feature", "geometry": {"type": "Point", "coordinates": [25.543625, 41.26707]}, "properties": {"kind": "fountain", "osm": "n5280553789"}}, {"type": "Feature", "geometry": {"type": "Point", "coordinates": [25.54024, 41.284474]}, "properties": {"kind": "fountain", "osm": "n5280553791"}}, {"type": "Feature", "geometry": {"type": "Point", "coordinates": [25.495958, 41.237576]}, "properties": {"drinking_water": "yes", "kind": "fountain", "osm": "n5280663010"}}, {"type": "Feature", "geometry": {"type": "Point", "coordinates": [25.562252, 41.257548]}, "properties": {"kind": "fountain", "osm": "n5280664021"}}, {"type": "Feature", "geometry": {"type": "Point", "coordinates": [25.568258, 41.236161]}, "properties": {"kind": "fountain", "osm": "n5280664022"}}, {"type": "Feature", "geometry": {"type": "Point", "coordinates": [25.567225, 41.237504]}, "properties": {"kind": "fountain", "osm": "n5280664023"}}, {"type": "Feature", "geometry": {"type": "Point", "coordinates": [22.05243, 38.610456]}, "properties": {"name": "Πηγές Τρίστενου", "kind": "fountain", "osm": "n5284392672"}}, {"type": "Feature", "geometry": {"type": "Point", "coordinates": [25.631632, 41.119273]}, "properties": {"kind": "fountain", "osm": "n5287562442"}}, {"type": "Feature", "geometry": {"type": "Point", "coordinates": [21.367501, 38.156216]}, "properties": {"kind": "fountain", "osm": "n5289167728"}}, {"type": "Feature", "geometry": {"type": "Point", "coordinates": [21.922231, 37.179627]}, "properties": {"name": "Κλεψύδρα", "name:el": "Κλεψύδρα", "name:en": "Klepsydra", "drinking_water": "yes", "kind": "spring", "osm": "n5295657921"}}, {"type": "Feature", "geometry": {"type": "Point", "coordinates": [24.646272, 40.718762]}, "properties": {"kind": "fountain", "osm": "n5309710628"}}, {"type": "Feature", "geometry": {"type": "Point", "coordinates": [25.425031, 41.176972]}, "properties": {"name": "3η βρύση", "name:el": "3η βρύση", "name:en": "3rd Vrysi", "kind": "fountain", "osm": "n5310437936"}}, {"type": "Feature", "geometry": {"type": "Point", "coordinates": [21.077118, 39.490514]}, "properties": {"kind": "fountain", "osm": "n5317141218"}}, {"type": "Feature", "geometry": {"type": "Point", "coordinates": [22.105984, 38.803213]}, "properties": {"kind": "fountain", "osm": "n5318155005"}}, {"type": "Feature", "geometry": {"type": "Point", "coordinates": [23.689228, 40.251734]}, "properties": {"kind": "spring", "osm": "n5318907617"}}, {"type": "Feature", "geometry": {"type": "Point", "coordinates": [21.651239, 38.734089]}, "properties": {"kind": "fountain", "osm": "n5320213830"}}, {"type": "Feature", "geometry": {"type": "Point", "coordinates": [24.504645, 35.216368]}, "properties": {"kind": "spring", "osm": "n5321925228"}}, {"type": "Feature", "geometry": {"type": "Point", "coordinates": [21.441548, 37.672483]}, "properties": {"kind": "fountain", "osm": "n5331191989"}}, {"type": "Feature", "geometry": {"type": "Point", "coordinates": [21.874996, 38.498327]}, "properties": {"kind": "fountain", "osm": "n5333278072"}}, {"type": "Feature", "geometry": {"type": "Point", "coordinates": [25.357447, 35.33588]}, "properties": {"access": "customers", "kind": "fountain", "osm": "n5334761190"}}, {"type": "Feature", "geometry": {"type": "Point", "coordinates": [25.356799, 35.33634]}, "properties": {"access": "customers", "kind": "fountain", "osm": "n5334781010"}}, {"type": "Feature", "geometry": {"type": "Point", "coordinates": [23.059909, 36.508728]}, "properties": {"kind": "fountain", "osm": "n5343435921"}}, {"type": "Feature", "geometry": {"type": "Point", "coordinates": [22.806561, 37.565883]}, "properties": {"check_date": "2024-05-20", "kind": "fountain", "osm": "n5351160022"}}, {"type": "Feature", "geometry": {"type": "Point", "coordinates": [23.84539, 38.561131]}, "properties": {"kind": "fountain", "osm": "n5353181055"}}, {"type": "Feature", "geometry": {"type": "Point", "coordinates": [23.31477, 38.315205]}, "properties": {"kind": "fountain", "osm": "n5372115824"}}, {"type": "Feature", "geometry": {"type": "Point", "coordinates": [22.869528, 37.244637]}, "properties": {"kind": "fountain", "osm": "n5377867525"}}, {"type": "Feature", "geometry": {"type": "Point", "coordinates": [23.03902, 36.686167]}, "properties": {"kind": "fountain", "osm": "n5377881721"}}, {"type": "Feature", "geometry": {"type": "Point", "coordinates": [23.038444, 36.682046]}, "properties": {"kind": "fountain", "osm": "n5377881821"}}, {"type": "Feature", "geometry": {"type": "Point", "coordinates": [24.146424, 41.148218]}, "properties": {"kind": "fountain", "osm": "n5384664840"}}, {"type": "Feature", "geometry": {"type": "Point", "coordinates": [24.153958, 41.14522]}, "properties": {"kind": "fountain", "osm": "n5384682523"}}, {"type": "Feature", "geometry": {"type": "Point", "coordinates": [24.146319, 41.148255]}, "properties": {"kind": "tap", "osm": "n5384729124"}}, {"type": "Feature", "geometry": {"type": "Point", "coordinates": [24.16169, 41.16591]}, "properties": {"kind": "tap", "osm": "n5387752835"}}, {"type": "Feature", "geometry": {"type": "Point", "coordinates": [24.1618, 41.166036]}, "properties": {"kind": "fountain", "osm": "n5388026670"}}, {"type": "Feature", "geometry": {"type": "Point", "coordinates": [24.283269, 41.411704]}, "properties": {"kind": "fountain", "osm": "n5389741557"}}, {"type": "Feature", "geometry": {"type": "Point", "coordinates": [26.981263, 36.990902]}, "properties": {"kind": "fountain", "osm": "n5390694973"}}, {"type": "Feature", "geometry": {"type": "Point", "coordinates": [23.653821, 41.100931]}, "properties": {"operator": "Ποτίστρα ζώων", "kind": "fountain", "osm": "n5398111929"}}, {"type": "Feature", "geometry": {"type": "Point", "coordinates": [23.674895, 41.244678]}, "properties": {"kind": "fountain", "osm": "n5398177859"}}, {"type": "Feature", "geometry": {"type": "Point", "coordinates": [22.944469, 40.636765]}, "properties": {"check_date": "2026-04-16", "kind": "fountain", "osm": "n5400915227"}}, {"type": "Feature", "geometry": {"type": "Point", "coordinates": [22.596141, 40.453689]}, "properties": {"kind": "fountain", "osm": "n5401695535"}}, {"type": "Feature", "geometry": {"type": "Point", "coordinates": [23.526329, 41.087665]}, "properties": {"kind": "fountain", "osm": "n5403488119"}}, {"type": "Feature", "geometry": {"type": "Point", "coordinates": [20.961426, 39.676028]}, "properties": {"kind": "fountain", "osm": "n5407398323"}}, {"type": "Feature", "geometry": {"type": "Point", "coordinates": [20.961386, 39.676029]}, "properties": {"kind": "tap", "osm": "n5407416621"}}, {"type": "Feature", "geometry": {"type": "Point", "coordinates": [20.819692, 39.905696]}, "properties": {"kind": "fountain", "osm": "n5408492391"}}, {"type": "Feature", "geometry": {"type": "Point", "coordinates": [20.821774, 39.790533]}, "properties": {"kind": "fountain", "osm": "n5412679035"}}, {"type": "Feature", "geometry": {"type": "Point", "coordinates": [20.865795, 39.765917]}, "properties": {"kind": "fountain", "osm": "n5413612674"}}, {"type": "Feature", "geometry": {"type": "Point", "coordinates": [20.866297, 39.765993]}, "properties": {"kind": "fountain", "osm": "n5415442244"}}, {"type": "Feature", "geometry": {"type": "Point", "coordinates": [23.594998, 41.276677]}, "properties": {"name": "Πηγή", "kind": "spring", "osm": "n5416053403"}}, {"type": "Feature", "geometry": {"type": "Point", "coordinates": [20.517971, 39.876269]}, "properties": {"kind": "fountain", "osm": "n5418052525"}}, {"type": "Feature", "geometry": {"type": "Point", "coordinates": [26.379869, 39.082555]}, "properties": {"kind": "spring", "osm": "n5429068510"}}, {"type": "Feature", "geometry": {"type": "Point", "coordinates": [20.914824, 39.823418]}, "properties": {"name": "Τρεις Βρύσες", "covered": "yes", "kind": "fountain", "osm": "n5430858273"}}, {"type": "Feature", "geometry": {"type": "Point", "coordinates": [20.914753, 39.741964]}, "properties": {"covered": "yes", "kind": "fountain", "osm": "n5431392087"}}, {"type": "Feature", "geometry": {"type": "Point", "coordinates": [20.8501, 39.910858]}, "properties": {"covered": "yes", "kind": "fountain", "osm": "n5431674252"}}, {"type": "Feature", "geometry": {"type": "Point", "coordinates": [25.700363, 35.105034]}, "properties": {"kind": "spring", "osm": "n5433299352"}}, {"type": "Feature", "geometry": {"type": "Point", "coordinates": [25.700324, 35.104715]}, "properties": {"kind": "spring", "osm": "n5433299353"}}, {"type": "Feature", "geometry": {"type": "Point", "coordinates": [23.586273, 41.258344]}, "properties": {"name": "Πηγή", "kind": "spring", "osm": "n5433455723"}}, {"type": "Feature", "geometry": {"type": "Point", "coordinates": [21.001517, 39.792895]}, "properties": {"covered": "yes", "kind": "fountain", "osm": "n5433707272"}}, {"type": "Feature", "geometry": {"type": "Point", "coordinates": [23.061319, 36.595404]}, "properties": {"kind": "fountain", "osm": "n5433834178"}}, {"type": "Feature", "geometry": {"type": "Point", "coordinates": [20.746638, 39.826601]}, "properties": {"covered": "yes", "kind": "fountain", "osm": "n5438175750"}}, {"type": "Feature", "geometry": {"type": "Point", "coordinates": [23.354864, 37.501988]}, "properties": {"kind": "fountain", "osm": "n5439119723"}}, {"type": "Feature", "geometry": {"type": "Point", "coordinates": [24.059041, 38.180641]}, "properties": {"kind": "fountain", "osm": "n5439119725"}}, {"type": "Feature", "geometry": {"type": "Point", "coordinates": [23.121509, 37.416885]}, "properties": {"kind": "fountain", "osm": "n5439134922"}}, {"type": "Feature", "geometry": {"type": "Point", "coordinates": [21.846154, 37.311663]}, "properties": {"kind": "spring", "osm": "n5440720142"}}, {"type": "Feature", "geometry": {"type": "Point", "coordinates": [20.201647, 39.637323]}, "properties": {"kind": "fountain", "osm": "n5451439671"}}, {"type": "Feature", "geometry": {"type": "Point", "coordinates": [20.201898, 39.637383]}, "properties": {"kind": "fountain", "osm": "n5451599588"}}, {"type": "Feature", "geometry": {"type": "Point", "coordinates": [23.72575, 37.970961]}, "properties": {"bottle": "yes", "check_date": "2026-08-18", "kind": "fountain", "osm": "n5457852312"}}, {"type": "Feature", "geometry": {"type": "Point", "coordinates": [21.046145, 38.842115]}, "properties": {"kind": "fountain", "osm": "n5459763787"}}, {"type": "Feature", "geometry": {"type": "Point", "coordinates": [20.326042, 39.654536]}, "properties": {"kind": "fountain", "osm": "n5469162316"}}, {"type": "Feature", "geometry": {"type": "Point", "coordinates": [20.514284, 39.645998]}, "properties": {"kind": "fountain", "osm": "n5471296086"}}, {"type": "Feature", "geometry": {"type": "Point", "coordinates": [22.946008, 40.676151]}, "properties": {"kind": "fountain", "osm": "n5472724507"}}, {"type": "Feature", "geometry": {"type": "Point", "coordinates": [20.533553, 39.577023]}, "properties": {"kind": "fountain", "osm": "n5472983487"}}, {"type": "Feature", "geometry": {"type": "Point", "coordinates": [23.961133, 39.982767]}, "properties": {"kind": "fountain", "osm": "n5478159549"}}, {"type": "Feature", "geometry": {"type": "Point", "coordinates": [20.417638, 39.764488]}, "properties": {"kind": "fountain", "osm": "n5486903074"}}, {"type": "Feature", "geometry": {"type": "Point", "coordinates": [20.408675, 39.758739]}, "properties": {"kind": "fountain", "osm": "n5491190148"}}, {"type": "Feature", "geometry": {"type": "Point", "coordinates": [20.407814, 39.761967]}, "properties": {"kind": "fountain", "osm": "n5493724387"}}, {"type": "Feature", "geometry": {"type": "Point", "coordinates": [22.059944, 38.551037]}, "properties": {"kind": "spring", "osm": "n5494080957"}}, {"type": "Feature", "geometry": {"type": "Point", "coordinates": [23.447525, 40.374153]}, "properties": {"kind": "fountain", "osm": "n5502799165"}}, {"type": "Feature", "geometry": {"type": "Point", "coordinates": [22.121769, 38.949927]}, "properties": {"kind": "spring", "osm": "n5507523521"}}, {"type": "Feature", "geometry": {"type": "Point", "coordinates": [20.848972, 39.994259]}, "properties": {"name": "Νεραϊδόβρυση", "kind": "fountain", "osm": "n5507847412"}}, {"type": "Feature", "geometry": {"type": "Point", "coordinates": [21.192778, 39.689389]}, "properties": {"kind": "fountain", "osm": "n5513980517"}}, {"type": "Feature", "geometry": {"type": "Point", "coordinates": [23.707549, 37.935408]}, "properties": {"drinking_water": "yes", "kind": "tap", "osm": "n5519254811"}}, {"type": "Feature", "geometry": {"type": "Point", "coordinates": [22.080804, 40.436779]}, "properties": {"kind": "fountain", "osm": "n5522879542"}}, {"type": "Feature", "geometry": {"type": "Point", "coordinates": [22.001351, 40.477849]}, "properties": {"kind": "fountain", "osm": "n5522894778"}}, {"type": "Feature", "geometry": {"type": "Point", "coordinates": [22.033313, 40.325156]}, "properties": {"kind": "fountain", "osm": "n5539609782"}}, {"type": "Feature", "geometry": {"type": "Point", "coordinates": [21.495337, 39.502615]}, "properties": {"kind": "fountain", "osm": "n5541607870"}}, {"type": "Feature", "geometry": {"type": "Point", "coordinates": [22.927713, 41.283943]}, "properties": {"kind": "fountain", "osm": "n5548503184"}}, {"type": "Feature", "geometry": {"type": "Point", "coordinates": [22.928619, 41.284559]}, "properties": {"kind": "fountain", "osm": "n5548521828"}}, {"type": "Feature", "geometry": {"type": "Point", "coordinates": [22.928865, 41.280134]}, "properties": {"kind": "fountain", "osm": "n5548557328"}}, {"type": "Feature", "geometry": {"type": "Point", "coordinates": [22.931006, 41.283931]}, "properties": {"kind": "fountain", "osm": "n5548579237"}}, {"type": "Feature", "geometry": {"type": "Point", "coordinates": [22.938688, 41.28533]}, "properties": {"kind": "fountain", "osm": "n5548584067"}}, {"type": "Feature", "geometry": {"type": "Point", "coordinates": [21.948298, 37.167678]}, "properties": {"name": "Βρύση του Τζούμα", "name:el": "Βρύση του Τζούμα", "name:en": "Tzouma's spring", "kind": "fountain", "osm": "n5548876421"}}, {"type": "Feature", "geometry": {"type": "Point", "coordinates": [22.569471, 41.00046]}, "properties": {"kind": "fountain", "osm": "n5549912708"}}, {"type": "Feature", "geometry": {"type": "Point", "coordinates": [23.313934, 39.236069]}, "properties": {"kind": "fountain", "osm": "n5553782823"}}, {"type": "Feature", "geometry": {"type": "Point", "coordinates": [21.805628, 37.857432]}, "properties": {"name": "Στεργιανή", "kind": "spring", "osm": "n5566149021"}}, {"type": "Feature", "geometry": {"type": "Point", "coordinates": [21.982465, 39.062747]}, "properties": {"name": "Χαλίκω", "kind": "spring", "osm": "n5566239957"}}, {"type": "Feature", "geometry": {"type": "Point", "coordinates": [21.943083, 38.991717]}, "properties": {"kind": "spring", "osm": "n5566371077"}}, {"type": "Feature", "geometry": {"type": "Point", "coordinates": [21.912976, 39.00281]}, "properties": {"kind": "spring", "osm": "n5566486829"}}, {"type": "Feature", "geometry": {"type": "Point", "coordinates": [22.369628, 37.074521]}, "properties": {"kind": "fountain", "osm": "n5570615554"}}, {"type": "Feature", "geometry": {"type": "Point", "coordinates": [22.368675, 37.075896]}, "properties": {"kind": "fountain", "osm": "n5570782721"}}, {"type": "Feature", "geometry": {"type": "Point", "coordinates": [22.374818, 37.069175]}, "properties": {"kind": "tap", "osm": "n5570898224"}}, {"type": "Feature", "geometry": {"type": "Point", "coordinates": [22.074454, 39.033269]}, "properties": {"kind": "spring", "osm": "n5573897529"}}, {"type": "Feature", "geometry": {"type": "Point", "coordinates": [22.233932, 36.885213]}, "properties": {"kind": "fountain", "osm": "n5575437521"}}, {"type": "Feature", "geometry": {"type": "Point", "coordinates": [22.233932, 36.885299]}, "properties": {"kind": "fountain", "osm": "n5575437721"}}, {"type": "Feature", "geometry": {"type": "Point", "coordinates": [21.911101, 38.927764]}, "properties": {"kind": "spring", "osm": "n5580637289"}}, {"type": "Feature", "geometry": {"type": "Point", "coordinates": [21.899758, 38.982605]}, "properties": {"kind": "spring", "osm": "n5580758894"}}, {"type": "Feature", "geometry": {"type": "Point", "coordinates": [23.777831, 37.942258]}, "properties": {"kind": "fountain", "osm": "n5584790639"}}, {"type": "Feature", "geometry": {"type": "Point", "coordinates": [22.179439, 38.190605]}, "properties": {"drinking_water": "yes", "kind": "fountain", "osm": "n5586499121"}}, {"type": "Feature", "geometry": {"type": "Point", "coordinates": [21.801092, 37.854324]}, "properties": {"kind": "fountain", "osm": "n5586537546"}}, {"type": "Feature", "geometry": {"type": "Point", "coordinates": [21.794311, 37.851469]}, "properties": {"name": "Πηγή Σκαφιδακι", "kind": "fountain", "osm": "n5586537547"}}, {"type": "Feature", "geometry": {"type": "Point", "coordinates": [21.788603, 37.848504]}, "properties": {"name": "Πηγή Γιαννουλιτσα", "kind": "fountain", "osm": "n5586537548"}}, {"type": "Feature", "geometry": {"type": "Point", "coordinates": [21.785771, 37.848115]}, "properties": {"name": "Πηγή Ιτιές", "kind": "fountain", "osm": "n5586537549"}}, {"type": "Feature", "geometry": {"type": "Point", "coordinates": [21.799064, 37.849767]}, "properties": {"name": "Πηγή Θιάσκος", "kind": "fountain", "osm": "n5586537550"}}, {"type": "Feature", "geometry": {"type": "Point", "coordinates": [21.800287, 37.852424]}, "properties": {"name": "Περδικόβρυση", "kind": "fountain", "osm": "n5586537551"}}, {"type": "Feature", "geometry": {"type": "Point", "coordinates": [21.796092, 37.860272]}, "properties": {"name": "Πηγή Μάραθος", "kind": "fountain", "osm": "n5586537557"}}, {"type": "Feature", "geometry": {"type": "Point", "coordinates": [21.799, 37.83986]}, "properties": {"description": "Γάβρος", "kind": "fountain", "osm": "n5586537596"}}, {"type": "Feature", "geometry": {"type": "Point", "coordinates": [21.816699, 37.84158]}, "properties": {"name": "Πηγή Μπαλέικη", "kind": "fountain", "osm": "n5586537648"}}, {"type": "Feature", "geometry": {"type": "Point", "coordinates": [21.824242, 37.847909]}, "properties": {"kind": "fountain", "osm": "n5586537649"}}, {"type": "Feature", "geometry": {"type": "Point", "coordinates": [21.81104, 37.831261]}, "properties": {"name": "Κρυάβρυση", "kind": "fountain", "osm": "n5586537650"}}, {"type": "Feature", "geometry": {"type": "Point", "coordinates": [21.824137, 37.860447]}, "properties": {"name": "Βαγένι", "kind": "fountain", "osm": "n5586927868"}}, {"type": "Feature", "geometry": {"type": "Point", "coordinates": [23.09668, 41.207589]}, "properties": {"check_date": "2025-06-12", "kind": "fountain", "osm": "n5589150561"}}, {"type": "Feature", "geometry": {"type": "Point", "coordinates": [23.103553, 39.444101]}, "properties": {"kind": "fountain", "osm": "n5590010322"}}, {"type": "Feature", "geometry": {"type": "Point", "coordinates": [21.807264, 37.872482]}, "properties": {"name": "Πηγή Πλάκας", "kind": "fountain", "osm": "n5590011807"}}, {"type": "Feature", "geometry": {"type": "Point", "coordinates": [24.229949, 40.25672]}, "properties": {"kind": "fountain", "osm": "n5590587701"}}, {"type": "Feature", "geometry": {"type": "Point", "coordinates": [24.270636, 40.179904]}, "properties": {"kind": "fountain", "osm": "n5590600080"}}, {"type": "Feature", "geometry": {"type": "Point", "coordinates": [24.283172, 40.192235]}, "properties": {"kind": "fountain", "osm": "n5590600222"}}, {"type": "Feature", "geometry": {"type": "Point", "coordinates": [24.28277, 40.195087]}, "properties": {"kind": "fountain", "osm": "n5590600223"}}, {"type": "Feature", "geometry": {"type": "Point", "coordinates": [23.251273, 40.670839]}, "properties": {"kind": "fountain", "osm": "n5591062179"}}, {"type": "Feature", "geometry": {"type": "Point", "coordinates": [22.412935, 38.924304]}, "properties": {"kind": "fountain", "osm": "n5591067856"}}, {"type": "Feature", "geometry": {"type": "Point", "coordinates": [22.4327, 38.902291]}, "properties": {"name": "Επτά Βρύσες", "kind": "fountain", "osm": "n5591080348"}}, {"type": "Feature", "geometry": {"type": "Point", "coordinates": [22.431182, 38.899497]}, "properties": {"kind": "fountain", "osm": "n5591081310"}}, {"type": "Feature", "geometry": {"type": "Point", "coordinates": [21.344545, 40.37276]}, "properties": {"kind": "fountain", "osm": "n5591692839"}}, {"type": "Feature", "geometry": {"type": "Point", "coordinates": [24.7994, 34.973405]}, "properties": {"kind": "fountain", "osm": "n5592295859"}}, {"type": "Feature", "geometry": {"type": "Point", "coordinates": [25.382227, 35.02388]}, "properties": {"kind": "fountain", "osm": "n5592296571"}}, {"type": "Feature", "geometry": {"type": "Point", "coordinates": [25.227211, 34.996077]}, "properties": {"kind": "fountain", "osm": "n5592298199"}}, {"type": "Feature", "geometry": {"type": "Point", "coordinates": [24.125827, 35.433495]}, "properties": {"kind": "fountain", "osm": "n5592300041"}}, {"type": "Feature", "geometry": {"type": "Point", "coordinates": [24.382667, 35.205778]}, "properties": {"kind": "fountain", "osm": "n5592300138"}}, {"type": "Feature", "geometry": {"type": "Point", "coordinates": [21.482172, 40.048835]}, "properties": {"kind": "spring", "osm": "n5592367434"}}, {"type": "Feature", "geometry": {"type": "Point", "coordinates": [21.625223, 39.723603]}, "properties": {"kind": "fountain", "osm": "n5594308723"}}, {"type": "Feature", "geometry": {"type": "Point", "coordinates": [22.505077, 38.483032]}, "properties": {"name": "Κασταλία Πηγή", "kind": "fountain", "osm": "n5595978121"}}, {"type": "Feature", "geometry": {"type": "Point", "coordinates": [23.276277, 40.63417]}, "properties": {"kind": "fountain", "osm": "n5597326919"}}, {"type": "Feature", "geometry": {"type": "Point", "coordinates": [23.272779, 40.636231]}, "properties": {"kind": "fountain", "osm": "n5597327532"}}, {"type": "Feature", "geometry": {"type": "Point", "coordinates": [22.132031, 41.007385]}, "properties": {"description": "Standard plug.", "kind": "fountain", "osm": "n5598926138"}}, {"type": "Feature", "geometry": {"type": "Point", "coordinates": [23.977023, 40.100977]}, "properties": {"description": "Standard plug.", "kind": "fountain", "osm": "n5598937094"}}, {"type": "Feature", "geometry": {"type": "Point", "coordinates": [20.461894, 39.527246]}, "properties": {"kind": "fountain", "osm": "n5604848637"}}, {"type": "Feature", "geometry": {"type": "Point", "coordinates": [23.074979, 37.599631]}, "properties": {"kind": "fountain", "osm": "n5609511721"}}, {"type": "Feature", "geometry": {"type": "Point", "coordinates": [26.286036, 41.70053]}, "properties": {"kind": "fountain", "osm": "n5614876410"}}, {"type": "Feature", "geometry": {"type": "Point", "coordinates": [26.244524, 41.69986]}, "properties": {"kind": "fountain", "osm": "n5614876415"}}, {"type": "Feature", "geometry": {"type": "Point", "coordinates": [26.954768, 37.036463]}, "properties": {"kind": "spring", "osm": "n5617975592"}}, {"type": "Feature", "geometry": {"type": "Point", "coordinates": [21.262635, 40.520121]}, "properties": {"kind": "fountain", "osm": "n5626280421"}}, {"type": "Feature", "geometry": {"type": "Point", "coordinates": [21.44435, 40.552055]}, "properties": {"kind": "fountain", "osm": "n5626280621"}}, {"type": "Feature", "geometry": {"type": "Point", "coordinates": [20.937833, 39.739457]}, "properties": {"kind": "fountain", "osm": "n5626436924"}}, {"type": "Feature", "geometry": {"type": "Point", "coordinates": [21.750629, 40.723242]}, "properties": {"kind": "fountain", "osm": "n5626501021"}}, {"type": "Feature", "geometry": {"type": "Point", "coordinates": [23.798395, 38.039347]}, "properties": {"kind": "fountain", "osm": "n5628368355"}}, {"type": "Feature", "geometry": {"type": "Point", "coordinates": [21.752511, 40.726412]}, "properties": {"name:en": "Water tap", "kind": "fountain", "osm": "n5628633722"}}, {"type": "Feature", "geometry": {"type": "Point", "coordinates": [23.485004, 37.69386]}, "properties": {"kind": "spring", "osm": "n5628646169"}}, {"type": "Feature", "geometry": {"type": "Point", "coordinates": [21.937056, 40.821463]}, "properties": {"drinking_water": "yes", "kind": "spring", "osm": "n5629868821"}}, {"type": "Feature", "geometry": {"type": "Point", "coordinates": [21.774127, 37.875635]}, "properties": {"name": "Κεφαλόβρυσο", "kind": "fountain", "osm": "n5631044051"}}, {"type": "Feature", "geometry": {"type": "Point", "coordinates": [21.810682, 37.863852]}, "properties": {"kind": "fountain", "osm": "n5631044052"}}, {"type": "Feature", "geometry": {"type": "Point", "coordinates": [21.924862, 39.364714]}, "properties": {"name": "Δημόσια βρύση", "check_date": "2024-12-30", "kind": "fountain", "osm": "n5631066060"}}, {"type": "Feature", "geometry": {"type": "Point", "coordinates": [19.805659, 39.751208]}, "properties": {"name:en": "Smal water well", "kind": "spring", "osm": "n5631942822"}}, {"type": "Feature", "geometry": {"type": "Point", "coordinates": [24.14347, 40.949304]}, "properties": {"kind": "fountain", "osm": "n5632921238"}}, {"type": "Feature", "geometry": {"type": "Point", "coordinates": [21.804877, 37.855321]}, "properties": {"name": "Λίμνα", "kind": "fountain", "osm": "n5634510787"}}, {"type": "Feature", "geometry": {"type": "Point", "coordinates": [19.850745, 39.669656]}, "properties": {"kind": "spring", "osm": "n5638381362"}}, {"type": "Feature", "geometry": {"type": "Point", "coordinates": [21.091781, 39.65468]}, "properties": {"name": "Σδράμσια", "kind": "spring", "osm": "n5639113380"}}, {"type": "Feature", "geometry": {"type": "Point", "coordinates": [21.804391, 37.854608]}, "properties": {"name": "Τσίπουρας", "kind": "fountain", "osm": "n5645796471"}}, {"type": "Feature", "geometry": {"type": "Point", "coordinates": [23.016749, 40.553581]}, "properties": {"kind": "fountain", "osm": "n5649746121"}}, {"type": "Feature", "geometry": {"type": "Point", "coordinates": [23.384731, 40.461447]}, "properties": {"kind": "fountain", "osm": "n5649746122"}}, {"type": "Feature", "geometry": {"type": "Point", "coordinates": [23.384709, 40.462204]}, "properties": {"kind": "fountain", "osm": "n5649746123"}}, {"type": "Feature", "geometry": {"type": "Point", "coordinates": [24.228638, 40.259139]}, "properties": {"kind": "spring", "osm": "n5650280126"}}, {"type": "Feature", "geometry": {"type": "Point", "coordinates": [24.798776, 37.857991]}, "properties": {"kind": "spring", "osm": "n5651571821"}}, {"type": "Feature", "geometry": {"type": "Point", "coordinates": [21.381972, 40.778723]}, "properties": {"kind": "fountain", "osm": "n5652186203"}}, {"type": "Feature", "geometry": {"type": "Point", "coordinates": [21.376835, 40.778816]}, "properties": {"kind": "fountain", "osm": "n5652186205"}}, {"type": "Feature", "geometry": {"type": "Point", "coordinates": [21.328614, 40.779625]}, "properties": {"kind": "fountain", "osm": "n5652186216"}}, {"type": "Feature", "geometry": {"type": "Point", "coordinates": [22.996346, 39.388362]}, "properties": {"check_date": "2024-11-06", "kind": "fountain", "osm": "n5653163623"}}, {"type": "Feature", "geometry": {"type": "Point", "coordinates": [22.92204, 39.463865]}, "properties": {"kind": "tap", "osm": "n5653164226"}}, {"type": "Feature", "geometry": {"type": "Point", "coordinates": [22.748528, 39.561237]}, "properties": {"kind": "tap", "osm": "n5653164227"}}, {"type": "Feature", "geometry": {"type": "Point", "coordinates": [22.627552, 39.692506]}, "properties": {"kind": "tap", "osm": "n5653164229"}}, {"type": "Feature", "geometry": {"type": "Point", "coordinates": [22.745486, 39.570813]}, "properties": {"kind": "fountain", "osm": "n5653165126"}}, {"type": "Feature", "geometry": {"type": "Point", "coordinates": [22.63052, 39.690584]}, "properties": {"kind": "fountain", "osm": "n5653165128"}}, {"type": "Feature", "geometry": {"type": "Point", "coordinates": [23.529703, 40.454717]}, "properties": {"kind": "fountain", "osm": "n5656191874"}}, {"type": "Feature", "geometry": {"type": "Point", "coordinates": [25.97937, 36.906244]}, "properties": {"name": "Aegali camping", "drinking_water": "yes", "kind": "point", "osm": "n5659563918"}}, {"type": "Feature", "geometry": {"type": "Point", "coordinates": [22.49216, 36.920972]}, "properties": {"kind": "spring", "osm": "n5665073932"}}, {"type": "Feature", "geometry": {"type": "Point", "coordinates": [22.171984, 39.917025]}, "properties": {"kind": "tap", "osm": "n5666182832"}}, {"type": "Feature", "geometry": {"type": "Point", "coordinates": [21.632084, 39.72174]}, "properties": {"kind": "fountain", "osm": "n5666182834"}}, {"type": "Feature", "geometry": {"type": "Point", "coordinates": [22.348811, 39.962137]}, "properties": {"kind": "tap", "osm": "n5666236125"}}, {"type": "Feature", "geometry": {"type": "Point", "coordinates": [22.458144, 39.896109]}, "properties": {"kind": "fountain", "osm": "n5666236625"}}, {"type": "Feature", "geometry": {"type": "Point", "coordinates": [22.257169, 36.848333]}, "properties": {"kind": "fountain", "osm": "n5666720921"}}, {"type": "Feature", "geometry": {"type": "Point", "coordinates": [21.807547, 37.856353]}, "properties": {"description": "Απο υδραγωγείο Μοριού", "kind": "fountain", "osm": "n5669229193"}}, {"type": "Feature", "geometry": {"type": "Point", "coordinates": [21.807263, 37.857486]}, "properties": {"description": "Απο υδραγωγείο Μοριού", "kind": "fountain", "osm": "n5669229194"}}, {"type": "Feature", "geometry": {"type": "Point", "coordinates": [21.808792, 37.8536]}, "properties": {"description": "Απο υδραγωγείο Γαβροβίκου", "kind": "fountain", "osm": "n5669229195"}}, {"type": "Feature", "geometry": {"type": "Point", "coordinates": [23.426338, 40.500188]}, "properties": {"kind": "fountain", "osm": "n5674363117"}}, {"type": "Feature", "geometry": {"type": "Point", "coordinates": [21.616492, 39.714897]}, "properties": {"drinking_water": "yes", "kind": "tap", "osm": "n5678185521"}}, {"type": "Feature", "geometry": {"type": "Point", "coordinates": [21.490406, 39.733859]}, "properties": {"fee": "no", "access": "yes", "kind": "fountain", "osm": "n5678198026"}}, {"type": "Feature", "geometry": {"type": "Point", "coordinates": [21.410328, 39.750726]}, "properties": {"kind": "fountain", "osm": "n5678198031"}}, {"type": "Feature", "geometry": {"type": "Point", "coordinates": [21.334905, 39.756704]}, "properties": {"drinking_water": "yes", "kind": "tap", "osm": "n5678198123"}}, {"type": "Feature", "geometry": {"type": "Point", "coordinates": [22.575097, 38.6344]}, "properties": {"name": "Νερό", "kind": "spring", "osm": "n5681808124"}}, {"type": "Feature", "geometry": {"type": "Point", "coordinates": [20.852755, 38.797098]}, "properties": {"name": "Πάρκο", "kind": "fountain", "osm": "n5686410722"}}, {"type": "Feature", "geometry": {"type": "Point", "coordinates": [20.687619, 39.780511]}, "properties": {"check_date": "2024-08-23", "kind": "fountain", "osm": "n5693398422"}}, {"type": "Feature", "geometry": {"type": "Point", "coordinates": [20.845433, 39.693296]}, "properties": {"kind": "tap", "osm": "n5693425721"}}, {"type": "Feature", "geometry": {"type": "Point", "coordinates": [20.771428, 39.713079]}, "properties": {"kind": "tap", "osm": "n5693425724"}}, {"type": "Feature", "geometry": {"type": "Point", "coordinates": [20.863045, 39.670577]}, "properties": {"drinking_water": "yes", "kind": "tap", "osm": "n5693425821"}}, {"type": "Feature", "geometry": {"type": "Point", "coordinates": [22.412148, 39.645486]}, "properties": {"kind": "fountain", "osm": "n5694482512"}}, {"type": "Feature", "geometry": {"type": "Point", "coordinates": [22.412017, 39.64366]}, "properties": {"kind": "fountain", "osm": "n5694484018"}}, {"type": "Feature", "geometry": {"type": "Point", "coordinates": [22.412154, 39.641605]}, "properties": {"kind": "fountain", "osm": "n5694485793"}}, {"type": "Feature", "geometry": {"type": "Point", "coordinates": [27.204044, 35.509687]}, "properties": {"kind": "fountain", "osm": "n5696492865"}}, {"type": "Feature", "geometry": {"type": "Point", "coordinates": [23.815478, 38.065242]}, "properties": {"kind": "fountain", "osm": "n5696651979"}}, {"type": "Feature", "geometry": {"type": "Point", "coordinates": [23.002057, 40.722808]}, "properties": {"kind": "fountain", "osm": "n5698679523"}}, {"type": "Feature", "geometry": {"type": "Point", "coordinates": [21.726275, 39.030743]}, "properties": {"kind": "fountain", "osm": "n5700644913"}}, {"type": "Feature", "geometry": {"type": "Point", "coordinates": [20.725386, 39.812818]}, "properties": {"covered": "yes", "kind": "fountain", "osm": "n5705712222"}}, {"type": "Feature", "geometry": {"type": "Point", "coordinates": [20.754335, 39.886696]}, "properties": {"kind": "tap", "osm": "n5705729521"}}, {"type": "Feature", "geometry": {"type": "Point", "coordinates": [22.861052, 40.725379]}, "properties": {"name": "Φίλιππος", "kind": "spring", "osm": "n5706174521"}}, {"type": "Feature", "geometry": {"type": "Point", "coordinates": [20.710964, 39.656389]}, "properties": {"kind": "fountain", "osm": "n5708284956"}}, {"type": "Feature", "geometry": {"type": "Point", "coordinates": [22.891711, 37.539966]}, "properties": {"description": "2 high pressure public water taps", "kind": "fountain", "osm": "n5713567122"}}, {"type": "Feature", "geometry": {"type": "Point", "coordinates": [20.845695, 39.671061]}, "properties": {"kind": "fountain", "osm": "n5714835825"}}, {"type": "Feature", "geometry": {"type": "Point", "coordinates": [20.841736, 39.672041]}, "properties": {"kind": "fountain", "osm": "n5715175859"}}, {"type": "Feature", "geometry": {"type": "Point", "coordinates": [22.994975, 40.6119]}, "properties": {"kind": "fountain", "osm": "n5720779866"}}, {"type": "Feature", "geometry": {"type": "Point", "coordinates": [24.676283, 35.330254]}, "properties": {"name": "Aqueduct Tunnel", "kind": "spring", "osm": "n5721030882"}}, {"type": "Feature", "geometry": {"type": "Point", "coordinates": [26.745691, 37.803507]}, "properties": {"kind": "spring", "osm": "n5727385032"}}, {"type": "Feature", "geometry": {"type": "Point", "coordinates": [21.627645, 39.70982]}, "properties": {"check_date": "2025-09-27", "kind": "fountain", "osm": "n5732680653"}}, {"type": "Feature", "geometry": {"type": "Point", "coordinates": [23.861006, 40.011931]}, "properties": {"kind": "fountain", "osm": "n5732774222"}}, {"type": "Feature", "geometry": {"type": "Point", "coordinates": [23.109988, 40.516826]}, "properties": {"kind": "fountain", "osm": "n5733839273"}}, {"type": "Feature", "geometry": {"type": "Point", "coordinates": [21.766857, 39.557161]}, "properties": {"kind": "fountain", "osm": "n5733979147"}}, {"type": "Feature", "geometry": {"type": "Point", "coordinates": [23.221399, 40.521793]}, "properties": {"kind": "fountain", "osm": "n5734136399"}}, {"type": "Feature", "geometry": {"type": "Point", "coordinates": [23.037121, 40.605064]}, "properties": {"kind": "fountain", "osm": "n5738301550"}}, {"type": "Feature", "geometry": {"type": "Point", "coordinates": [27.187855, 36.838896]}, "properties": {"kind": "tap", "osm": "n5739266700"}}, {"type": "Feature", "geometry": {"type": "Point", "coordinates": [22.87289, 40.81508]}, "properties": {"kind": "fountain", "osm": "n5747795914"}}, {"type": "Feature", "geometry": {"type": "Point", "coordinates": [22.872858, 40.815172]}, "properties": {"kind": "fountain", "osm": "n5747795915"}}, {"type": "Feature", "geometry": {"type": "Point", "coordinates": [20.945173, 38.666776]}, "properties": {"kind": "fountain", "osm": "n5753505494"}}, {"type": "Feature", "geometry": {"type": "Point", "coordinates": [24.567515, 38.820783]}, "properties": {"kind": "spring", "osm": "n5764459664"}}, {"type": "Feature", "geometry": {"type": "Point", "coordinates": [24.566566, 38.850693]}, "properties": {"kind": "fountain", "osm": "n5764459669"}}, {"type": "Feature", "geometry": {"type": "Point", "coordinates": [23.129182, 38.852203]}, "properties": {"kind": "tap", "osm": "n5764781053"}}, {"type": "Feature", "geometry": {"type": "Point", "coordinates": [25.603127, 40.867738]}, "properties": {"kind": "tap", "osm": "n5766685036"}}, {"type": "Feature", "geometry": {"type": "Point", "coordinates": [25.370248, 40.957886]}, "properties": {"kind": "tap", "osm": "n5766689587"}}, {"type": "Feature", "geometry": {"type": "Point", "coordinates": [25.333216, 39.927426]}, "properties": {"kind": "fountain", "osm": "n5768662115"}}, {"type": "Feature", "geometry": {"type": "Point", "coordinates": [25.208785, 39.90477]}, "properties": {"kind": "fountain", "osm": "n5768665470"}}, {"type": "Feature", "geometry": {"type": "Point", "coordinates": [20.927021, 38.674124]}, "properties": {"name": "Βρύση με νερό πηγής", "drinking_water": "yes", "kind": "fountain", "osm": "n5769984515"}}, {"type": "Feature", "geometry": {"type": "Point", "coordinates": [20.599832, 38.653501]}, "properties": {"drinking_water": "yes", "kind": "point", "osm": "n5770034894"}}, {"type": "Feature", "geometry": {"type": "Point", "coordinates": [21.627703, 39.709895]}, "properties": {"kind": "fountain", "osm": "n5770464696"}}, {"type": "Feature", "geometry": {"type": "Point", "coordinates": [21.764685, 39.557764]}, "properties": {"kind": "fountain", "osm": "n5770470703"}}, {"type": "Feature", "geometry": {"type": "Point", "coordinates": [20.94986, 38.6685]}, "properties": {"drinking_water": "yes", "kind": "point", "osm": "n5772613949"}}, {"type": "Feature", "geometry": {"type": "Point", "coordinates": [24.173989, 38.476042]}, "properties": {"kind": "fountain", "osm": "n5772991435"}}, {"type": "Feature", "geometry": {"type": "Point", "coordinates": [24.179205, 38.481009]}, "properties": {"kind": "fountain", "osm": "n5773012582"}}, {"type": "Feature", "geometry": {"type": "Point", "coordinates": [21.505426, 40.170114]}, "properties": {"kind": "fountain", "osm": "n5777165256"}}, {"type": "Feature", "geometry": {"type": "Point", "coordinates": [22.34208, 36.856259]}, "properties": {"drinking_water": "yes", "kind": "spring", "osm": "n5777297363"}}, {"type": "Feature", "geometry": {"type": "Point", "coordinates": [24.567524, 38.820796]}, "properties": {"kind": "fountain", "osm": "n5779627193"}}, {"type": "Feature", "geometry": {"type": "Point", "coordinates": [24.558186, 38.906046]}, "properties": {"kind": "fountain", "osm": "n5779664605"}}, {"type": "Feature", "geometry": {"type": "Point", "coordinates": [24.558153, 38.906049]}, "properties": {"kind": "spring", "osm": "n5779664606"}}, {"type": "Feature", "geometry": {"type": "Point", "coordinates": [24.563717, 38.906531]}, "properties": {"kind": "fountain", "osm": "n5779664662"}}, {"type": "Feature", "geometry": {"type": "Point", "coordinates": [24.536606, 38.842005]}, "properties": {"kind": "fountain", "osm": "n5783278262"}}, {"type": "Feature", "geometry": {"type": "Point", "coordinates": [21.718309, 39.307224]}, "properties": {"name": "Liakatas", "description": "Create by Padelis Dimitriou", "kind": "fountain", "osm": "n5786667460"}}, {"type": "Feature", "geometry": {"type": "Point", "coordinates": [21.72821, 39.278262]}, "properties": {"name": "Βρυσούλα", "kind": "fountain", "osm": "n5786667483"}}, {"type": "Feature", "geometry": {"type": "Point", "coordinates": [21.728865, 39.277092]}, "properties": {"name": "Αγίασμα", "kind": "fountain", "osm": "n5786667484"}}, {"type": "Feature", "geometry": {"type": "Point", "coordinates": [24.062477, 34.856883]}, "properties": {"kind": "fountain", "osm": "n5787710854"}}, {"type": "Feature", "geometry": {"type": "Point", "coordinates": [24.709484, 40.715954]}, "properties": {"kind": "spring", "osm": "n5802910265"}}, {"type": "Feature", "geometry": {"type": "Point", "coordinates": [20.984689, 40.106256]}, "properties": {"kind": "spring", "osm": "n5804267031"}}, {"type": "Feature", "geometry": {"type": "Point", "coordinates": [20.845823, 39.667999]}, "properties": {"kind": "fountain", "osm": "n5806660399"}}, {"type": "Feature", "geometry": {"type": "Point", "coordinates": [22.149355, 38.117582]}, "properties": {"kind": "fountain", "osm": "n5808355036"}}, {"type": "Feature", "geometry": {"type": "Point", "coordinates": [22.112078, 38.030315]}, "properties": {"check_date": "2025-08-23", "kind": "fountain", "osm": "n5808355732"}}, {"type": "Feature", "geometry": {"type": "Point", "coordinates": [23.764731, 38.592329]}, "properties": {"kind": "fountain", "osm": "n5809168653"}}, {"type": "Feature", "geometry": {"type": "Point", "coordinates": [23.837762, 38.582121]}, "properties": {"kind": "tap", "osm": "n5809182953"}}, {"type": "Feature", "geometry": {"type": "Point", "coordinates": [24.007323, 41.395271]}, "properties": {"kind": "fountain", "osm": "n5809234155"}}, {"type": "Feature", "geometry": {"type": "Point", "coordinates": [24.099644, 41.39123]}, "properties": {"kind": "tap", "osm": "n5809255355"}}, {"type": "Feature", "geometry": {"type": "Point", "coordinates": [23.866402, 41.343929]}, "properties": {"kind": "tap", "osm": "n5809258453"}}, {"type": "Feature", "geometry": {"type": "Point", "coordinates": [24.009484, 41.396902]}, "properties": {"kind": "tap", "osm": "n5809258454"}}, {"type": "Feature", "geometry": {"type": "Point", "coordinates": [23.869865, 41.343603]}, "properties": {"kind": "tap", "osm": "n5809258553"}}, {"type": "Feature", "geometry": {"type": "Point", "coordinates": [24.083383, 41.382139]}, "properties": {"kind": "fountain", "osm": "n5809269554"}}, {"type": "Feature", "geometry": {"type": "Point", "coordinates": [21.030994, 40.342921]}, "properties": {"kind": "fountain", "osm": "n5810285169"}}, {"type": "Feature", "geometry": {"type": "Point", "coordinates": [24.660854, 41.219236]}, "properties": {"kind": "tap", "osm": "n5812893272"}}, {"type": "Feature", "geometry": {"type": "Point", "coordinates": [24.631612, 41.221246]}, "properties": {"kind": "tap", "osm": "n5812894170"}}, {"type": "Feature", "geometry": {"type": "Point", "coordinates": [24.676268, 41.213447]}, "properties": {"kind": "tap", "osm": "n5812894467"}}, {"type": "Feature", "geometry": {"type": "Point", "coordinates": [20.617348, 40.02595]}, "properties": {"kind": "fountain", "osm": "n5814587553"}}, {"type": "Feature", "geometry": {"type": "Point", "coordinates": [21.040286, 39.513033]}, "properties": {"kind": "fountain", "osm": "n5814661053"}}, {"type": "Feature", "geometry": {"type": "Point", "coordinates": [21.116785, 39.978635]}, "properties": {"kind": "fountain", "osm": "n5814840537"}}, {"type": "Feature", "geometry": {"type": "Point", "coordinates": [23.861483, 38.024305]}, "properties": {"kind": "fountain", "osm": "n5815004781"}}, {"type": "Feature", "geometry": {"type": "Point", "coordinates": [24.726619, 41.166394]}, "properties": {"kind": "fountain", "osm": "n5817775358"}}, {"type": "Feature", "geometry": {"type": "Point", "coordinates": [24.726229, 41.171676]}, "properties": {"kind": "tap", "osm": "n5817778956"}}, {"type": "Feature", "geometry": {"type": "Point", "coordinates": [25.227649, 40.981726]}, "properties": {"drinking_water": "yes", "kind": "tap", "osm": "n5820108853"}}, {"type": "Feature", "geometry": {"type": "Point", "coordinates": [25.679367, 40.86274]}, "properties": {"kind": "tap", "osm": "n5822135855"}}, {"type": "Feature", "geometry": {"type": "Point", "coordinates": [25.732654, 40.848542]}, "properties": {"kind": "tap", "osm": "n5822380854"}}, {"type": "Feature", "geometry": {"type": "Point", "coordinates": [25.716941, 40.853151]}, "properties": {"kind": "tap", "osm": "n5822381753"}}, {"type": "Feature", "geometry": {"type": "Point", "coordinates": [25.876829, 40.845454]}, "properties": {"kind": "tap", "osm": "n5822613455"}}, {"type": "Feature", "geometry": {"type": "Point", "coordinates": [26.107913, 40.84989]}, "properties": {"kind": "tap", "osm": "n5823248353"}}, {"type": "Feature", "geometry": {"type": "Point", "coordinates": [23.029687, 39.377264]}, "properties": {"kind": "fountain", "osm": "n5824197604"}}, {"type": "Feature", "geometry": {"type": "Point", "coordinates": [23.035013, 39.383406]}, "properties": {"kind": "fountain", "osm": "n5824197606"}}, {"type": "Feature", "geometry": {"type": "Point", "coordinates": [23.496943, 38.192144]}, "properties": {"name": "Κρουσταλλένια", "kind": "fountain", "osm": "n5824341316"}}, {"type": "Feature", "geometry": {"type": "Point", "coordinates": [26.572152, 39.068369]}, "properties": {"kind": "fountain", "osm": "n5824566104"}}, {"type": "Feature", "geometry": {"type": "Point", "coordinates": [26.442128, 39.104353]}, "properties": {"bottle": "yes", "fee": "no", "access": "yes", "covered": "no", "kind": "fountain", "osm": "n5827911717"}}, {"type": "Feature", "geometry": {"type": "Point", "coordinates": [26.557974, 39.108399]}, "properties": {"kind": "fountain", "osm": "n5827966185"}}, {"type": "Feature", "geometry": {"type": "Point", "coordinates": [22.402686, 39.637172]}, "properties": {"kind": "fountain", "osm": "n5828010267"}}, {"type": "Feature", "geometry": {"type": "Point", "coordinates": [22.4026, 39.637538]}, "properties": {"kind": "fountain", "osm": "n5828010268"}}, {"type": "Feature", "geometry": {"type": "Point", "coordinates": [22.408004, 39.640924]}, "properties": {"kind": "fountain", "osm": "n5828010271"}}, {"type": "Feature", "geometry": {"type": "Point", "coordinates": [22.41039, 39.641276]}, "properties": {"kind": "fountain", "osm": "n5828010272"}}, {"type": "Feature", "geometry": {"type": "Point", "coordinates": [22.404741, 39.637729]}, "properties": {"kind": "fountain", "osm": "n5828010273"}}, {"type": "Feature", "geometry": {"type": "Point", "coordinates": [21.092866, 39.936182]}, "properties": {"drinking_water": "yes", "kind": "spring", "osm": "n5829760095"}}, {"type": "Feature", "geometry": {"type": "Point", "coordinates": [21.031272, 39.934667]}, "properties": {"kind": "fountain", "osm": "n5829770480"}}, {"type": "Feature", "geometry": {"type": "Point", "coordinates": [21.035126, 39.997818]}, "properties": {"drinking_water": "yes", "kind": "spring", "osm": "n5829780051"}}, {"type": "Feature", "geometry": {"type": "Point", "coordinates": [21.021334, 40.02334]}, "properties": {"drinking_water": "yes", "kind": "point", "osm": "n5829780052"}}, {"type": "Feature", "geometry": {"type": "Point", "coordinates": [21.066683, 39.894939]}, "properties": {"drinking_water": "yes", "kind": "spring", "osm": "n5829791809"}}, {"type": "Feature", "geometry": {"type": "Point", "coordinates": [22.982421, 40.606691]}, "properties": {"kind": "fountain", "osm": "n5830441665"}}, {"type": "Feature", "geometry": {"type": "Point", "coordinates": [26.374818, 39.111398]}, "properties": {"fee": "no", "access": "yes", "kind": "fountain", "osm": "n5830844279"}}, {"type": "Feature", "geometry": {"type": "Point", "coordinates": [26.364189, 39.102572]}, "properties": {"fee": "no", "access": "yes", "kind": "fountain", "osm": "n5830846009"}}, {"type": "Feature", "geometry": {"type": "Point", "coordinates": [26.352089, 39.100718]}, "properties": {"kind": "fountain", "osm": "n5830846623"}}, {"type": "Feature", "geometry": {"type": "Point", "coordinates": [26.368955, 39.080946]}, "properties": {"kind": "fountain", "osm": "n5830872888"}}, {"type": "Feature", "geometry": {"type": "Point", "coordinates": [26.372607, 39.082071]}, "properties": {"kind": "fountain", "osm": "n5830926192"}}, {"type": "Feature", "geometry": {"type": "Point", "coordinates": [23.734071, 37.962579]}, "properties": {"drinking_water": "yes", "operator": "ΑΒ Βασιλόπουλος", "kind": "point", "osm": "n5834621845"}}, {"type": "Feature", "geometry": {"type": "Point", "coordinates": [23.323806, 38.792246]}, "properties": {"kind": "fountain", "osm": "n5836429585"}}, {"type": "Feature", "geometry": {"type": "Point", "coordinates": [27.165075, 35.802388]}, "properties": {"kind": "fountain", "osm": "n5838019949"}}, {"type": "Feature", "geometry": {"type": "Point", "coordinates": [27.174097, 35.739116]}, "properties": {"kind": "fountain", "osm": "n5838019950"}}, {"type": "Feature", "geometry": {"type": "Point", "coordinates": [21.576045, 39.94129]}, "properties": {"kind": "spring", "osm": "n5840484089"}}, {"type": "Feature", "geometry": {"type": "Point", "coordinates": [20.859898, 39.672975]}, "properties": {"kind": "tap", "osm": "n5842003543"}}, {"type": "Feature", "geometry": {"type": "Point", "coordinates": [20.849661, 39.670237]}, "properties": {"kind": "tap", "osm": "n5844155527"}}, {"type": "Feature", "geometry": {"type": "Point", "coordinates": [23.537028, 38.327426]}, "properties": {"kind": "fountain", "osm": "n5845782029"}}, {"type": "Feature", "geometry": {"type": "Point", "coordinates": [23.423362, 38.815939]}, "properties": {"kind": "fountain", "osm": "n5845819950"}}, {"type": "Feature", "geometry": {"type": "Point", "coordinates": [21.241566, 40.177396]}, "properties": {"kind": "spring", "osm": "n5848800641"}}, {"type": "Feature", "geometry": {"type": "Point", "coordinates": [21.16782, 40.147527]}, "properties": {"kind": "spring", "osm": "n5848832143"}}, {"type": "Feature", "geometry": {"type": "Point", "coordinates": [23.79859, 40.090341]}, "properties": {"kind": "tap", "osm": "n5849521585"}}, {"type": "Feature", "geometry": {"type": "Point", "coordinates": [23.723994, 37.971339]}, "properties": {"kind": "fountain", "osm": "n5853261451"}}, {"type": "Feature", "geometry": {"type": "Point", "coordinates": [22.322939, 38.688657]}, "properties": {"kind": "fountain", "osm": "n5854400695"}}, {"type": "Feature", "geometry": {"type": "Point", "coordinates": [22.816986, 39.277543]}, "properties": {"kind": "fountain", "osm": "n5858951375"}}, {"type": "Feature", "geometry": {"type": "Point", "coordinates": [22.92114, 39.464973]}, "properties": {"kind": "fountain", "osm": "n5859156921"}}, {"type": "Feature", "geometry": {"type": "Point", "coordinates": [22.912201, 39.570112]}, "properties": {"kind": "fountain", "osm": "n5859166249"}}, {"type": "Feature", "geometry": {"type": "Point", "coordinates": [21.474672, 40.170479]}, "properties": {"kind": "spring", "osm": "n5859195062"}}, {"type": "Feature", "geometry": {"type": "Point", "coordinates": [24.932828, 37.454276]}, "properties": {"name": "Πηγή Αγίου Αθανασίου", "drinking_water": "yes", "kind": "spring", "osm": "n5859360406"}}, {"type": "Feature", "geometry": {"type": "Point", "coordinates": [22.250749, 38.03706]}, "properties": {"kind": "fountain", "osm": "n5860388417"}}, {"type": "Feature", "geometry": {"type": "Point", "coordinates": [25.227766, 37.572307]}, "properties": {"kind": "spring", "osm": "n5863197053"}}, {"type": "Feature", "geometry": {"type": "Point", "coordinates": [22.466372, 37.873021]}, "properties": {"kind": "fountain", "osm": "n5864240219"}}, {"type": "Feature", "geometry": {"type": "Point", "coordinates": [22.583839, 40.239871]}, "properties": {"kind": "fountain", "osm": "n5868777312"}}, {"type": "Feature", "geometry": {"type": "Point", "coordinates": [21.326729, 39.885883]}, "properties": {"kind": "fountain", "osm": "n5872129953"}}, {"type": "Feature", "geometry": {"type": "Point", "coordinates": [22.206511, 38.809583]}, "properties": {"kind": "fountain", "osm": "n5872949507"}}, {"type": "Feature", "geometry": {"type": "Point", "coordinates": [22.273519, 38.82074]}, "properties": {"kind": "fountain", "osm": "n5876415973"}}, {"type": "Feature", "geometry": {"type": "Point", "coordinates": [24.653206, 40.992504]}, "properties": {"kind": "fountain", "osm": "n5881217484"}}, {"type": "Feature", "geometry": {"type": "Point", "coordinates": [23.427875, 38.937255]}, "properties": {"kind": "tap", "osm": "n5885211685"}}, {"type": "Feature", "geometry": {"type": "Point", "coordinates": [26.166211, 40.891382]}, "properties": {"kind": "fountain", "osm": "n5886790685"}}, {"type": "Feature", "geometry": {"type": "Point", "coordinates": [22.928534, 41.284338]}, "properties": {"kind": "fountain", "osm": "n5888777619"}}, {"type": "Feature", "geometry": {"type": "Point", "coordinates": [23.720825, 37.977382]}, "properties": {"bottle": "yes", "kind": "fountain", "osm": "n5892780756"}}, {"type": "Feature", "geometry": {"type": "Point", "coordinates": [25.400809, 40.907885]}, "properties": {"kind": "fountain", "osm": "n5894325185"}}, {"type": "Feature", "geometry": {"type": "Point", "coordinates": [23.199294, 38.950435]}, "properties": {"kind": "fountain", "osm": "n5894711647"}}, {"type": "Feature", "geometry": {"type": "Point", "coordinates": [24.580274, 40.625549]}, "properties": {"kind": "fountain", "osm": "n5895156505"}}, {"type": "Feature", "geometry": {"type": "Point", "coordinates": [24.007288, 41.395269]}, "properties": {"kind": "fountain", "osm": "n5895639386"}}, {"type": "Feature", "geometry": {"type": "Point", "coordinates": [24.482086, 41.264215]}, "properties": {"kind": "fountain", "osm": "n5895644785"}}, {"type": "Feature", "geometry": {"type": "Point", "coordinates": [24.010625, 41.397784]}, "properties": {"kind": "fountain", "osm": "n5895644885"}}, {"type": "Feature", "geometry": {"type": "Point", "coordinates": [20.881802, 40.398675]}, "properties": {"kind": "spring", "osm": "n5895854067"}}, {"type": "Feature", "geometry": {"type": "Point", "coordinates": [22.599583, 40.731702]}, "properties": {"kind": "fountain", "osm": "n5896375164"}}, {"type": "Feature", "geometry": {"type": "Point", "coordinates": [23.074066, 38.937851]}, "properties": {"kind": "fountain", "osm": "n5896457138"}}, {"type": "Feature", "geometry": {"type": "Point", "coordinates": [23.592765, 41.309894]}, "properties": {"kind": "fountain", "osm": "n5896506185"}}, {"type": "Feature", "geometry": {"type": "Point", "coordinates": [23.578806, 41.313538]}, "properties": {"kind": "fountain", "osm": "n5896506186"}}, {"type": "Feature", "geometry": {"type": "Point", "coordinates": [23.579659, 41.314044]}, "properties": {"kind": "fountain", "osm": "n5896506285"}}, {"type": "Feature", "geometry": {"type": "Point", "coordinates": [23.482998, 41.297193]}, "properties": {"kind": "fountain", "osm": "n5896506385"}}, {"type": "Feature", "geometry": {"type": "Point", "coordinates": [25.380154, 37.099662]}, "properties": {"kind": "fountain", "osm": "n5896978195"}}, {"type": "Feature", "geometry": {"type": "Point", "coordinates": [23.623492, 37.943928]}, "properties": {"kind": "fountain", "osm": "n5898136089"}}, {"type": "Feature", "geometry": {"type": "Point", "coordinates": [21.794859, 38.55732]}, "properties": {"kind": "fountain", "osm": "n5898802538"}}, {"type": "Feature", "geometry": {"type": "Point", "coordinates": [21.953935, 40.914982]}, "properties": {"access": "yes", "wheelchair": "yes", "kind": "fountain", "osm": "n5899491385"}}, {"type": "Feature", "geometry": {"type": "Point", "coordinates": [23.801278, 38.384804]}, "properties": {"kind": "tap", "osm": "n5899648086"}}, {"type": "Feature", "geometry": {"type": "Point", "coordinates": [21.316857, 40.78524]}, "properties": {"kind": "fountain", "osm": "n5899672989"}}, {"type": "Feature", "geometry": {"type": "Point", "coordinates": [21.090087, 40.63459]}, "properties": {"kind": "fountain", "osm": "n5899918285"}}, {"type": "Feature", "geometry": {"type": "Point", "coordinates": [23.117472, 38.973039]}, "properties": {"bottle": "yes", "fee": "no", "seasonal": "no", "opening_hours": "24/7", "kind": "fountain", "osm": "n5902495833"}}, {"type": "Feature", "geometry": {"type": "Point", "coordinates": [22.711055, 37.807643]}, "properties": {"kind": "fountain", "osm": "n5903948760"}}, {"type": "Feature", "geometry": {"type": "Point", "coordinates": [21.621289, 39.71245]}, "properties": {"name": "Wasn't working Oct 2023", "kind": "fountain", "osm": "n5904440851"}}, {"type": "Feature", "geometry": {"type": "Point", "coordinates": [22.438269, 40.093928]}, "properties": {"name": "Holy Spring of St. Dionysios", "drinking_water": "yes", "kind": "spring", "osm": "n5904444709"}}, {"type": "Feature", "geometry": {"type": "Point", "coordinates": [21.62129, 39.711635]}, "properties": {"kind": "fountain", "osm": "n5904444984"}}, {"type": "Feature", "geometry": {"type": "Point", "coordinates": [23.087773, 38.950074]}, "properties": {"kind": "fountain", "osm": "n5905265020"}}, {"type": "Feature", "geometry": {"type": "Point", "coordinates": [23.08784, 38.94995]}, "properties": {"description": "there is a valve behind, to operate it", "kind": "fountain", "osm": "n5905268637"}}, {"type": "Feature", "geometry": {"type": "Point", "coordinates": [25.375966, 37.105123]}, "properties": {"kind": "fountain", "osm": "n5905680995"}}, {"type": "Feature", "geometry": {"type": "Point", "coordinates": [25.379614, 37.102087]}, "properties": {"kind": "fountain", "osm": "n5905680996"}}, {"type": "Feature", "geometry": {"type": "Point", "coordinates": [23.657462, 37.953717]}, "properties": {"kind": "fountain", "osm": "n5906205995"}}, {"type": "Feature", "geometry": {"type": "Point", "coordinates": [22.928941, 41.284438]}, "properties": {"kind": "fountain", "osm": "n5907157234"}}, {"type": "Feature", "geometry": {"type": "Point", "coordinates": [22.92953, 41.28393]}, "properties": {"kind": "fountain", "osm": "n5907157235"}}, {"type": "Feature", "geometry": {"type": "Point", "coordinates": [22.894524, 41.282363]}, "properties": {"kind": "fountain", "osm": "n5907228482"}}, {"type": "Feature", "geometry": {"type": "Point", "coordinates": [22.497953, 40.103325]}, "properties": {"kind": "fountain", "osm": "n5907696568"}}, {"type": "Feature", "geometry": {"type": "Point", "coordinates": [22.499745, 40.102356]}, "properties": {"kind": "fountain", "osm": "n5907696569"}}, {"type": "Feature", "geometry": {"type": "Point", "coordinates": [22.501256, 40.104603]}, "properties": {"kind": "fountain", "osm": "n5907696570"}}, {"type": "Feature", "geometry": {"type": "Point", "coordinates": [22.497902, 40.102478]}, "properties": {"kind": "fountain", "osm": "n5907696826"}}, {"type": "Feature", "geometry": {"type": "Point", "coordinates": [22.50255, 40.10291]}, "properties": {"kind": "fountain", "osm": "n5907696828"}}, {"type": "Feature", "geometry": {"type": "Point", "coordinates": [25.377518, 37.106]}, "properties": {"kind": "fountain", "osm": "n5908958339"}}, {"type": "Feature", "geometry": {"type": "Point", "coordinates": [25.379102, 37.10064]}, "properties": {"kind": "fountain", "osm": "n5908958345"}}, {"type": "Feature", "geometry": {"type": "Point", "coordinates": [25.376843, 37.105976]}, "properties": {"kind": "fountain", "osm": "n5908958346"}}, {"type": "Feature", "geometry": {"type": "Point", "coordinates": [23.670086, 37.957924]}, "properties": {"kind": "fountain", "osm": "n5910176478"}}, {"type": "Feature", "geometry": {"type": "Point", "coordinates": [25.376484, 37.107646]}, "properties": {"kind": "fountain", "osm": "n5910380238"}}, {"type": "Feature", "geometry": {"type": "Point", "coordinates": [25.381019, 37.101834]}, "properties": {"kind": "fountain", "osm": "n5910380239"}}, {"type": "Feature", "geometry": {"type": "Point", "coordinates": [25.378117, 37.105536]}, "properties": {"kind": "fountain", "osm": "n5910380241"}}, {"type": "Feature", "geometry": {"type": "Point", "coordinates": [22.894527, 41.277747]}, "properties": {"kind": "fountain", "osm": "n5910410608"}}, {"type": "Feature", "geometry": {"type": "Point", "coordinates": [23.154803, 38.952296]}, "properties": {"kind": "fountain", "osm": "n5911743932"}}, {"type": "Feature", "geometry": {"type": "Point", "coordinates": [22.12548, 37.259591]}, "properties": {"kind": "spring", "osm": "n5914679848"}}, {"type": "Feature", "geometry": {"type": "Point", "coordinates": [22.184547, 37.231505]}, "properties": {"kind": "fountain", "osm": "n5914706729"}}, {"type": "Feature", "geometry": {"type": "Point", "coordinates": [22.026454, 37.167952]}, "properties": {"kind": "spring", "osm": "n5914735071"}}, {"type": "Feature", "geometry": {"type": "Point", "coordinates": [22.04747, 37.13802]}, "properties": {"kind": "spring", "osm": "n5914760149"}}, {"type": "Feature", "geometry": {"type": "Point", "coordinates": [21.871927, 37.214496]}, "properties": {"kind": "fountain", "osm": "n5914822351"}}, {"type": "Feature", "geometry": {"type": "Point", "coordinates": [21.891229, 37.204648]}, "properties": {"kind": "spring", "osm": "n5914848442"}}, {"type": "Feature", "geometry": {"type": "Point", "coordinates": [21.897473, 37.203238]}, "properties": {"kind": "spring", "osm": "n5914848443"}}, {"type": "Feature", "geometry": {"type": "Point", "coordinates": [25.375291, 37.107574]}, "properties": {"kind": "fountain", "osm": "n5914872872"}}, {"type": "Feature", "geometry": {"type": "Point", "coordinates": [25.381526, 37.10052]}, "properties": {"kind": "fountain", "osm": "n5914872874"}}, {"type": "Feature", "geometry": {"type": "Point", "coordinates": [25.381652, 37.099283]}, "properties": {"kind": "fountain", "osm": "n5914872878"}}, {"type": "Feature", "geometry": {"type": "Point", "coordinates": [25.380644, 37.100935]}, "properties": {"kind": "fountain", "osm": "n5914872879"}}, {"type": "Feature", "geometry": {"type": "Point", "coordinates": [21.924685, 37.185452]}, "properties": {"kind": "spring", "osm": "n5914890116"}}, {"type": "Feature", "geometry": {"type": "Point", "coordinates": [21.909231, 37.247416]}, "properties": {"kind": "spring", "osm": "n5915728556"}}, {"type": "Feature", "geometry": {"type": "Point", "coordinates": [21.888714, 37.211307]}, "properties": {"kind": "spring", "osm": "n5915731214"}}, {"type": "Feature", "geometry": {"type": "Point", "coordinates": [21.848704, 37.238898]}, "properties": {"name": "Δροσοπηγή", "kind": "spring", "osm": "n5915849814"}}, {"type": "Feature", "geometry": {"type": "Point", "coordinates": [22.407264, 40.727002]}, "properties": {"kind": "fountain", "osm": "n5916267294"}}, {"type": "Feature", "geometry": {"type": "Point", "coordinates": [21.931088, 37.331535]}, "properties": {"kind": "spring", "osm": "n5917165204"}}, {"type": "Feature", "geometry": {"type": "Point", "coordinates": [21.960771, 37.333267]}, "properties": {"kind": "spring", "osm": "n5918161241"}}, {"type": "Feature", "geometry": {"type": "Point", "coordinates": [21.96108, 37.333176]}, "properties": {"kind": "spring", "osm": "n5918161242"}}, {"type": "Feature", "geometry": {"type": "Point", "coordinates": [22.145545, 37.963796]}, "properties": {"kind": "fountain", "osm": "n5918705768"}}, {"type": "Feature", "geometry": {"type": "Point", "coordinates": [22.166316, 37.924225]}, "properties": {"kind": "fountain", "osm": "n5918705769"}}, {"type": "Feature", "geometry": {"type": "Point", "coordinates": [22.164691, 38.093614]}, "properties": {"kind": "fountain", "osm": "n5918706536"}}, {"type": "Feature", "geometry": {"type": "Point", "coordinates": [22.110856, 38.031721]}, "properties": {"kind": "fountain", "osm": "n5918706537"}}, {"type": "Feature", "geometry": {"type": "Point", "coordinates": [22.162849, 37.942892]}, "properties": {"kind": "fountain", "osm": "n5918706538"}}, {"type": "Feature", "geometry": {"type": "Point", "coordinates": [22.161486, 37.909624]}, "properties": {"kind": "fountain", "osm": "n5918706539"}}, {"type": "Feature", "geometry": {"type": "Point", "coordinates": [22.167419, 37.93862]}, "properties": {"kind": "fountain", "osm": "n5918706610"}}, {"type": "Feature", "geometry": {"type": "Point", "coordinates": [22.174644, 37.814854]}, "properties": {"kind": "fountain", "osm": "n5918706611"}}, {"type": "Feature", "geometry": {"type": "Point", "coordinates": [23.148146, 39.329059]}, "properties": {"kind": "fountain", "osm": "n5919096031"}}, {"type": "Feature", "geometry": {"type": "Point", "coordinates": [23.729071, 37.975462]}, "properties": {"check_date": "2025-09-12", "kind": "fountain", "osm": "n5920763574"}}, {"type": "Feature", "geometry": {"type": "Point", "coordinates": [23.258738, 38.896557]}, "properties": {"kind": "fountain", "osm": "n5921619843"}}, {"type": "Feature", "geometry": {"type": "Point", "coordinates": [22.348252, 37.540596]}, "properties": {"kind": "fountain", "osm": "n5922009211"}}, {"type": "Feature", "geometry": {"type": "Point", "coordinates": [22.196174, 37.67103]}, "properties": {"kind": "fountain", "osm": "n5922010020"}}, {"type": "Feature", "geometry": {"type": "Point", "coordinates": [22.392083, 39.621387]}, "properties": {"drinking_water": "yes", "kind": "tap", "osm": "n5924011655"}}, {"type": "Feature", "geometry": {"type": "Point", "coordinates": [25.377118, 37.101031]}, "properties": {"kind": "fountain", "osm": "n5924962931"}}, {"type": "Feature", "geometry": {"type": "Point", "coordinates": [24.248147, 40.187072]}, "properties": {"kind": "fountain", "osm": "n5928698385"}}, {"type": "Feature", "geometry": {"type": "Point", "coordinates": [22.853648, 38.028669]}, "properties": {"kind": "tap", "osm": "n5929211286"}}, {"type": "Feature", "geometry": {"type": "Point", "coordinates": [22.402962, 36.886906]}, "properties": {"kind": "fountain", "osm": "n5929231354"}}, {"type": "Feature", "geometry": {"type": "Point", "coordinates": [22.365885, 36.9455]}, "properties": {"name": "Sotiritsa", "drinking_water": "yes", "kind": "spring", "osm": "n5929231356"}}, {"type": "Feature", "geometry": {"type": "Point", "coordinates": [22.372897, 37.029952]}, "properties": {"kind": "fountain", "osm": "n5929232364"}}, {"type": "Feature", "geometry": {"type": "Point", "coordinates": [22.369276, 36.976755]}, "properties": {"drinking_water": "yes", "kind": "spring", "osm": "n5929232367"}}, {"type": "Feature", "geometry": {"type": "Point", "coordinates": [22.382987, 37.064039]}, "properties": {"kind": "fountain", "osm": "n5929232922"}}, {"type": "Feature", "geometry": {"type": "Point", "coordinates": [22.374091, 37.030243]}, "properties": {"kind": "fountain", "osm": "n5929232923"}}, {"type": "Feature", "geometry": {"type": "Point", "coordinates": [22.359375, 36.919972]}, "properties": {"kind": "fountain", "osm": "n5929232924"}}, {"type": "Feature", "geometry": {"type": "Point", "coordinates": [22.44184, 36.831553]}, "properties": {"kind": "fountain", "osm": "n5929232925"}}, {"type": "Feature", "geometry": {"type": "Point", "coordinates": [22.413346, 36.879362]}, "properties": {"kind": "fountain", "osm": "n5929233036"}}, {"type": "Feature", "geometry": {"type": "Point", "coordinates": [23.489155, 38.733163]}, "properties": {"kind": "fountain", "osm": "n5929324686"}}, {"type": "Feature", "geometry": {"type": "Point", "coordinates": [23.471221, 38.801631]}, "properties": {"kind": "fountain", "osm": "n5929328355"}}, {"type": "Feature", "geometry": {"type": "Point", "coordinates": [24.379288, 35.20463]}, "properties": {"kind": "spring", "osm": "n5929413278"}}, {"type": "Feature", "geometry": {"type": "Point", "coordinates": [22.003883, 37.191204]}, "properties": {"kind": "spring", "osm": "n5930186008"}}, {"type": "Feature", "geometry": {"type": "Point", "coordinates": [23.237366, 38.983342]}, "properties": {"kind": "fountain", "osm": "n5931105340"}}, {"type": "Feature", "geometry": {"type": "Point", "coordinates": [23.229769, 38.988667]}, "properties": {"kind": "fountain", "osm": "n5931110189"}}, {"type": "Feature", "geometry": {"type": "Point", "coordinates": [23.318597, 38.781497]}, "properties": {"kind": "fountain", "osm": "n5931121985"}}, {"type": "Feature", "geometry": {"type": "Point", "coordinates": [23.440961, 38.811171]}, "properties": {"kind": "fountain", "osm": "n5931126082"}}, {"type": "Feature", "geometry": {"type": "Point", "coordinates": [23.556198, 38.674115]}, "properties": {"kind": "fountain", "osm": "n5931128434"}}, {"type": "Feature", "geometry": {"type": "Point", "coordinates": [23.518532, 38.187451]}, "properties": {"kind": "fountain", "osm": "n5931330987"}}, {"type": "Feature", "geometry": {"type": "Point", "coordinates": [22.401145, 39.621991]}, "properties": {"drinking_water": "yes", "kind": "tap", "osm": "n5933737004"}}, {"type": "Feature", "geometry": {"type": "Point", "coordinates": [22.423112, 39.637486]}, "properties": {"drinking_water": "yes", "kind": "tap", "osm": "n5934140969"}}, {"type": "Feature", "geometry": {"type": "Point", "coordinates": [19.848168, 39.773879]}, "properties": {"name": "Trinkbrunnen", "wheelchair": "limited", "kind": "fountain", "osm": "n5937227300"}}, {"type": "Feature", "geometry": {"type": "Point", "coordinates": [22.502024, 40.10475]}, "properties": {"kind": "fountain", "osm": "n5940938192"}}, {"type": "Feature", "geometry": {"type": "Point", "coordinates": [20.363572, 39.681528]}, "properties": {"kind": "fountain", "osm": "n5941388904"}}, {"type": "Feature", "geometry": {"type": "Point", "coordinates": [22.397212, 39.623134]}, "properties": {"drinking_water": "yes", "kind": "tap", "osm": "n5941590679"}}, {"type": "Feature", "geometry": {"type": "Point", "coordinates": [23.654631, 35.495501]}, "properties": {"kind": "fountain", "osm": "n5942652128"}}, {"type": "Feature", "geometry": {"type": "Point", "coordinates": [24.718035, 40.773829]}, "properties": {"kind": "fountain", "osm": "n5950030421"}}, {"type": "Feature", "geometry": {"type": "Point", "coordinates": [23.683989, 35.231739]}, "properties": {"kind": "fountain", "osm": "n5958586486"}}, {"type": "Feature", "geometry": {"type": "Point", "coordinates": [22.398623, 39.620289]}, "properties": {"drinking_water": "yes", "kind": "tap", "osm": "n5960193752"}}, {"type": "Feature", "geometry": {"type": "Point", "coordinates": [22.396081, 39.620433]}, "properties": {"drinking_water": "yes", "kind": "tap", "osm": "n5960435100"}}, {"type": "Feature", "geometry": {"type": "Point", "coordinates": [22.395978, 39.623196]}, "properties": {"drinking_water": "yes", "kind": "tap", "osm": "n5960435332"}}, {"type": "Feature", "geometry": {"type": "Point", "coordinates": [22.82187, 36.935266]}, "properties": {"kind": "fountain", "osm": "n5963982035"}}, {"type": "Feature", "geometry": {"type": "Point", "coordinates": [22.870479, 37.099039]}, "properties": {"kind": "fountain", "osm": "n5963986386"}}, {"type": "Feature", "geometry": {"type": "Point", "coordinates": [22.550843, 37.638768]}, "properties": {"drinking_water": "yes", "kind": "spring", "osm": "n5964110856"}}, {"type": "Feature", "geometry": {"type": "Point", "coordinates": [22.853736, 38.028715]}, "properties": {"kind": "fountain", "osm": "n5964501859"}}, {"type": "Feature", "geometry": {"type": "Point", "coordinates": [24.400843, 35.232381]}, "properties": {"kind": "fountain", "osm": "n5968552131"}}, {"type": "Feature", "geometry": {"type": "Point", "coordinates": [24.281893, 35.272673]}, "properties": {"check_date": "2024-10-08", "kind": "fountain", "osm": "n5968552359"}}, {"type": "Feature", "geometry": {"type": "Point", "coordinates": [24.334136, 35.285182]}, "properties": {"kind": "fountain", "osm": "n5968552360"}}, {"type": "Feature", "geometry": {"type": "Point", "coordinates": [24.33624, 35.287911]}, "properties": {"kind": "fountain", "osm": "n5968552361"}}, {"type": "Feature", "geometry": {"type": "Point", "coordinates": [24.331443, 35.286249]}, "properties": {"kind": "fountain", "osm": "n5968554110"}}, {"type": "Feature", "geometry": {"type": "Point", "coordinates": [24.278686, 35.250668]}, "properties": {"kind": "spring", "osm": "n5968554370"}}, {"type": "Feature", "geometry": {"type": "Point", "coordinates": [24.348166, 35.290018]}, "properties": {"kind": "fountain", "osm": "n5968554380"}}, {"type": "Feature", "geometry": {"type": "Point", "coordinates": [24.400844, 35.233285]}, "properties": {"kind": "fountain", "osm": "n5968554381"}}, {"type": "Feature", "geometry": {"type": "Point", "coordinates": [24.368482, 35.277171]}, "properties": {"kind": "fountain", "osm": "n5968554701"}}, {"type": "Feature", "geometry": {"type": "Point", "coordinates": [24.528321, 35.219533]}, "properties": {"kind": "fountain", "osm": "n5968554887"}}, {"type": "Feature", "geometry": {"type": "Point", "coordinates": [22.876848, 38.437387]}, "properties": {"kind": "fountain", "osm": "n5969573504"}}, {"type": "Feature", "geometry": {"type": "Point", "coordinates": [24.602808, 35.213333]}, "properties": {"kind": "fountain", "osm": "n5972865947"}}, {"type": "Feature", "geometry": {"type": "Point", "coordinates": [24.610397, 35.214305]}, "properties": {"kind": "fountain", "osm": "n5972878735"}}, {"type": "Feature", "geometry": {"type": "Point", "coordinates": [24.613424, 35.219381]}, "properties": {"kind": "fountain", "osm": "n5972878736"}}, {"type": "Feature", "geometry": {"type": "Point", "coordinates": [24.650899, 35.226471]}, "properties": {"kind": "fountain", "osm": "n5972878738"}}, {"type": "Feature", "geometry": {"type": "Point", "coordinates": [24.738724, 35.189002]}, "properties": {"kind": "fountain", "osm": "n5972880311"}}, {"type": "Feature", "geometry": {"type": "Point", "coordinates": [24.714302, 35.21139]}, "properties": {"kind": "fountain", "osm": "n5972893175"}}, {"type": "Feature", "geometry": {"type": "Point", "coordinates": [24.739846, 35.188067]}, "properties": {"kind": "fountain", "osm": "n5972893176"}}, {"type": "Feature", "geometry": {"type": "Point", "coordinates": [24.732718, 35.171375]}, "properties": {"kind": "fountain", "osm": "n5972893586"}}, {"type": "Feature", "geometry": {"type": "Point", "coordinates": [24.812666, 35.153158]}, "properties": {"kind": "fountain", "osm": "n5972893587"}}, {"type": "Feature", "geometry": {"type": "Point", "coordinates": [22.158418, 40.165573]}, "properties": {"kind": "fountain", "osm": "n5973725637"}}, {"type": "Feature", "geometry": {"type": "Point", "coordinates": [22.151404, 40.147081]}, "properties": {"kind": "fountain", "osm": "n5973725649"}}, {"type": "Feature", "geometry": {"type": "Point", "coordinates": [22.461028, 40.007278]}, "properties": {"kind": "fountain", "osm": "n5973742679"}}, {"type": "Feature", "geometry": {"type": "Point", "coordinates": [22.438977, 39.990685]}, "properties": {"kind": "fountain", "osm": "n5973742680"}}, {"type": "Feature", "geometry": {"type": "Point", "coordinates": [23.185172, 38.973761]}, "properties": {"kind": "fountain", "osm": "n5976849095"}}, {"type": "Feature", "geometry": {"type": "Point", "coordinates": [24.921795, 35.131893]}, "properties": {"kind": "fountain", "osm": "n5980767118"}}, {"type": "Feature", "geometry": {"type": "Point", "coordinates": [24.953148, 35.134378]}, "properties": {"kind": "fountain", "osm": "n5980767119"}}, {"type": "Feature", "geometry": {"type": "Point", "coordinates": [24.999657, 35.174836]}, "properties": {"kind": "fountain", "osm": "n5980767120"}}, {"type": "Feature", "geometry": {"type": "Point", "coordinates": [22.14021, 37.156976]}, "properties": {"kind": "fountain", "osm": "n5982609216"}}, {"type": "Feature", "geometry": {"type": "Point", "coordinates": [19.912127, 39.616003]}, "properties": {"kind": "fountain", "osm": "n5983125092"}}, {"type": "Feature", "geometry": {"type": "Point", "coordinates": [22.150236, 41.119247]}, "properties": {"kind": "fountain", "osm": "n5988860390"}}, {"type": "Feature", "geometry": {"type": "Point", "coordinates": [25.249276, 35.22735]}, "properties": {"kind": "fountain", "osm": "n5989930033"}}, {"type": "Feature", "geometry": {"type": "Point", "coordinates": [25.32856, 35.209356]}, "properties": {"kind": "fountain", "osm": "n5989954787"}}, {"type": "Feature", "geometry": {"type": "Point", "coordinates": [25.358301, 35.20375]}, "properties": {"kind": "fountain", "osm": "n5989978849"}}, {"type": "Feature", "geometry": {"type": "Point", "coordinates": [25.383381, 35.196076]}, "properties": {"kind": "fountain", "osm": "n5989979297"}}, {"type": "Feature", "geometry": {"type": "Point", "coordinates": [25.401769, 35.203659]}, "properties": {"kind": "fountain", "osm": "n5989979298"}}, {"type": "Feature", "geometry": {"type": "Point", "coordinates": [25.4586, 35.159136]}, "properties": {"kind": "fountain", "osm": "n5989979607"}}, {"type": "Feature", "geometry": {"type": "Point", "coordinates": [21.146246, 39.862807]}, "properties": {"name": "Κόκκινη Βρύση", "kind": "spring", "osm": "n6004338464"}}, {"type": "Feature", "geometry": {"type": "Point", "coordinates": [21.11825, 39.891101]}, "properties": {"kind": "spring", "osm": "n6004338481"}}, {"type": "Feature", "geometry": {"type": "Point", "coordinates": [21.119731, 39.89231]}, "properties": {"kind": "spring", "osm": "n6004338482"}}, {"type": "Feature", "geometry": {"type": "Point", "coordinates": [21.072043, 39.898928]}, "properties": {"kind": "spring", "osm": "n6004338483"}}, {"type": "Feature", "geometry": {"type": "Point", "coordinates": [21.929869, 39.360669]}, "properties": {"kind": "fountain", "osm": "n6007837172"}}, {"type": "Feature", "geometry": {"type": "Point", "coordinates": [25.846135, 35.082123]}, "properties": {"kind": "fountain", "osm": "n6008293851"}}, {"type": "Feature", "geometry": {"type": "Point", "coordinates": [25.99474, 35.111725]}, "properties": {"kind": "fountain", "osm": "n6008293852"}}, {"type": "Feature", "geometry": {"type": "Point", "coordinates": [26.039792, 35.091033]}, "properties": {"kind": "fountain", "osm": "n6008293853"}}, {"type": "Feature", "geometry": {"type": "Point", "coordinates": [26.098999, 35.080872]}, "properties": {"kind": "fountain", "osm": "n6008293855"}}, {"type": "Feature", "geometry": {"type": "Point", "coordinates": [25.809038, 35.053812]}, "properties": {"name": "Kefalovrysi", "kind": "fountain", "osm": "n6008301321"}}, {"type": "Feature", "geometry": {"type": "Point", "coordinates": [25.993946, 35.112085]}, "properties": {"kind": "fountain", "osm": "n6008301322"}}, {"type": "Feature", "geometry": {"type": "Point", "coordinates": [26.062528, 35.090565]}, "properties": {"kind": "fountain", "osm": "n6008301324"}}, {"type": "Feature", "geometry": {"type": "Point", "coordinates": [26.098383, 35.081457]}, "properties": {"kind": "fountain", "osm": "n6008301325"}}, {"type": "Feature", "geometry": {"type": "Point", "coordinates": [26.185866, 35.104927]}, "properties": {"name": "Σκαλιά", "drinking_water": "yes", "kind": "spring", "osm": "n6008301326"}}, {"type": "Feature", "geometry": {"type": "Point", "coordinates": [26.217603, 35.112999]}, "properties": {"kind": "fountain", "osm": "n6008301327"}}, {"type": "Feature", "geometry": {"type": "Point", "coordinates": [26.219176, 35.112969]}, "properties": {"kind": "fountain", "osm": "n6008301328"}}, {"type": "Feature", "geometry": {"type": "Point", "coordinates": [25.995579, 35.112201]}, "properties": {"kind": "fountain", "osm": "n6008301702"}}, {"type": "Feature", "geometry": {"type": "Point", "coordinates": [21.795927, 37.986488]}, "properties": {"name": "Πηγή", "name:el": "Πηγή", "name:en": "Spring", "drinking_water": "yes", "kind": "spring", "osm": "n6013525590"}}, {"type": "Feature", "geometry": {"type": "Point", "coordinates": [21.809897, 37.887107]}, "properties": {"name": "Κεφαλόβρυσο", "kind": "spring", "osm": "n6017394181"}}, {"type": "Feature", "geometry": {"type": "Point", "coordinates": [21.815655, 37.867863]}, "properties": {"name": "Κρυάβρυση", "kind": "spring", "osm": "n6017394182"}}, {"type": "Feature", "geometry": {"type": "Point", "coordinates": [21.817927, 37.862823]}, "properties": {"name": "Όπαντη", "kind": "spring", "osm": "n6017394183"}}, {"type": "Feature", "geometry": {"type": "Point", "coordinates": [21.83089, 37.872732]}, "properties": {"name": "Σκαφίδια", "kind": "spring", "osm": "n6017394184"}}, {"type": "Feature", "geometry": {"type": "Point", "coordinates": [21.832341, 37.869333]}, "properties": {"name": "Περδικόβρυση", "kind": "spring", "osm": "n6017394285"}}, {"type": "Feature", "geometry": {"type": "Point", "coordinates": [21.828346, 37.851546]}, "properties": {"kind": "spring", "osm": "n6017400578"}}, {"type": "Feature", "geometry": {"type": "Point", "coordinates": [20.503685, 39.628563]}, "properties": {"kind": "fountain", "osm": "n6017733633"}}, {"type": "Feature", "geometry": {"type": "Point", "coordinates": [21.696463, 39.13874]}, "properties": {"kind": "spring", "osm": "n6030492930"}}, {"type": "Feature", "geometry": {"type": "Point", "coordinates": [24.729577, 40.731721]}, "properties": {"kind": "fountain", "osm": "n6035581775"}}, {"type": "Feature", "geometry": {"type": "Point", "coordinates": [21.64834, 38.507662]}, "properties": {"kind": "fountain", "osm": "n6036343331"}}, {"type": "Feature", "geometry": {"type": "Point", "coordinates": [20.653713, 39.752099]}, "properties": {"kind": "fountain", "osm": "n6068681286"}}, {"type": "Feature", "geometry": {"type": "Point", "coordinates": [25.923745, 35.154621]}, "properties": {"kind": "fountain", "osm": "n6072712191"}}, {"type": "Feature", "geometry": {"type": "Point", "coordinates": [25.93781, 35.1547]}, "properties": {"kind": "fountain", "osm": "n6072726886"}}, {"type": "Feature", "geometry": {"type": "Point", "coordinates": [25.859955, 35.12315]}, "properties": {"kind": "fountain", "osm": "n6072795988"}}, {"type": "Feature", "geometry": {"type": "Point", "coordinates": [22.045652, 40.431266]}, "properties": {"name": "Νερομάνα", "kind": "spring", "osm": "n6077526451"}}, {"type": "Feature", "geometry": {"type": "Point", "coordinates": [21.872201, 38.924762]}, "properties": {"kind": "fountain", "osm": "n6090604885"}}, {"type": "Feature", "geometry": {"type": "Point", "coordinates": [22.713518, 37.807178]}, "properties": {"kind": "fountain", "osm": "n6092925061"}}, {"type": "Feature", "geometry": {"type": "Point", "coordinates": [24.728179, 40.715793]}, "properties": {"kind": "fountain", "osm": "n6093701895"}}, {"type": "Feature", "geometry": {"type": "Point", "coordinates": [21.92662, 39.360066]}, "properties": {"kind": "fountain", "osm": "n6099572648"}}, {"type": "Feature", "geometry": {"type": "Point", "coordinates": [23.747794, 38.216108]}, "properties": {"name": "Παλιομήλεσι", "kind": "fountain", "osm": "n6109956379"}}, {"type": "Feature", "geometry": {"type": "Point", "coordinates": [23.790493, 38.154258]}, "properties": {"kind": "fountain", "osm": "n6109956380"}}, {"type": "Feature", "geometry": {"type": "Point", "coordinates": [21.628989, 37.642924]}, "properties": {"kind": "fountain", "osm": "n6120219070"}}, {"type": "Feature", "geometry": {"type": "Point", "coordinates": [20.810005, 40.214636]}, "properties": {"kind": "spring", "osm": "n6121888326"}}, {"type": "Feature", "geometry": {"type": "Point", "coordinates": [23.989334, 40.867688]}, "properties": {"drinking_water": "yes", "kind": "spring", "osm": "n6123044882"}}, {"type": "Feature", "geometry": {"type": "Point", "coordinates": [24.722022, 36.973545]}, "properties": {"drinking_water": "yes", "kind": "point", "osm": "n6135634044"}}, {"type": "Feature", "geometry": {"type": "Point", "coordinates": [24.947172, 41.179272]}, "properties": {"kind": "fountain", "osm": "n6136624619"}}, {"type": "Feature", "geometry": {"type": "Point", "coordinates": [21.900263, 37.487552]}, "properties": {"kind": "fountain", "osm": "n6154343870"}}, {"type": "Feature", "geometry": {"type": "Point", "coordinates": [20.452067, 39.70328]}, "properties": {"name": "Βρύση Γουρίτσα 1955", "kind": "spring", "osm": "n6161626582"}}, {"type": "Feature", "geometry": {"type": "Point", "coordinates": [20.458742, 39.702553]}, "properties": {"kind": "spring", "osm": "n6162384741"}}, {"type": "Feature", "geometry": {"type": "Point", "coordinates": [20.856721, 39.669087]}, "properties": {"drinking_water": "yes", "kind": "fountain", "osm": "n6168345242"}}, {"type": "Feature", "geometry": {"type": "Point", "coordinates": [23.044386, 40.623582]}, "properties": {"name": "Πηγή Ελαιορέματος", "kind": "spring", "osm": "n6171462800"}}, {"type": "Feature", "geometry": {"type": "Point", "coordinates": [20.349707, 39.331767]}, "properties": {"check_date": "2025-03-08", "kind": "fountain", "osm": "n6174278520"}}, {"type": "Feature", "geometry": {"type": "Point", "coordinates": [21.393958, 40.777151]}, "properties": {"kind": "fountain", "osm": "n6174489726"}}, {"type": "Feature", "geometry": {"type": "Point", "coordinates": [24.141682, 40.9528]}, "properties": {"kind": "fountain", "osm": "n6175084178"}}, {"type": "Feature", "geometry": {"type": "Point", "coordinates": [24.134849, 40.956683]}, "properties": {"kind": "fountain", "osm": "n6175084179"}}, {"type": "Feature", "geometry": {"type": "Point", "coordinates": [23.001549, 40.641783]}, "properties": {"kind": "fountain", "osm": "n6176575470"}}, {"type": "Feature", "geometry": {"type": "Point", "coordinates": [23.429483, 37.743913]}, "properties": {"kind": "fountain", "osm": "n6176592265"}}, {"type": "Feature", "geometry": {"type": "Point", "coordinates": [23.426393, 37.745119]}, "properties": {"kind": "fountain", "osm": "n6176592266"}}, {"type": "Feature", "geometry": {"type": "Point", "coordinates": [23.42706, 37.746167]}, "properties": {"kind": "fountain", "osm": "n6191165049"}}, {"type": "Feature", "geometry": {"type": "Point", "coordinates": [21.404564, 40.701829]}, "properties": {"kind": "fountain", "osm": "n6194761551"}}, {"type": "Feature", "geometry": {"type": "Point", "coordinates": [22.245893, 37.11047]}, "properties": {"kind": "spring", "osm": "n6210292376"}}, {"type": "Feature", "geometry": {"type": "Point", "coordinates": [22.23223, 37.182256]}, "properties": {"drinking_water": "yes", "kind": "spring", "osm": "n6210347176"}}, {"type": "Feature", "geometry": {"type": "Point", "coordinates": [22.20375, 37.187642]}, "properties": {"kind": "spring", "osm": "n6210353479"}}, {"type": "Feature", "geometry": {"type": "Point", "coordinates": [21.88958, 37.165073]}, "properties": {"kind": "spring", "osm": "n6210482020"}}, {"type": "Feature", "geometry": {"type": "Point", "coordinates": [21.94939, 37.401117]}, "properties": {"kind": "spring", "osm": "n6211165914"}}, {"type": "Feature", "geometry": {"type": "Point", "coordinates": [23.735183, 38.105722]}, "properties": {"kind": "fountain", "osm": "n6222392609"}}, {"type": "Feature", "geometry": {"type": "Point", "coordinates": [23.703445, 38.051938]}, "properties": {"kind": "fountain", "osm": "n6222411954"}}, {"type": "Feature", "geometry": {"type": "Point", "coordinates": [20.479646, 40.047207]}, "properties": {"kind": "spring", "osm": "n6227006446"}}, {"type": "Feature", "geometry": {"type": "Point", "coordinates": [25.83818, 35.012505]}, "properties": {"kind": "fountain", "osm": "n6253325285"}}, {"type": "Feature", "geometry": {"type": "Point", "coordinates": [23.789256, 40.808774]}, "properties": {"name": "Βρύση Ντριγανίτσι", "name:el": "Βρύση Ντριγανίτσι", "name:en": "Driganitsi Fountain", "fee": "no", "access": "yes", "kind": "fountain", "osm": "n6259891777"}}, {"type": "Feature", "geometry": {"type": "Point", "coordinates": [23.880541, 39.172527]}, "properties": {"name": "Πέντε Βρύσες", "name:el": "Πέντε Βρύσες", "name:en": "Pénte Vrýses", "seasonal": "yes", "kind": "spring", "osm": "n6262592429"}}, {"type": "Feature", "geometry": {"type": "Point", "coordinates": [22.450196, 40.945842]}, "properties": {"kind": "fountain", "osm": "n6265268944"}}, {"type": "Feature", "geometry": {"type": "Point", "coordinates": [22.449317, 40.947228]}, "properties": {"kind": "fountain", "osm": "n6265268946"}}, {"type": "Feature", "geometry": {"type": "Point", "coordinates": [23.551306, 38.212492]}, "properties": {"kind": "fountain", "osm": "n6270399280"}}, {"type": "Feature", "geometry": {"type": "Point", "coordinates": [23.531195, 38.276691]}, "properties": {"kind": "fountain", "osm": "n6270404113"}}, {"type": "Feature", "geometry": {"type": "Point", "coordinates": [21.921705, 37.114831]}, "properties": {"name": "Λαγός και Λιοντάρι", "name:el": "Λαγός και Λιοντάρι", "name:en": "Lagos kai Liontari", "kind": "spring", "osm": "n6288909820"}}, {"type": "Feature", "geometry": {"type": "Point", "coordinates": [22.033133, 40.356145]}, "properties": {"kind": "fountain", "osm": "n6291680163"}}, {"type": "Feature", "geometry": {"type": "Point", "coordinates": [21.440728, 37.670204]}, "properties": {"kind": "fountain", "osm": "n6292142785"}}, {"type": "Feature", "geometry": {"type": "Point", "coordinates": [20.468053, 39.885857]}, "properties": {"fee": "no", "access": "yes", "wheelchair": "yes", "kind": "fountain", "osm": "n6296070745"}}, {"type": "Feature", "geometry": {"type": "Point", "coordinates": [23.777103, 38.604753]}, "properties": {"kind": "fountain", "osm": "n6300598886"}}, {"type": "Feature", "geometry": {"type": "Point", "coordinates": [20.828984, 39.677155]}, "properties": {"kind": "fountain", "osm": "n6302302463"}}, {"type": "Feature", "geometry": {"type": "Point", "coordinates": [20.513189, 39.464502]}, "properties": {"name": "Βρύση «Καρκαμίσι»", "kind": "fountain", "osm": "n6304386956"}}, {"type": "Feature", "geometry": {"type": "Point", "coordinates": [21.534768, 40.611129]}, "properties": {"kind": "fountain", "osm": "n6305568212"}}, {"type": "Feature", "geometry": {"type": "Point", "coordinates": [20.337689, 39.972071]}, "properties": {"kind": "fountain", "osm": "n6306936385"}}, {"type": "Feature", "geometry": {"type": "Point", "coordinates": [20.395885, 39.9301]}, "properties": {"kind": "fountain", "osm": "n6307062858"}}, {"type": "Feature", "geometry": {"type": "Point", "coordinates": [21.967109, 40.409321]}, "properties": {"kind": "fountain", "osm": "n6307723352"}}, {"type": "Feature", "geometry": {"type": "Point", "coordinates": [20.581549, 39.968247]}, "properties": {"kind": "fountain", "osm": "n6309254407"}}, {"type": "Feature", "geometry": {"type": "Point", "coordinates": [21.216366, 39.701696]}, "properties": {"kind": "spring", "osm": "n6311046102"}}, {"type": "Feature", "geometry": {"type": "Point", "coordinates": [23.669309, 38.135993]}, "properties": {"name": "πηγή Ταμίλθι", "seasonal": "no", "kind": "spring", "osm": "n6311849649"}}, {"type": "Feature", "geometry": {"type": "Point", "coordinates": [20.96296, 40.032489]}, "properties": {"kind": "fountain", "osm": "n6311872470"}}, {"type": "Feature", "geometry": {"type": "Point", "coordinates": [23.672261, 38.168691]}, "properties": {"name": "Gkoura", "name:el": "Γκούρα", "name:en": "Gkoura", "kind": "spring", "osm": "n6311885537"}}, {"type": "Feature", "geometry": {"type": "Point", "coordinates": [20.904513, 40.034057]}, "properties": {"kind": "fountain", "osm": "n6311887715"}}, {"type": "Feature", "geometry": {"type": "Point", "coordinates": [20.851546, 40.054282]}, "properties": {"kind": "fountain", "osm": "n6311967790"}}, {"type": "Feature", "geometry": {"type": "Point", "coordinates": [23.017401, 40.605662]}, "properties": {"kind": "fountain", "osm": "n6312638556"}}, {"type": "Feature", "geometry": {"type": "Point", "coordinates": [20.771515, 39.870994]}, "properties": {"kind": "fountain", "osm": "n6312858774"}}, {"type": "Feature", "geometry": {"type": "Point", "coordinates": [21.173916, 40.025057]}, "properties": {"kind": "fountain", "osm": "n6313342633"}}, {"type": "Feature", "geometry": {"type": "Point", "coordinates": [21.612176, 38.63644]}, "properties": {"kind": "fountain", "osm": "n6314984142"}}, {"type": "Feature", "geometry": {"type": "Point", "coordinates": [22.063736, 37.456797]}, "properties": {"kind": "spring", "osm": "n6315737892"}}, {"type": "Feature", "geometry": {"type": "Point", "coordinates": [23.789491, 38.163417]}, "properties": {"kind": "fountain", "osm": "n6327549523"}}, {"type": "Feature", "geometry": {"type": "Point", "coordinates": [23.809658, 38.210838]}, "properties": {"kind": "fountain", "osm": "n6327549804"}}, {"type": "Feature", "geometry": {"type": "Point", "coordinates": [22.463798, 36.445574]}, "properties": {"kind": "spring", "osm": "n6328744385"}}, {"type": "Feature", "geometry": {"type": "Point", "coordinates": [23.837694, 38.582538]}, "properties": {"wheelchair": "yes", "kind": "fountain", "osm": "n6332532312"}}, {"type": "Feature", "geometry": {"type": "Point", "coordinates": [23.839702, 38.581017]}, "properties": {"kind": "fountain", "osm": "n6332547580"}}, {"type": "Feature", "geometry": {"type": "Point", "coordinates": [23.838705, 38.580908]}, "properties": {"kind": "fountain", "osm": "n6332549706"}}, {"type": "Feature", "geometry": {"type": "Point", "coordinates": [23.871479, 40.393381]}, "properties": {"check_date": "2025-07-31", "kind": "fountain", "osm": "n6333738723"}}, {"type": "Feature", "geometry": {"type": "Point", "coordinates": [21.881417, 37.30105]}, "properties": {"kind": "spring", "osm": "n6333932112"}}, {"type": "Feature", "geometry": {"type": "Point", "coordinates": [20.860016, 40.346932]}, "properties": {"name": "Πηγή Τσέλιγκα", "kind": "spring", "osm": "n6334153534"}}, {"type": "Feature", "geometry": {"type": "Point", "coordinates": [21.99064, 37.319445]}, "properties": {"kind": "spring", "osm": "n6334513661"}}, {"type": "Feature", "geometry": {"type": "Point", "coordinates": [21.991602, 37.319284]}, "properties": {"kind": "spring", "osm": "n6334513663"}}, {"type": "Feature", "geometry": {"type": "Point", "coordinates": [21.975488, 37.343268]}, "properties": {"kind": "spring", "osm": "n6334539093"}}, {"type": "Feature", "geometry": {"type": "Point", "coordinates": [21.978807, 37.353708]}, "properties": {"kind": "spring", "osm": "n6334539094"}}, {"type": "Feature", "geometry": {"type": "Point", "coordinates": [23.838428, 38.582212]}, "properties": {"kind": "fountain", "osm": "n6334944252"}}, {"type": "Feature", "geometry": {"type": "Point", "coordinates": [23.684963, 40.439631]}, "properties": {"kind": "fountain", "osm": "n6339249603"}}, {"type": "Feature", "geometry": {"type": "Point", "coordinates": [23.891941, 38.466708]}, "properties": {"kind": "fountain", "osm": "n6339942987"}}, {"type": "Feature", "geometry": {"type": "Point", "coordinates": [23.926652, 40.382199]}, "properties": {"kind": "fountain", "osm": "n6340469371"}}, {"type": "Feature", "geometry": {"type": "Point", "coordinates": [23.998776, 40.370372]}, "properties": {"kind": "fountain", "osm": "n6340469372"}}, {"type": "Feature", "geometry": {"type": "Point", "coordinates": [24.165862, 38.525767]}, "properties": {"kind": "fountain", "osm": "n6341248986"}}, {"type": "Feature", "geometry": {"type": "Point", "coordinates": [21.046804, 39.943535]}, "properties": {"kind": "fountain", "osm": "n6342118312"}}, {"type": "Feature", "geometry": {"type": "Point", "coordinates": [24.137333, 38.569396]}, "properties": {"kind": "fountain", "osm": "n6344703685"}}, {"type": "Feature", "geometry": {"type": "Point", "coordinates": [25.370609, 40.957784]}, "properties": {"name": "tap water", "kind": "tap", "osm": "n6345008035"}}, {"type": "Feature", "geometry": {"type": "Point", "coordinates": [22.001045, 37.299792]}, "properties": {"kind": "spring", "osm": "n6347482768"}}, {"type": "Feature", "geometry": {"type": "Point", "coordinates": [21.97726, 37.342646]}, "properties": {"kind": "spring", "osm": "n6347702405"}}, {"type": "Feature", "geometry": {"type": "Point", "coordinates": [21.970824, 37.343284]}, "properties": {"kind": "spring", "osm": "n6347702406"}}, {"type": "Feature", "geometry": {"type": "Point", "coordinates": [21.946597, 37.352522]}, "properties": {"kind": "spring", "osm": "n6347798283"}}, {"type": "Feature", "geometry": {"type": "Point", "coordinates": [21.947355, 37.359607]}, "properties": {"kind": "spring", "osm": "n6347798700"}}, {"type": "Feature", "geometry": {"type": "Point", "coordinates": [21.990744, 37.367605]}, "properties": {"kind": "spring", "osm": "n6347798707"}}, {"type": "Feature", "geometry": {"type": "Point", "coordinates": [22.028658, 37.368221]}, "properties": {"drinking_water": "yes", "kind": "spring", "osm": "n6347860908"}}, {"type": "Feature", "geometry": {"type": "Point", "coordinates": [22.037768, 37.324728]}, "properties": {"drinking_water": "yes", "kind": "spring", "osm": "n6348289746"}}, {"type": "Feature", "geometry": {"type": "Point", "coordinates": [21.986854, 37.256501]}, "properties": {"kind": "spring", "osm": "n6348589850"}}, {"type": "Feature", "geometry": {"type": "Point", "coordinates": [21.971078, 37.307699]}, "properties": {"kind": "spring", "osm": "n6348619344"}}, {"type": "Feature", "geometry": {"type": "Point", "coordinates": [21.968771, 37.300972]}, "properties": {"kind": "spring", "osm": "n6348619376"}}, {"type": "Feature", "geometry": {"type": "Point", "coordinates": [21.9674, 37.29848]}, "properties": {"kind": "spring", "osm": "n6348619379"}}, {"type": "Feature", "geometry": {"type": "Point", "coordinates": [21.988686, 37.307358]}, "properties": {"kind": "spring", "osm": "n6348632477"}}, {"type": "Feature", "geometry": {"type": "Point", "coordinates": [21.92955, 37.354768]}, "properties": {"kind": "spring", "osm": "n6348676878"}}, {"type": "Feature", "geometry": {"type": "Point", "coordinates": [21.909428, 37.35534]}, "properties": {"name": "Στάλα", "kind": "spring", "osm": "n6348676883"}}, {"type": "Feature", "geometry": {"type": "Point", "coordinates": [21.912819, 37.37086]}, "properties": {"kind": "spring", "osm": "n6348736155"}}, {"type": "Feature", "geometry": {"type": "Point", "coordinates": [21.925753, 37.390148]}, "properties": {"kind": "spring", "osm": "n6348740416"}}, {"type": "Feature", "geometry": {"type": "Point", "coordinates": [21.933729, 37.39161]}, "properties": {"kind": "spring", "osm": "n6348740432"}}, {"type": "Feature", "geometry": {"type": "Point", "coordinates": [21.952786, 37.427996]}, "properties": {"kind": "spring", "osm": "n6349742511"}}, {"type": "Feature", "geometry": {"type": "Point", "coordinates": [21.975081, 37.420876]}, "properties": {"kind": "fountain", "osm": "n6349771777"}}, {"type": "Feature", "geometry": {"type": "Point", "coordinates": [21.97162, 37.427073]}, "properties": {"name": "Πηγή", "kind": "spring", "osm": "n6349771778"}}, {"type": "Feature", "geometry": {"type": "Point", "coordinates": [21.943498, 37.433887]}, "properties": {"kind": "spring", "osm": "n6349805905"}}, {"type": "Feature", "geometry": {"type": "Point", "coordinates": [21.950736, 37.448589]}, "properties": {"kind": "spring", "osm": "n6349818199"}}, {"type": "Feature", "geometry": {"type": "Point", "coordinates": [21.918198, 37.441106]}, "properties": {"kind": "spring", "osm": "n6349892965"}}, {"type": "Feature", "geometry": {"type": "Point", "coordinates": [21.917435, 37.455727]}, "properties": {"kind": "spring", "osm": "n6350975001"}}, {"type": "Feature", "geometry": {"type": "Point", "coordinates": [21.899905, 37.48113]}, "properties": {"name": "Πηγή", "kind": "spring", "osm": "n6350975422"}}, {"type": "Feature", "geometry": {"type": "Point", "coordinates": [21.905806, 37.483882]}, "properties": {"name": "Τρανή Βρύση", "drinking_water": "yes", "kind": "spring", "osm": "n6350975519"}}, {"type": "Feature", "geometry": {"type": "Point", "coordinates": [21.917558, 37.482324]}, "properties": {"kind": "spring", "osm": "n6351007145"}}, {"type": "Feature", "geometry": {"type": "Point", "coordinates": [21.931225, 37.49179]}, "properties": {"kind": "spring", "osm": "n6351074246"}}, {"type": "Feature", "geometry": {"type": "Point", "coordinates": [21.929505, 37.521094]}, "properties": {"kind": "spring", "osm": "n6351267037"}}, {"type": "Feature", "geometry": {"type": "Point", "coordinates": [21.960445, 37.495809]}, "properties": {"drinking_water": "yes", "kind": "spring", "osm": "n6351267039"}}, {"type": "Feature", "geometry": {"type": "Point", "coordinates": [22.050956, 37.478667]}, "properties": {"drinking_water": "yes", "kind": "spring", "osm": "n6351358684"}}, {"type": "Feature", "geometry": {"type": "Point", "coordinates": [22.047466, 37.480159]}, "properties": {"kind": "spring", "osm": "n6351359617"}}, {"type": "Feature", "geometry": {"type": "Point", "coordinates": [22.038599, 37.458774]}, "properties": {"kind": "spring", "osm": "n6351365452"}}, {"type": "Feature", "geometry": {"type": "Point", "coordinates": [24.064508, 38.633536]}, "properties": {"fee": "no", "kind": "fountain", "osm": "n6355996291"}}, {"type": "Feature", "geometry": {"type": "Point", "coordinates": [22.053641, 37.299454]}, "properties": {"kind": "spring", "osm": "n6359323786"}}, {"type": "Feature", "geometry": {"type": "Point", "coordinates": [22.043222, 37.289959]}, "properties": {"kind": "spring", "osm": "n6359423711"}}, {"type": "Feature", "geometry": {"type": "Point", "coordinates": [22.057624, 37.30296]}, "properties": {"kind": "spring", "osm": "n6359423712"}}, {"type": "Feature", "geometry": {"type": "Point", "coordinates": [22.10048, 37.330243]}, "properties": {"name": "Κεφαλάρι", "name:el": "Κεφαλάρι", "name:en": "Kefalari", "kind": "spring", "osm": "n6359467073"}}, {"type": "Feature", "geometry": {"type": "Point", "coordinates": [22.013913, 37.271898]}, "properties": {"kind": "spring", "osm": "n6359467405"}}, {"type": "Feature", "geometry": {"type": "Point", "coordinates": [22.021817, 37.368565]}, "properties": {"name": "Κρύα Βρύση", "kind": "spring", "osm": "n6359512938"}}, {"type": "Feature", "geometry": {"type": "Point", "coordinates": [22.072301, 37.351883]}, "properties": {"kind": "spring", "osm": "n6359512957"}}, {"type": "Feature", "geometry": {"type": "Point", "coordinates": [25.385416, 41.121713]}, "properties": {"kind": "fountain", "osm": "n6362819444"}}, {"type": "Feature", "geometry": {"type": "Point", "coordinates": [21.55462, 38.659995]}, "properties": {"kind": "fountain", "osm": "n6362950612"}}, {"type": "Feature", "geometry": {"type": "Point", "coordinates": [21.942404, 37.324128]}, "properties": {"drinking_water": "yes", "kind": "spring", "osm": "n6364699327"}}, {"type": "Feature", "geometry": {"type": "Point", "coordinates": [21.9635, 37.423139]}, "properties": {"kind": "spring", "osm": "n6364699342"}}, {"type": "Feature", "geometry": {"type": "Point", "coordinates": [21.99893, 37.439631]}, "properties": {"name": "Λυκαία Πηγή", "kind": "spring", "osm": "n6364699343"}}, {"type": "Feature", "geometry": {"type": "Point", "coordinates": [21.998634, 37.433494]}, "properties": {"kind": "spring", "osm": "n6364793685"}}, {"type": "Feature", "geometry": {"type": "Point", "coordinates": [21.9894, 37.461051]}, "properties": {"kind": "spring", "osm": "n6366349876"}}, {"type": "Feature", "geometry": {"type": "Point", "coordinates": [21.991613, 37.462874]}, "properties": {"kind": "spring", "osm": "n6366349877"}}, {"type": "Feature", "geometry": {"type": "Point", "coordinates": [22.011509, 37.475585]}, "properties": {"kind": "spring", "osm": "n6366539490"}}, {"type": "Feature", "geometry": {"type": "Point", "coordinates": [22.018395, 37.472]}, "properties": {"drinking_water": "yes", "kind": "spring", "osm": "n6366557477"}}, {"type": "Feature", "geometry": {"type": "Point", "coordinates": [22.118154, 37.455326]}, "properties": {"kind": "spring", "osm": "n6367885221"}}, {"type": "Feature", "geometry": {"type": "Point", "coordinates": [21.884858, 37.250601]}, "properties": {"kind": "spring", "osm": "n6368940113"}}, {"type": "Feature", "geometry": {"type": "Point", "coordinates": [20.626594, 40.053602]}, "properties": {"kind": "fountain", "osm": "n6370522486"}}, {"type": "Feature", "geometry": {"type": "Point", "coordinates": [20.849909, 39.864526]}, "properties": {"name": "Κάτω Βρύση", "covered": "yes", "kind": "fountain", "osm": "n6371315386"}}, {"type": "Feature", "geometry": {"type": "Point", "coordinates": [25.221132, 39.945894]}, "properties": {"kind": "spring", "osm": "n6372377300"}}, {"type": "Feature", "geometry": {"type": "Point", "coordinates": [25.270969, 39.845064]}, "properties": {"kind": "spring", "osm": "n6372381465"}}, {"type": "Feature", "geometry": {"type": "Point", "coordinates": [22.222304, 37.098784]}, "properties": {"name": "Quelle", "kind": "spring", "osm": "n6372384281"}}, {"type": "Feature", "geometry": {"type": "Point", "coordinates": [22.955803, 40.581084]}, "properties": {"kind": "fountain", "osm": "n6372440212"}}, {"type": "Feature", "geometry": {"type": "Point", "coordinates": [25.12169, 39.905445]}, "properties": {"name": "Θέρμα", "kind": "spring", "osm": "n6373530379"}}, {"type": "Feature", "geometry": {"type": "Point", "coordinates": [22.142973, 37.285311]}, "properties": {"kind": "spring", "osm": "n6374165677"}}, {"type": "Feature", "geometry": {"type": "Point", "coordinates": [21.993919, 37.234196]}, "properties": {"kind": "spring", "osm": "n6377778432"}}, {"type": "Feature", "geometry": {"type": "Point", "coordinates": [21.932699, 37.327399]}, "properties": {"kind": "spring", "osm": "n6381886657"}}, {"type": "Feature", "geometry": {"type": "Point", "coordinates": [21.969249, 37.435265]}, "properties": {"name": "Πηγή", "kind": "spring", "osm": "n6382237251"}}, {"type": "Feature", "geometry": {"type": "Point", "coordinates": [21.991436, 37.432691]}, "properties": {"kind": "spring", "osm": "n6382243617"}}, {"type": "Feature", "geometry": {"type": "Point", "coordinates": [22.02489, 37.389109]}, "properties": {"name": "Πηγή", "kind": "spring", "osm": "n6383269702"}}, {"type": "Feature", "geometry": {"type": "Point", "coordinates": [22.048718, 37.403561]}, "properties": {"kind": "spring", "osm": "n6383582180"}}, {"type": "Feature", "geometry": {"type": "Point", "coordinates": [22.041131, 37.485193]}, "properties": {"name": "Πηγή", "drinking_water": "yes", "kind": "spring", "osm": "n6386870129"}}, {"type": "Feature", "geometry": {"type": "Point", "coordinates": [22.039913, 37.487676]}, "properties": {"name": "ΜΕΓΑΛΗ ΒΡΥΣΗ", "kind": "spring", "osm": "n6386870130"}}, {"type": "Feature", "geometry": {"type": "Point", "coordinates": [22.171197, 37.285056]}, "properties": {"kind": "spring", "osm": "n6388447100"}}, {"type": "Feature", "geometry": {"type": "Point", "coordinates": [22.171851, 37.286108]}, "properties": {"kind": "spring", "osm": "n6388447101"}}, {"type": "Feature", "geometry": {"type": "Point", "coordinates": [22.174026, 37.288614]}, "properties": {"name": "Βρύση", "kind": "spring", "osm": "n6388447102"}}, {"type": "Feature", "geometry": {"type": "Point", "coordinates": [27.846311, 36.548494]}, "properties": {"kind": "fountain", "osm": "n6388824430"}}, {"type": "Feature", "geometry": {"type": "Point", "coordinates": [22.368219, 37.097969]}, "properties": {"kind": "spring", "osm": "n6389543442"}}, {"type": "Feature", "geometry": {"type": "Point", "coordinates": [22.226215, 36.971563]}, "properties": {"name": "Πηγή", "kind": "spring", "osm": "n6389651991"}}, {"type": "Feature", "geometry": {"type": "Point", "coordinates": [22.81752, 37.057395]}, "properties": {"kind": "fountain", "osm": "n6390631035"}}, {"type": "Feature", "geometry": {"type": "Point", "coordinates": [21.936836, 37.178412]}, "properties": {"kind": "spring", "osm": "n6399771924"}}, {"type": "Feature", "geometry": {"type": "Point", "coordinates": [21.02005, 40.027183]}, "properties": {"kind": "fountain", "osm": "n6401013106"}}, {"type": "Feature", "geometry": {"type": "Point", "coordinates": [21.945724, 37.221973]}, "properties": {"kind": "spring", "osm": "n6405282660"}}, {"type": "Feature", "geometry": {"type": "Point", "coordinates": [21.08307, 39.71203]}, "properties": {"kind": "fountain", "osm": "n6418490119"}}, {"type": "Feature", "geometry": {"type": "Point", "coordinates": [21.102351, 39.692826]}, "properties": {"kind": "fountain", "osm": "n6418509633"}}, {"type": "Feature", "geometry": {"type": "Point", "coordinates": [21.105361, 39.690692]}, "properties": {"kind": "fountain", "osm": "n6418548659"}}, {"type": "Feature", "geometry": {"type": "Point", "coordinates": [21.086036, 39.679355]}, "properties": {"kind": "fountain", "osm": "n6418600665"}}, {"type": "Feature", "geometry": {"type": "Point", "coordinates": [21.104294, 39.594251]}, "properties": {"kind": "fountain", "osm": "n6418654464"}}, {"type": "Feature", "geometry": {"type": "Point", "coordinates": [21.104402, 39.594983]}, "properties": {"kind": "fountain", "osm": "n6418701865"}}, {"type": "Feature", "geometry": {"type": "Point", "coordinates": [21.104839, 39.594871]}, "properties": {"name": "Βρύση Καλογρέτσι", "name:el": "Βρύση Καλογρέτσι", "name:en": "Fountain of Kalogretsi", "kind": "fountain", "osm": "n6418707744"}}, {"type": "Feature", "geometry": {"type": "Point", "coordinates": [21.104885, 39.59681]}, "properties": {"name": "Πηγή του Σιόπατου", "name:el": "Πηγή του Σιόπατου", "name:en": "Spring of Siopatou", "kind": "spring", "osm": "n6419713508"}}, {"type": "Feature", "geometry": {"type": "Point", "coordinates": [21.123745, 39.625059]}, "properties": {"name": "Πηγές Χρούσια", "name:el": "Πηγές Χρούσια", "name:en": "Spring of Chrousias", "kind": "spring", "osm": "n6419864068"}}, {"type": "Feature", "geometry": {"type": "Point", "coordinates": [21.926191, 37.436908]}, "properties": {"kind": "spring", "osm": "n6420523864"}}, {"type": "Feature", "geometry": {"type": "Point", "coordinates": [21.928432, 37.442933]}, "properties": {"kind": "spring", "osm": "n6420571243"}}, {"type": "Feature", "geometry": {"type": "Point", "coordinates": [21.981268, 37.377403]}, "properties": {"drinking_water": "yes", "kind": "spring", "osm": "n6420967057"}}, {"type": "Feature", "geometry": {"type": "Point", "coordinates": [21.977241, 37.380306]}, "properties": {"kind": "spring", "osm": "n6420967058"}}, {"type": "Feature", "geometry": {"type": "Point", "coordinates": [21.982886, 37.366416]}, "properties": {"kind": "spring", "osm": "n6421000703"}}, {"type": "Feature", "geometry": {"type": "Point", "coordinates": [21.985392, 37.369405]}, "properties": {"kind": "spring", "osm": "n6421012508"}}, {"type": "Feature", "geometry": {"type": "Point", "coordinates": [22.004999, 37.363017]}, "properties": {"kind": "spring", "osm": "n6421047914"}}, {"type": "Feature", "geometry": {"type": "Point", "coordinates": [22.017426, 37.423649]}, "properties": {"kind": "spring", "osm": "n6421986977"}}, {"type": "Feature", "geometry": {"type": "Point", "coordinates": [22.018833, 37.41949]}, "properties": {"kind": "spring", "osm": "n6421994385"}}, {"type": "Feature", "geometry": {"type": "Point", "coordinates": [22.019756, 37.405535]}, "properties": {"kind": "spring", "osm": "n6422063347"}}, {"type": "Feature", "geometry": {"type": "Point", "coordinates": [22.166956, 37.304184]}, "properties": {"kind": "fountain", "osm": "n6423730542"}}, {"type": "Feature", "geometry": {"type": "Point", "coordinates": [22.003456, 37.414928]}, "properties": {"kind": "spring", "osm": "n6424416487"}}, {"type": "Feature", "geometry": {"type": "Point", "coordinates": [22.003753, 37.414494]}, "properties": {"kind": "spring", "osm": "n6424417101"}}, {"type": "Feature", "geometry": {"type": "Point", "coordinates": [21.950401, 37.457546]}, "properties": {"kind": "spring", "osm": "n6424587549"}}, {"type": "Feature", "geometry": {"type": "Point", "coordinates": [21.20007, 40.623095]}, "properties": {"kind": "fountain", "osm": "n6431079987"}}, {"type": "Feature", "geometry": {"type": "Point", "coordinates": [20.427356, 39.833884]}, "properties": {"kind": "fountain", "osm": "n6431573110"}}, {"type": "Feature", "geometry": {"type": "Point", "coordinates": [25.592358, 35.190716]}, "properties": {"kind": "fountain", "osm": "n6432795136"}}, {"type": "Feature", "geometry": {"type": "Point", "coordinates": [23.041188, 39.358473]}, "properties": {"kind": "fountain", "osm": "n6434188691"}}, {"type": "Feature", "geometry": {"type": "Point", "coordinates": [23.05042, 39.376096]}, "properties": {"kind": "fountain", "osm": "n6434277754"}}, {"type": "Feature", "geometry": {"type": "Point", "coordinates": [23.040159, 39.352482]}, "properties": {"kind": "fountain", "osm": "n6435618954"}}, {"type": "Feature", "geometry": {"type": "Point", "coordinates": [23.863714, 35.242255]}, "properties": {"name": "Βουκελάς", "kind": "spring", "osm": "n6436478185"}}, {"type": "Feature", "geometry": {"type": "Point", "coordinates": [21.07988, 40.577119]}, "properties": {"kind": "fountain", "osm": "n6438767949"}}, {"type": "Feature", "geometry": {"type": "Point", "coordinates": [21.080672, 40.57793]}, "properties": {"kind": "fountain", "osm": "n6438767952"}}, {"type": "Feature", "geometry": {"type": "Point", "coordinates": [22.153626, 37.079502]}, "properties": {"kind": "spring", "osm": "n6439712201"}}, {"type": "Feature", "geometry": {"type": "Point", "coordinates": [23.794116, 40.395765]}, "properties": {"check_date": "2025-08-07", "kind": "fountain", "osm": "n6442386927"}}, {"type": "Feature", "geometry": {"type": "Point", "coordinates": [23.64666, 38.146931]}, "properties": {"name": "Πηγή Φυλής", "kind": "fountain", "osm": "n6446025616"}}, {"type": "Feature", "geometry": {"type": "Point", "coordinates": [23.646592, 38.146938]}, "properties": {"name": "Πηγή Φυλής", "kind": "fountain", "osm": "n6446030041"}}, {"type": "Feature", "geometry": {"type": "Point", "coordinates": [23.644957, 38.145539]}, "properties": {"kind": "fountain", "osm": "n6446030054"}}, {"type": "Feature", "geometry": {"type": "Point", "coordinates": [23.687956, 38.092848]}, "properties": {"kind": "fountain", "osm": "n6446032119"}}, {"type": "Feature", "geometry": {"type": "Point", "coordinates": [20.723398, 39.968852]}, "properties": {"name": "Βρύση Γκούβα", "fee": "no", "kind": "fountain", "osm": "n6447514619"}}, {"type": "Feature", "geometry": {"type": "Point", "coordinates": [21.697907, 37.349405]}, "properties": {"drinking_water": "yes", "kind": "spring", "osm": "n6449813959"}}, {"type": "Feature", "geometry": {"type": "Point", "coordinates": [23.084179, 38.879564]}, "properties": {"kind": "spring", "osm": "n6453006122"}}, {"type": "Feature", "geometry": {"type": "Point", "coordinates": [21.846969, 37.138585]}, "properties": {"kind": "spring", "osm": "n6458533476"}}, {"type": "Feature", "geometry": {"type": "Point", "coordinates": [20.54912, 39.444347]}, "properties": {"kind": "fountain", "osm": "n6459781313"}}, {"type": "Feature", "geometry": {"type": "Point", "coordinates": [21.854572, 37.143611]}, "properties": {"name": "Ποτίστρα", "kind": "spring", "osm": "n6459809299"}}, {"type": "Feature", "geometry": {"type": "Point", "coordinates": [23.697053, 38.0924]}, "properties": {"kind": "fountain", "osm": "n6464441693"}}, {"type": "Feature", "geometry": {"type": "Point", "coordinates": [22.589716, 37.350085]}, "properties": {"kind": "spring", "osm": "n6464558967"}}, {"type": "Feature", "geometry": {"type": "Point", "coordinates": [20.56705, 39.643501]}, "properties": {"kind": "fountain", "osm": "n6464689244"}}, {"type": "Feature", "geometry": {"type": "Point", "coordinates": [20.18977, 39.626119]}, "properties": {"kind": "fountain", "osm": "n6465448429"}}, {"type": "Feature", "geometry": {"type": "Point", "coordinates": [21.944032, 37.236732]}, "properties": {"kind": "spring", "osm": "n6465766598"}}, {"type": "Feature", "geometry": {"type": "Point", "coordinates": [20.532203, 39.705803]}, "properties": {"kind": "fountain", "osm": "n6467104507"}}, {"type": "Feature", "geometry": {"type": "Point", "coordinates": [21.9249, 37.299644]}, "properties": {"kind": "spring", "osm": "n6467133781"}}, {"type": "Feature", "geometry": {"type": "Point", "coordinates": [21.926146, 37.300265]}, "properties": {"kind": "spring", "osm": "n6467137295"}}, {"type": "Feature", "geometry": {"type": "Point", "coordinates": [21.839486, 37.350932]}, "properties": {"kind": "spring", "osm": "n6467159084"}}, {"type": "Feature", "geometry": {"type": "Point", "coordinates": [21.963726, 37.109543]}, "properties": {"kind": "spring", "osm": "n6467321733"}}, {"type": "Feature", "geometry": {"type": "Point", "coordinates": [20.496006, 39.321387]}, "properties": {"kind": "fountain", "osm": "n6467896897"}}, {"type": "Feature", "geometry": {"type": "Point", "coordinates": [20.589102, 39.736318]}, "properties": {"kind": "fountain", "osm": "n6468110237"}}, {"type": "Feature", "geometry": {"type": "Point", "coordinates": [20.59195, 39.737077]}, "properties": {"kind": "spring", "osm": "n6468111317"}}, {"type": "Feature", "geometry": {"type": "Point", "coordinates": [20.598265, 39.644613]}, "properties": {"kind": "fountain", "osm": "n6468183160"}}, {"type": "Feature", "geometry": {"type": "Point", "coordinates": [26.338046, 39.316997]}, "properties": {"bottle": "yes", "fee": "no", "access": "yes", "wheelchair": "yes", "covered": "no", "kind": "fountain", "osm": "n6469370761"}}, {"type": "Feature", "geometry": {"type": "Point", "coordinates": [26.337631, 39.316621]}, "properties": {"bottle": "yes", "fee": "no", "access": "yes", "covered": "no", "kind": "fountain", "osm": "n6469370762"}}, {"type": "Feature", "geometry": {"type": "Point", "coordinates": [26.211371, 39.270857]}, "properties": {"kind": "fountain", "osm": "n6469370767"}}, {"type": "Feature", "geometry": {"type": "Point", "coordinates": [26.163559, 39.19399]}, "properties": {"kind": "fountain", "osm": "n6469370769"}}, {"type": "Feature", "geometry": {"type": "Point", "coordinates": [26.163983, 39.194004]}, "properties": {"kind": "fountain", "osm": "n6469370770"}}, {"type": "Feature", "geometry": {"type": "Point", "coordinates": [21.924743, 37.170443]}, "properties": {"kind": "spring", "osm": "n6471150319"}}, {"type": "Feature", "geometry": {"type": "Point", "coordinates": [21.91523, 37.083527]}, "properties": {"kind": "spring", "osm": "n6471283470"}}, {"type": "Feature", "geometry": {"type": "Point", "coordinates": [20.705316, 39.475147]}, "properties": {"kind": "fountain", "osm": "n6481598613"}}, {"type": "Feature", "geometry": {"type": "Point", "coordinates": [20.456342, 39.492801]}, "properties": {"kind": "fountain", "osm": "n6482468007"}}, {"type": "Feature", "geometry": {"type": "Point", "coordinates": [22.076064, 40.523499]}, "properties": {"kind": "fountain", "osm": "n6483933823"}}, {"type": "Feature", "geometry": {"type": "Point", "coordinates": [26.638498, 37.722914]}, "properties": {"kind": "fountain", "osm": "n6484914977"}}, {"type": "Feature", "geometry": {"type": "Point", "coordinates": [26.849121, 37.7608]}, "properties": {"kind": "fountain", "osm": "n6484953217"}}, {"type": "Feature", "geometry": {"type": "Point", "coordinates": [21.105806, 39.593805]}, "properties": {"name": "Βρύση Μπόζιας", "kind": "spring", "osm": "n6488491993"}}, {"type": "Feature", "geometry": {"type": "Point", "coordinates": [22.838985, 39.064132]}, "properties": {"kind": "spring", "osm": "n6495694537"}}, {"type": "Feature", "geometry": {"type": "Point", "coordinates": [24.654151, 40.708695]}, "properties": {"name": "no water!", "drinking_water": "yes", "kind": "spring", "osm": "n6496066607"}}, {"type": "Feature", "geometry": {"type": "Point", "coordinates": [20.825591, 39.925821]}, "properties": {"kind": "fountain", "osm": "n6497364190"}}, {"type": "Feature", "geometry": {"type": "Point", "coordinates": [20.818592, 39.906213]}, "properties": {"covered": "yes", "kind": "fountain", "osm": "n6497375264"}}, {"type": "Feature", "geometry": {"type": "Point", "coordinates": [23.17652, 39.403554]}, "properties": {"kind": "fountain", "osm": "n6499524785"}}, {"type": "Feature", "geometry": {"type": "Point", "coordinates": [23.16034, 39.399114]}, "properties": {"kind": "fountain", "osm": "n6499614785"}}, {"type": "Feature", "geometry": {"type": "Point", "coordinates": [23.165846, 39.390095]}, "properties": {"kind": "fountain", "osm": "n6499657286"}}, {"type": "Feature", "geometry": {"type": "Point", "coordinates": [23.525712, 38.147544]}, "properties": {"kind": "fountain", "osm": "n6501014501"}}, {"type": "Feature", "geometry": {"type": "Point", "coordinates": [21.159228, 39.78466]}, "properties": {"kind": "fountain", "osm": "n6502592729"}}, {"type": "Feature", "geometry": {"type": "Point", "coordinates": [23.711779, 37.984646]}, "properties": {"kind": "fountain", "osm": "n6502771789"}}, {"type": "Feature", "geometry": {"type": "Point", "coordinates": [20.880854, 39.176652]}, "properties": {"kind": "fountain", "osm": "n6507211385"}}, {"type": "Feature", "geometry": {"type": "Point", "coordinates": [20.827024, 39.167863]}, "properties": {"kind": "fountain", "osm": "n6509481965"}}, {"type": "Feature", "geometry": {"type": "Point", "coordinates": [20.620804, 39.382698]}, "properties": {"kind": "fountain", "osm": "n6512245184"}}, {"type": "Feature", "geometry": {"type": "Point", "coordinates": [20.707514, 38.999071]}, "properties": {"kind": "fountain", "osm": "n6519009266"}}, {"type": "Feature", "geometry": {"type": "Point", "coordinates": [22.054275, 37.115027]}, "properties": {"drinking_water": "yes", "kind": "spring", "osm": "n6521827474"}}, {"type": "Feature", "geometry": {"type": "Point", "coordinates": [20.777016, 39.897272]}, "properties": {"kind": "fountain", "osm": "n6524203983"}}, {"type": "Feature", "geometry": {"type": "Point", "coordinates": [26.021989, 35.127425]}, "properties": {"drinking_water": "yes", "kind": "spring", "osm": "n6528649476"}}, {"type": "Feature", "geometry": {"type": "Point", "coordinates": [20.77426, 39.542285]}, "properties": {"kind": "fountain", "osm": "n6530623562"}}, {"type": "Feature", "geometry": {"type": "Point", "coordinates": [20.760788, 39.536012]}, "properties": {"kind": "fountain", "osm": "n6532013580"}}, {"type": "Feature", "geometry": {"type": "Point", "coordinates": [20.772562, 39.542531]}, "properties": {"kind": "fountain", "osm": "n6532046279"}}, {"type": "Feature", "geometry": {"type": "Point", "coordinates": [20.76118, 39.533593]}, "properties": {"kind": "fountain", "osm": "n6532067541"}}, {"type": "Feature", "geometry": {"type": "Point", "coordinates": [21.906491, 41.004756]}, "properties": {"kind": "fountain", "osm": "n6532554469"}}, {"type": "Feature", "geometry": {"type": "Point", "coordinates": [20.66461, 39.57681]}, "properties": {"kind": "fountain", "osm": "n6532962834"}}, {"type": "Feature", "geometry": {"type": "Point", "coordinates": [20.637339, 39.609075]}, "properties": {"kind": "fountain", "osm": "n6533006547"}}, {"type": "Feature", "geometry": {"type": "Point", "coordinates": [20.62284, 39.5814]}, "properties": {"kind": "fountain", "osm": "n6533847710"}}, {"type": "Feature", "geometry": {"type": "Point", "coordinates": [20.556836, 39.52529]}, "properties": {"kind": "fountain", "osm": "n6533947506"}}, {"type": "Feature", "geometry": {"type": "Point", "coordinates": [20.69562, 39.261425]}, "properties": {"kind": "fountain", "osm": "n6534002438"}}, {"type": "Feature", "geometry": {"type": "Point", "coordinates": [20.721035, 39.304001]}, "properties": {"kind": "fountain", "osm": "n6534054191"}}, {"type": "Feature", "geometry": {"type": "Point", "coordinates": [20.735453, 39.32946]}, "properties": {"kind": "fountain", "osm": "n6534075852"}}, {"type": "Feature", "geometry": {"type": "Point", "coordinates": [22.138488, 38.659738]}, "properties": {"kind": "spring", "osm": "n6534172251"}}, {"type": "Feature", "geometry": {"type": "Point", "coordinates": [22.139032, 38.659509]}, "properties": {"kind": "spring", "osm": "n6534172270"}}, {"type": "Feature", "geometry": {"type": "Point", "coordinates": [20.747682, 39.359914]}, "properties": {"kind": "fountain", "osm": "n6534269015"}}, {"type": "Feature", "geometry": {"type": "Point", "coordinates": [20.754935, 39.425973]}, "properties": {"kind": "fountain", "osm": "n6534282858"}}, {"type": "Feature", "geometry": {"type": "Point", "coordinates": [20.733371, 39.435915]}, "properties": {"kind": "fountain", "osm": "n6534342792"}}, {"type": "Feature", "geometry": {"type": "Point", "coordinates": [23.882696, 35.26477]}, "properties": {"name": "Tripiti", "kind": "fountain", "osm": "n6542147385"}}, {"type": "Feature", "geometry": {"type": "Point", "coordinates": [23.881134, 35.267311]}, "properties": {"kind": "spring", "osm": "n6542702364"}}, {"type": "Feature", "geometry": {"type": "Point", "coordinates": [24.50559, 35.334483]}, "properties": {"kind": "spring", "osm": "n6543049400"}}, {"type": "Feature", "geometry": {"type": "Point", "coordinates": [22.498094, 38.49993]}, "properties": {"name": "Kroki", "name:el": "Κρόκι", "kind": "spring", "osm": "n6543216924"}}, {"type": "Feature", "geometry": {"type": "Point", "coordinates": [23.746845, 37.969464]}, "properties": {"bottle": "no", "fee": "no", "access": "yes", "wheelchair": "no", "kind": "fountain", "osm": "n6543560434"}}, {"type": "Feature", "geometry": {"type": "Point", "coordinates": [20.814922, 39.515879]}, "properties": {"name": "Πηγές Λούρου", "name:el": "Πηγές Λούρου", "name:en": "Spring of Louros", "kind": "spring", "osm": "n6543648549"}}, {"type": "Feature", "geometry": {"type": "Point", "coordinates": [22.716872, 37.55183]}, "properties": {"name": "Πηγές Λέρνης", "kind": "spring", "osm": "n6545130511"}}, {"type": "Feature", "geometry": {"type": "Point", "coordinates": [26.100518, 35.208136]}, "properties": {"kind": "fountain", "osm": "n6554117122"}}, {"type": "Feature", "geometry": {"type": "Point", "coordinates": [21.67991, 37.247755]}, "properties": {"name": "Σταφιδόβρυση", "kind": "spring", "osm": "n6554347655"}}, {"type": "Feature", "geometry": {"type": "Point", "coordinates": [22.476792, 36.520769]}, "properties": {"kind": "fountain", "osm": "n6555208398"}}, {"type": "Feature", "geometry": {"type": "Point", "coordinates": [23.693468, 37.939724]}, "properties": {"bottle": "yes", "wheelchair": "yes", "kind": "fountain", "osm": "n6559579097"}}, {"type": "Feature", "geometry": {"type": "Point", "coordinates": [23.695256, 37.941091]}, "properties": {"bottle": "yes", "kind": "fountain", "osm": "n6559579098"}}, {"type": "Feature", "geometry": {"type": "Point", "coordinates": [23.078263, 37.596408]}, "properties": {"kind": "fountain", "osm": "n6563025585"}}, {"type": "Feature", "geometry": {"type": "Point", "coordinates": [23.692681, 37.94125]}, "properties": {"bottle": "yes", "wheelchair": "yes", "kind": "fountain", "osm": "n6564188282"}}, {"type": "Feature", "geometry": {"type": "Point", "coordinates": [23.694063, 37.942158]}, "properties": {"bottle": "yes", "wheelchair": "yes", "kind": "fountain", "osm": "n6564218109"}}, {"type": "Feature", "geometry": {"type": "Point", "coordinates": [23.691381, 37.941872]}, "properties": {"bottle": "yes", "wheelchair": "yes", "kind": "fountain", "osm": "n6564219116"}}, {"type": "Feature", "geometry": {"type": "Point", "coordinates": [23.691987, 37.942087]}, "properties": {"bottle": "yes", "wheelchair": "yes", "kind": "fountain", "osm": "n6564219117"}}, {"type": "Feature", "geometry": {"type": "Point", "coordinates": [23.69432, 37.940371]}, "properties": {"bottle": "yes", "wheelchair": "yes", "kind": "fountain", "osm": "n6564324435"}}, {"type": "Feature", "geometry": {"type": "Point", "coordinates": [23.152131, 39.400724]}, "properties": {"kind": "fountain", "osm": "n6565869709"}}, {"type": "Feature", "geometry": {"type": "Point", "coordinates": [20.787084, 39.413923]}, "properties": {"kind": "fountain", "osm": "n6566478638"}}, {"type": "Feature", "geometry": {"type": "Point", "coordinates": [20.808277, 39.464426]}, "properties": {"kind": "fountain", "osm": "n6566622954"}}, {"type": "Feature", "geometry": {"type": "Point", "coordinates": [20.84652, 39.475346]}, "properties": {"kind": "fountain", "osm": "n6566681142"}}, {"type": "Feature", "geometry": {"type": "Point", "coordinates": [23.693825, 37.940954]}, "properties": {"bottle": "yes", "wheelchair": "yes", "kind": "fountain", "osm": "n6566800614"}}, {"type": "Feature", "geometry": {"type": "Point", "coordinates": [21.951921, 37.23212]}, "properties": {"kind": "spring", "osm": "n6568556800"}}, {"type": "Feature", "geometry": {"type": "Point", "coordinates": [23.692184, 37.941641]}, "properties": {"bottle": "yes", "wheelchair": "yes", "kind": "fountain", "osm": "n6568927453"}}, {"type": "Feature", "geometry": {"type": "Point", "coordinates": [23.691333, 37.940459]}, "properties": {"bottle": "yes", "wheelchair": "yes", "kind": "fountain", "osm": "n6568994552"}}, {"type": "Feature", "geometry": {"type": "Point", "coordinates": [22.000551, 40.000556]}, "properties": {"kind": "spring", "osm": "n6570018140"}}, {"type": "Feature", "geometry": {"type": "Point", "coordinates": [23.693204, 37.940253]}, "properties": {"bottle": "yes", "wheelchair": "yes", "kind": "fountain", "osm": "n6570368005"}}, {"type": "Feature", "geometry": {"type": "Point", "coordinates": [23.694055, 37.940903]}, "properties": {"bottle": "yes", "wheelchair": "yes", "kind": "fountain", "osm": "n6570368006"}}, {"type": "Feature", "geometry": {"type": "Point", "coordinates": [23.694921, 37.941565]}, "properties": {"bottle": "yes", "wheelchair": "yes", "kind": "fountain", "osm": "n6570368007"}}, {"type": "Feature", "geometry": {"type": "Point", "coordinates": [22.368583, 37.073442]}, "properties": {"kind": "fountain", "osm": "n6572748085"}}, {"type": "Feature", "geometry": {"type": "Point", "coordinates": [26.335086, 38.997302]}, "properties": {"fee": "no", "wheelchair": "no", "kind": "fountain", "osm": "n6572913127"}}, {"type": "Feature", "geometry": {"type": "Point", "coordinates": [22.491272, 40.590366]}, "properties": {"kind": "fountain", "osm": "n6575351893"}}, {"type": "Feature", "geometry": {"type": "Point", "coordinates": [21.623529, 39.716652]}, "properties": {"check_date": "2022-09-05", "kind": "fountain", "osm": "n6577378009"}}, {"type": "Feature", "geometry": {"type": "Point", "coordinates": [22.374864, 37.817697]}, "properties": {"fee": "no", "access": "yes", "operator": "Πηγή", "wheelchair": "no", "kind": "fountain", "osm": "n6578633148"}}, {"type": "Feature", "geometry": {"type": "Point", "coordinates": [20.386649, 39.966817]}, "properties": {"kind": "fountain", "osm": "n6584955679"}}, {"type": "Feature", "geometry": {"type": "Point", "coordinates": [21.435424, 37.669923]}, "properties": {"description": "Η παλαιά βρύση στα κανούλια", "kind": "fountain", "osm": "n6587445803"}}, {"type": "Feature", "geometry": {"type": "Point", "coordinates": [28.096151, 36.3497]}, "properties": {"kind": "fountain", "osm": "n6590329985"}}, {"type": "Feature", "geometry": {"type": "Point", "coordinates": [28.065351, 36.35212]}, "properties": {"kind": "spring", "osm": "n6590329986"}}, {"type": "Feature", "geometry": {"type": "Point", "coordinates": [22.316278, 40.990334]}, "properties": {"name": "Βρύση Γιούδα", "kind": "tap", "osm": "n6591310840"}}, {"type": "Feature", "geometry": {"type": "Point", "coordinates": [22.335709, 41.008532]}, "properties": {"kind": "tap", "osm": "n6591314934"}}, {"type": "Feature", "geometry": {"type": "Point", "coordinates": [22.310811, 38.667865]}, "properties": {"name": "Τράκα", "name:el": "Τράκα", "name:en": "Traka", "kind": "fountain", "osm": "n6592964516"}}, {"type": "Feature", "geometry": {"type": "Point", "coordinates": [22.284676, 38.66622]}, "properties": {"name": "Νερό πόσιμο", "name:el": "Νερό πόσιμο", "name:en": "Water", "kind": "fountain", "osm": "n6592966687"}}, {"type": "Feature", "geometry": {"type": "Point", "coordinates": [22.957843, 39.009359]}, "properties": {"kind": "fountain", "osm": "n6594894311"}}, {"type": "Feature", "geometry": {"type": "Point", "coordinates": [22.059279, 41.086284]}, "properties": {"kind": "tap", "osm": "n6595235114"}}, {"type": "Feature", "geometry": {"type": "Point", "coordinates": [22.053559, 41.103989]}, "properties": {"kind": "tap", "osm": "n6595246868"}}, {"type": "Feature", "geometry": {"type": "Point", "coordinates": [20.642596, 38.238426]}, "properties": {"bottle": "yes", "fee": "no", "kind": "fountain", "osm": "n6598933804"}}, {"type": "Feature", "geometry": {"type": "Point", "coordinates": [21.726142, 36.964584]}, "properties": {"kind": "fountain", "osm": "n6602494086"}}, {"type": "Feature", "geometry": {"type": "Point", "coordinates": [20.15439, 39.639192]}, "properties": {"kind": "fountain", "osm": "n6603632126"}}, {"type": "Feature", "geometry": {"type": "Point", "coordinates": [23.816664, 40.453977]}, "properties": {"drinking_water": "yes", "kind": "tap", "osm": "n6603638816"}}, {"type": "Feature", "geometry": {"type": "Point", "coordinates": [20.401363, 39.283758]}, "properties": {"drinking_water": "yes", "bottle": "yes", "access": "yes", "kind": "fountain", "osm": "n6609660485"}}, {"type": "Feature", "geometry": {"type": "Point", "coordinates": [27.92154, 36.024968]}, "properties": {"kind": "spring", "osm": "n6611656065"}}, {"type": "Feature", "geometry": {"type": "Point", "coordinates": [23.733725, 37.975736]}, "properties": {"bottle": "yes", "fee": "no", "access": "yes", "wheelchair": "yes", "kind": "tap", "osm": "n6612912688"}}, {"type": "Feature", "geometry": {"type": "Point", "coordinates": [24.245296, 40.257402]}, "properties": {"kind": "fountain", "osm": "n6615581876"}}, {"type": "Feature", "geometry": {"type": "Point", "coordinates": [24.25883, 40.253402]}, "properties": {"kind": "fountain", "osm": "n6615738117"}}, {"type": "Feature", "geometry": {"type": "Point", "coordinates": [24.288911, 40.24469]}, "properties": {"kind": "fountain", "osm": "n6616761045"}}, {"type": "Feature", "geometry": {"type": "Point", "coordinates": [24.248751, 40.185362]}, "properties": {"kind": "fountain", "osm": "n6616892187"}}, {"type": "Feature", "geometry": {"type": "Point", "coordinates": [23.482453, 37.764128]}, "properties": {"kind": "fountain", "osm": "n6617736612"}}, {"type": "Feature", "geometry": {"type": "Point", "coordinates": [20.743586, 38.324847]}, "properties": {"name": "Αρέθουσα Κρήνη", "name:el": "Αρέθουσα Κρήνη", "name:en": "Arethusa Spring", "drinking_water": "yes", "kind": "spring", "osm": "n6622286385"}}, {"type": "Feature", "geometry": {"type": "Point", "coordinates": [21.340945, 39.623547]}, "properties": {"kind": "fountain", "osm": "n6622652685"}}, {"type": "Feature", "geometry": {"type": "Point", "coordinates": [21.352805, 39.616574]}, "properties": {"kind": "fountain", "osm": "n6622945392"}}, {"type": "Feature", "geometry": {"type": "Point", "coordinates": [21.346431, 39.61503]}, "properties": {"kind": "fountain", "osm": "n6623049085"}}, {"type": "Feature", "geometry": {"type": "Point", "coordinates": [21.348532, 39.617833]}, "properties": {"kind": "fountain", "osm": "n6623049285"}}, {"type": "Feature", "geometry": {"type": "Point", "coordinates": [22.585285, 39.879278]}, "properties": {"drinking_water": "yes", "kind": "spring", "osm": "n6624807303"}}, {"type": "Feature", "geometry": {"type": "Point", "coordinates": [24.245912, 40.257693]}, "properties": {"kind": "fountain", "osm": "n6627133841"}}, {"type": "Feature", "geometry": {"type": "Point", "coordinates": [23.929127, 35.306531]}, "properties": {"bottle": "yes", "fee": "no", "kind": "fountain", "osm": "n6633293296"}}, {"type": "Feature", "geometry": {"type": "Point", "coordinates": [20.995937, 40.327634]}, "properties": {"kind": "fountain", "osm": "n6634648924"}}, {"type": "Feature", "geometry": {"type": "Point", "coordinates": [22.245746, 38.865671]}, "properties": {"kind": "tap", "osm": "n6643349292"}}, {"type": "Feature", "geometry": {"type": "Point", "coordinates": [22.553504, 36.729355]}, "properties": {"kind": "fountain", "osm": "n6646935620"}}, {"type": "Feature", "geometry": {"type": "Point", "coordinates": [22.553706, 36.730194]}, "properties": {"kind": "fountain", "osm": "n6646935622"}}, {"type": "Feature", "geometry": {"type": "Point", "coordinates": [22.554167, 36.729398]}, "properties": {"kind": "fountain", "osm": "n6646935623"}}, {"type": "Feature", "geometry": {"type": "Point", "coordinates": [23.764741, 38.02859]}, "properties": {"kind": "fountain", "osm": "n6648193236"}}, {"type": "Feature", "geometry": {"type": "Point", "coordinates": [24.452982, 41.255057]}, "properties": {"kind": "fountain", "osm": "n6656936726"}}, {"type": "Feature", "geometry": {"type": "Point", "coordinates": [21.545455, 39.490202]}, "properties": {"kind": "fountain", "osm": "n6658118221"}}, {"type": "Feature", "geometry": {"type": "Point", "coordinates": [21.538815, 39.499104]}, "properties": {"kind": "fountain", "osm": "n6658272416"}}, {"type": "Feature", "geometry": {"type": "Point", "coordinates": [21.60904, 39.460126]}, "properties": {"kind": "fountain", "osm": "n6658272417"}}, {"type": "Feature", "geometry": {"type": "Point", "coordinates": [20.463653, 38.275388]}, "properties": {"name": "Platanos", "bottle": "yes", "check_date": "2024-08-28", "kind": "fountain", "osm": "n6660165177"}}, {"type": "Feature", "geometry": {"type": "Point", "coordinates": [20.742718, 38.074187]}, "properties": {"bottle": "yes", "kind": "fountain", "osm": "n6669936178"}}, {"type": "Feature", "geometry": {"type": "Point", "coordinates": [22.083768, 41.074585]}, "properties": {"kind": "tap", "osm": "n6676541049"}}, {"type": "Feature", "geometry": {"type": "Point", "coordinates": [22.059455, 41.085752]}, "properties": {"kind": "tap", "osm": "n6676610421"}}, {"type": "Feature", "geometry": {"type": "Point", "coordinates": [22.053267, 41.104922]}, "properties": {"kind": "tap", "osm": "n6676689906"}}, {"type": "Feature", "geometry": {"type": "Point", "coordinates": [22.104897, 41.089115]}, "properties": {"kind": "spring", "osm": "n6676988088"}}, {"type": "Feature", "geometry": {"type": "Point", "coordinates": [22.119693, 41.057616]}, "properties": {"kind": "spring", "osm": "n6677039993"}}, {"type": "Feature", "geometry": {"type": "Point", "coordinates": [22.150382, 41.073081]}, "properties": {"kind": "spring", "osm": "n6677060405"}}, {"type": "Feature", "geometry": {"type": "Point", "coordinates": [23.486598, 39.163976]}, "properties": {"name": "Καλό Πηγάδι", "kind": "fountain", "osm": "n6679458315"}}, {"type": "Feature", "geometry": {"type": "Point", "coordinates": [20.907791, 40.068104]}, "properties": {"kind": "fountain", "osm": "n6681812894"}}, {"type": "Feature", "geometry": {"type": "Point", "coordinates": [21.287431, 40.145174]}, "properties": {"kind": "fountain", "osm": "n6685004389"}}, {"type": "Feature", "geometry": {"type": "Point", "coordinates": [21.018666, 40.104971]}, "properties": {"kind": "fountain", "osm": "n6685009585"}}, {"type": "Feature", "geometry": {"type": "Point", "coordinates": [23.011292, 41.281645]}, "properties": {"kind": "fountain", "osm": "n6695548297"}}, {"type": "Feature", "geometry": {"type": "Point", "coordinates": [22.985559, 41.294778]}, "properties": {"kind": "fountain", "osm": "n6695548299"}}, {"type": "Feature", "geometry": {"type": "Point", "coordinates": [21.92274, 36.848705]}, "properties": {"bottle": "yes", "kind": "fountain", "osm": "n6695789697"}}, {"type": "Feature", "geometry": {"type": "Point", "coordinates": [23.01067, 41.281632]}, "properties": {"kind": "fountain", "osm": "n6696356881"}}, {"type": "Feature", "geometry": {"type": "Point", "coordinates": [23.861295, 39.162558]}, "properties": {"kind": "fountain", "osm": "n6699338407"}}, {"type": "Feature", "geometry": {"type": "Point", "coordinates": [22.366215, 37.032024]}, "properties": {"kind": "spring", "osm": "n6702732286"}}, {"type": "Feature", "geometry": {"type": "Point", "coordinates": [22.358679, 37.061742]}, "properties": {"kind": "spring", "osm": "n6703593187"}}, {"type": "Feature", "geometry": {"type": "Point", "coordinates": [22.149778, 41.11435]}, "properties": {"kind": "spring", "osm": "n6708449372"}}, {"type": "Feature", "geometry": {"type": "Point", "coordinates": [22.184256, 41.10719]}, "properties": {"kind": "spring", "osm": "n6708500508"}}, {"type": "Feature", "geometry": {"type": "Point", "coordinates": [22.212078, 41.165468]}, "properties": {"kind": "spring", "osm": "n6708513297"}}, {"type": "Feature", "geometry": {"type": "Point", "coordinates": [22.19714, 41.12118]}, "properties": {"name": "Βρύση Κόνιαρη", "kind": "spring", "osm": "n6708534389"}}, {"type": "Feature", "geometry": {"type": "Point", "coordinates": [22.211496, 41.150081]}, "properties": {"kind": "spring", "osm": "n6708554715"}}, {"type": "Feature", "geometry": {"type": "Point", "coordinates": [22.2308, 41.125593]}, "properties": {"kind": "spring", "osm": "n6708565126"}}, {"type": "Feature", "geometry": {"type": "Point", "coordinates": [22.223996, 41.15807]}, "properties": {"kind": "spring", "osm": "n6708585901"}}, {"type": "Feature", "geometry": {"type": "Point", "coordinates": [22.23434, 41.161467]}, "properties": {"kind": "spring", "osm": "n6708587955"}}, {"type": "Feature", "geometry": {"type": "Point", "coordinates": [22.233585, 41.104318]}, "properties": {"kind": "spring", "osm": "n6708600400"}}, {"type": "Feature", "geometry": {"type": "Point", "coordinates": [20.382167, 39.969411]}, "properties": {"kind": "fountain", "osm": "n6711615676"}}, {"type": "Feature", "geometry": {"type": "Point", "coordinates": [22.249149, 41.122818]}, "properties": {"kind": "spring", "osm": "n6714875952"}}, {"type": "Feature", "geometry": {"type": "Point", "coordinates": [22.256577, 41.110484]}, "properties": {"kind": "spring", "osm": "n6714875953"}}, {"type": "Feature", "geometry": {"type": "Point", "coordinates": [22.279722, 41.097091]}, "properties": {"kind": "tap", "osm": "n6714907338"}}, {"type": "Feature", "geometry": {"type": "Point", "coordinates": [22.26396, 41.122607]}, "properties": {"kind": "spring", "osm": "n6714919369"}}, {"type": "Feature", "geometry": {"type": "Point", "coordinates": [22.271241, 41.086072]}, "properties": {"kind": "spring", "osm": "n6714955042"}}, {"type": "Feature", "geometry": {"type": "Point", "coordinates": [22.256791, 41.163141]}, "properties": {"kind": "spring", "osm": "n6714964515"}}, {"type": "Feature", "geometry": {"type": "Point", "coordinates": [21.843168, 40.942818]}, "properties": {"kind": "spring", "osm": "n6715414617"}}, {"type": "Feature", "geometry": {"type": "Point", "coordinates": [21.956616, 41.02363]}, "properties": {"name": "Βρύση της Βουλγάρας", "kind": "tap", "osm": "n6715431361"}}, {"type": "Feature", "geometry": {"type": "Point", "coordinates": [21.826089, 40.964957]}, "properties": {"kind": "spring", "osm": "n6715439791"}}, {"type": "Feature", "geometry": {"type": "Point", "coordinates": [22.017524, 41.025491]}, "properties": {"kind": "tap", "osm": "n6715444776"}}, {"type": "Feature", "geometry": {"type": "Point", "coordinates": [21.939302, 41.038958]}, "properties": {"kind": "spring", "osm": "n6715445617"}}, {"type": "Feature", "geometry": {"type": "Point", "coordinates": [21.890018, 41.020537]}, "properties": {"kind": "spring", "osm": "n6715445708"}}, {"type": "Feature", "geometry": {"type": "Point", "coordinates": [21.941724, 41.028399]}, "properties": {"kind": "spring", "osm": "n6715447299"}}, {"type": "Feature", "geometry": {"type": "Point", "coordinates": [21.921209, 40.987938]}, "properties": {"kind": "spring", "osm": "n6715449718"}}, {"type": "Feature", "geometry": {"type": "Point", "coordinates": [21.916398, 40.961039]}, "properties": {"kind": "spring", "osm": "n6715449719"}}, {"type": "Feature", "geometry": {"type": "Point", "coordinates": [22.003115, 41.087378]}, "properties": {"name": "Βρύση Βρασιά", "kind": "tap", "osm": "n6715451183"}}, {"type": "Feature", "geometry": {"type": "Point", "coordinates": [21.902991, 41.036248]}, "properties": {"kind": "spring", "osm": "n6715451941"}}, {"type": "Feature", "geometry": {"type": "Point", "coordinates": [21.852735, 40.952662]}, "properties": {"kind": "spring", "osm": "n6715453534"}}, {"type": "Feature", "geometry": {"type": "Point", "coordinates": [21.846567, 40.994375]}, "properties": {"name": "Σολούνα", "kind": "spring", "osm": "n6715456287"}}, {"type": "Feature", "geometry": {"type": "Point", "coordinates": [22.289311, 40.898682]}, "properties": {"kind": "spring", "osm": "n6715554560"}}, {"type": "Feature", "geometry": {"type": "Point", "coordinates": [22.240394, 40.894083]}, "properties": {"kind": "spring", "osm": "n6715602484"}}, {"type": "Feature", "geometry": {"type": "Point", "coordinates": [21.984368, 37.609386]}, "properties": {"name": "Κεφαλάρι", "kind": "spring", "osm": "n6717677668"}}, {"type": "Feature", "geometry": {"type": "Point", "coordinates": [22.740805, 39.193657]}, "properties": {"drinking_water": "yes", "bottle": "yes", "kind": "tap", "osm": "n6719108709"}}, {"type": "Feature", "geometry": {"type": "Point", "coordinates": [22.353097, 40.923811]}, "properties": {"kind": "spring", "osm": "n6719985534"}}, {"type": "Feature", "geometry": {"type": "Point", "coordinates": [22.232573, 40.935957]}, "properties": {"kind": "spring", "osm": "n6719996909"}}, {"type": "Feature", "geometry": {"type": "Point", "coordinates": [22.400483, 40.945437]}, "properties": {"kind": "tap", "osm": "n6720002704"}}, {"type": "Feature", "geometry": {"type": "Point", "coordinates": [22.237478, 40.943704]}, "properties": {"kind": "spring", "osm": "n6720007000"}}, {"type": "Feature", "geometry": {"type": "Point", "coordinates": [22.354398, 40.934112]}, "properties": {"kind": "spring", "osm": "n6720013553"}}, {"type": "Feature", "geometry": {"type": "Point", "coordinates": [22.390886, 40.935788]}, "properties": {"kind": "tap", "osm": "n6720013554"}}, {"type": "Feature", "geometry": {"type": "Point", "coordinates": [22.335723, 40.948109]}, "properties": {"kind": "tap", "osm": "n6720013863"}}, {"type": "Feature", "geometry": {"type": "Point", "coordinates": [22.138036, 41.098064]}, "properties": {"kind": "spring", "osm": "n6720605861"}}, {"type": "Feature", "geometry": {"type": "Point", "coordinates": [22.230249, 40.975851]}, "properties": {"kind": "spring", "osm": "n6720867046"}}, {"type": "Feature", "geometry": {"type": "Point", "coordinates": [22.366177, 40.994273]}, "properties": {"kind": "spring", "osm": "n6720869752"}}, {"type": "Feature", "geometry": {"type": "Point", "coordinates": [22.225622, 40.957437]}, "properties": {"kind": "spring", "osm": "n6720910533"}}, {"type": "Feature", "geometry": {"type": "Point", "coordinates": [22.202727, 40.973475]}, "properties": {"kind": "spring", "osm": "n6720914923"}}, {"type": "Feature", "geometry": {"type": "Point", "coordinates": [22.259586, 41.000762]}, "properties": {"kind": "spring", "osm": "n6720916321"}}, {"type": "Feature", "geometry": {"type": "Point", "coordinates": [22.261872, 40.981691]}, "properties": {"kind": "tap", "osm": "n6720918399"}}, {"type": "Feature", "geometry": {"type": "Point", "coordinates": [22.316448, 40.99047]}, "properties": {"kind": "spring", "osm": "n6720919411"}}, {"type": "Feature", "geometry": {"type": "Point", "coordinates": [22.208223, 40.987105]}, "properties": {"kind": "spring", "osm": "n6720924191"}}, {"type": "Feature", "geometry": {"type": "Point", "coordinates": [22.390566, 40.966211]}, "properties": {"kind": "tap", "osm": "n6720925521"}}, {"type": "Feature", "geometry": {"type": "Point", "coordinates": [21.964538, 37.599411]}, "properties": {"kind": "fountain", "osm": "n6721732263"}}, {"type": "Feature", "geometry": {"type": "Point", "coordinates": [24.803391, 37.841851]}, "properties": {"kind": "spring", "osm": "n6721884576"}}, {"type": "Feature", "geometry": {"type": "Point", "coordinates": [19.926535, 39.603077]}, "properties": {"kind": "fountain", "osm": "n6722808185"}}, {"type": "Feature", "geometry": {"type": "Point", "coordinates": [22.057251, 40.638556]}, "properties": {"kind": "fountain", "osm": "n6726068593"}}, {"type": "Feature", "geometry": {"type": "Point", "coordinates": [22.162376, 40.570717]}, "properties": {"kind": "fountain", "osm": "n6726068594"}}, {"type": "Feature", "geometry": {"type": "Point", "coordinates": [22.182278, 40.558059]}, "properties": {"kind": "fountain", "osm": "n6726068595"}}, {"type": "Feature", "geometry": {"type": "Point", "coordinates": [22.05261, 40.674031]}, "properties": {"kind": "fountain", "osm": "n6726068642"}}, {"type": "Feature", "geometry": {"type": "Point", "coordinates": [23.766638, 38.030037]}, "properties": {"kind": "fountain", "osm": "n6727414822"}}, {"type": "Feature", "geometry": {"type": "Point", "coordinates": [22.324316, 41.021864]}, "properties": {"kind": "spring", "osm": "n6727532577"}}, {"type": "Feature", "geometry": {"type": "Point", "coordinates": [22.298606, 41.011281]}, "properties": {"kind": "spring", "osm": "n6727548424"}}, {"type": "Feature", "geometry": {"type": "Point", "coordinates": [22.341815, 39.801976]}, "properties": {"fee": "no", "access": "yes", "description": "Landmark", "wheelchair": "limited", "kind": "fountain", "osm": "n6727568836"}}, {"type": "Feature", "geometry": {"type": "Point", "coordinates": [22.342632, 39.801464]}, "properties": {"kind": "fountain", "osm": "n6727568849"}}, {"type": "Feature", "geometry": {"type": "Point", "coordinates": [22.285332, 41.029496]}, "properties": {"kind": "spring", "osm": "n6727571978"}}, {"type": "Feature", "geometry": {"type": "Point", "coordinates": [22.21128, 41.070992]}, "properties": {"kind": "spring", "osm": "n6727757778"}}, {"type": "Feature", "geometry": {"type": "Point", "coordinates": [22.356529, 41.072054]}, "properties": {"kind": "tap", "osm": "n6727768514"}}, {"type": "Feature", "geometry": {"type": "Point", "coordinates": [22.280327, 41.097149]}, "properties": {"kind": "tap", "osm": "n6727768875"}}, {"type": "Feature", "geometry": {"type": "Point", "coordinates": [22.301421, 41.075253]}, "properties": {"kind": "spring", "osm": "n6727771965"}}, {"type": "Feature", "geometry": {"type": "Point", "coordinates": [22.39395, 41.067337]}, "properties": {"kind": "tap", "osm": "n6727785166"}}, {"type": "Feature", "geometry": {"type": "Point", "coordinates": [22.335653, 41.070471]}, "properties": {"kind": "spring", "osm": "n6727785720"}}, {"type": "Feature", "geometry": {"type": "Point", "coordinates": [23.764926, 38.028548]}, "properties": {"kind": "fountain", "osm": "n6731313030"}}, {"type": "Feature", "geometry": {"type": "Point", "coordinates": [23.765983, 38.028695]}, "properties": {"kind": "fountain", "osm": "n6731320069"}}, {"type": "Feature", "geometry": {"type": "Point", "coordinates": [23.765211, 38.028227]}, "properties": {"kind": "fountain", "osm": "n6731336744"}}, {"type": "Feature", "geometry": {"type": "Point", "coordinates": [22.482002, 40.115784]}, "properties": {"kind": "tap", "osm": "n6731900374"}}, {"type": "Feature", "geometry": {"type": "Point", "coordinates": [22.476408, 40.045577]}, "properties": {"kind": "spring", "osm": "n6731945565"}}, {"type": "Feature", "geometry": {"type": "Point", "coordinates": [22.297253, 40.298786]}, "properties": {"access": "yes", "kind": "tap", "osm": "n6731950075"}}, {"type": "Feature", "geometry": {"type": "Point", "coordinates": [22.48611, 40.124407]}, "properties": {"kind": "tap", "osm": "n6731950660"}}, {"type": "Feature", "geometry": {"type": "Point", "coordinates": [22.231029, 40.316061]}, "properties": {"name": "Πηγή του Νικόλα", "kind": "spring", "osm": "n6731954429"}}, {"type": "Feature", "geometry": {"type": "Point", "coordinates": [22.49344, 40.096896]}, "properties": {"kind": "tap", "osm": "n6731966917"}}, {"type": "Feature", "geometry": {"type": "Point", "coordinates": [22.484109, 40.118248]}, "properties": {"kind": "tap", "osm": "n6731967860"}}, {"type": "Feature", "geometry": {"type": "Point", "coordinates": [21.888575, 37.631696]}, "properties": {"kind": "fountain", "osm": "n6732805058"}}, {"type": "Feature", "geometry": {"type": "Point", "coordinates": [21.829178, 37.650014]}, "properties": {"kind": "spring", "osm": "n6732840336"}}, {"type": "Feature", "geometry": {"type": "Point", "coordinates": [22.242966, 40.261483]}, "properties": {"name": "Κωτύλης", "kind": "spring", "osm": "n6733394271"}}, {"type": "Feature", "geometry": {"type": "Point", "coordinates": [22.172147, 40.295522]}, "properties": {"name": "Ρήγα", "kind": "spring", "osm": "n6733397058"}}, {"type": "Feature", "geometry": {"type": "Point", "coordinates": [22.17178, 40.2666]}, "properties": {"kind": "spring", "osm": "n6733397060"}}, {"type": "Feature", "geometry": {"type": "Point", "coordinates": [22.201981, 40.236468]}, "properties": {"name": "Αβδέλλα", "name:el": "Αβδέλλα", "name:en": "Abdella", "drinking_water": "yes", "kind": "tap", "osm": "n6733397061"}}, {"type": "Feature", "geometry": {"type": "Point", "coordinates": [22.144348, 40.278653]}, "properties": {"kind": "spring", "osm": "n6733397533"}}, {"type": "Feature", "geometry": {"type": "Point", "coordinates": [22.168468, 40.270672]}, "properties": {"name": "Τρία Πηγάδια", "kind": "spring", "osm": "n6733398179"}}, {"type": "Feature", "geometry": {"type": "Point", "coordinates": [22.271522, 40.284895]}, "properties": {"kind": "tap", "osm": "n6733404330"}}, {"type": "Feature", "geometry": {"type": "Point", "coordinates": [22.241821, 40.255271]}, "properties": {"name": "Μόναχο Νερό", "kind": "fountain", "osm": "n6733408298"}}, {"type": "Feature", "geometry": {"type": "Point", "coordinates": [23.157933, 41.300615]}, "properties": {"name": "Πηγή", "drinking_water": "yes", "kind": "spring", "osm": "n6738913387"}}, {"type": "Feature", "geometry": {"type": "Point", "coordinates": [23.156372, 41.301705]}, "properties": {"name": "Πηγή", "drinking_water": "yes", "kind": "spring", "osm": "n6738913388"}}, {"type": "Feature", "geometry": {"type": "Point", "coordinates": [20.875562, 37.803138]}, "properties": {"kind": "spring", "osm": "n6739300030"}}, {"type": "Feature", "geometry": {"type": "Point", "coordinates": [22.170348, 40.193782]}, "properties": {"kind": "tap", "osm": "n6740233861"}}, {"type": "Feature", "geometry": {"type": "Point", "coordinates": [22.078415, 40.170754]}, "properties": {"kind": "spring", "osm": "n6740266415"}}, {"type": "Feature", "geometry": {"type": "Point", "coordinates": [22.244649, 40.238059]}, "properties": {"kind": "spring", "osm": "n6740270239"}}, {"type": "Feature", "geometry": {"type": "Point", "coordinates": [22.109514, 40.218987]}, "properties": {"name": "Βρύση Μουσών", "kind": "tap", "osm": "n6740270240"}}, {"type": "Feature", "geometry": {"type": "Point", "coordinates": [22.066902, 40.1946]}, "properties": {"kind": "tap", "osm": "n6740277536"}}, {"type": "Feature", "geometry": {"type": "Point", "coordinates": [22.041875, 40.141807]}, "properties": {"kind": "spring", "osm": "n6740278012"}}, {"type": "Feature", "geometry": {"type": "Point", "coordinates": [22.249874, 40.239535]}, "properties": {"name": "Μανδήλα", "kind": "spring", "osm": "n6740285105"}}, {"type": "Feature", "geometry": {"type": "Point", "coordinates": [22.087561, 40.193227]}, "properties": {"kind": "spring", "osm": "n6740285110"}}, {"type": "Feature", "geometry": {"type": "Point", "coordinates": [22.205219, 40.194883]}, "properties": {"kind": "tap", "osm": "n6742305608"}}, {"type": "Feature", "geometry": {"type": "Point", "coordinates": [22.193079, 40.131047]}, "properties": {"kind": "spring", "osm": "n6742357847"}}, {"type": "Feature", "geometry": {"type": "Point", "coordinates": [22.224346, 40.199481]}, "properties": {"kind": "tap", "osm": "n6742391718"}}, {"type": "Feature", "geometry": {"type": "Point", "coordinates": [22.170358, 40.193815]}, "properties": {"kind": "tap", "osm": "n6742407920"}}, {"type": "Feature", "geometry": {"type": "Point", "coordinates": [22.301542, 40.207845]}, "properties": {"kind": "tap", "osm": "n6742411786"}}, {"type": "Feature", "geometry": {"type": "Point", "coordinates": [22.319189, 40.198927]}, "properties": {"kind": "tap", "osm": "n6742422376"}}, {"type": "Feature", "geometry": {"type": "Point", "coordinates": [23.697063, 38.620565]}, "properties": {"kind": "fountain", "osm": "n6745602468"}}, {"type": "Feature", "geometry": {"type": "Point", "coordinates": [21.529544, 38.644934]}, "properties": {"kind": "spring", "osm": "n6757751367"}}, {"type": "Feature", "geometry": {"type": "Point", "coordinates": [21.530032, 38.643063]}, "properties": {"kind": "spring", "osm": "n6757767567"}}, {"type": "Feature", "geometry": {"type": "Point", "coordinates": [21.531363, 38.636493]}, "properties": {"kind": "spring", "osm": "n6757774923"}}, {"type": "Feature", "geometry": {"type": "Point", "coordinates": [21.560528, 38.634367]}, "properties": {"kind": "spring", "osm": "n6757775407"}}, {"type": "Feature", "geometry": {"type": "Point", "coordinates": [21.527218, 38.667357]}, "properties": {"kind": "tap", "osm": "n6757779184"}}, {"type": "Feature", "geometry": {"type": "Point", "coordinates": [21.556897, 38.643594]}, "properties": {"kind": "tap", "osm": "n6757779525"}}, {"type": "Feature", "geometry": {"type": "Point", "coordinates": [21.564779, 38.630058]}, "properties": {"kind": "tap", "osm": "n6757784433"}}, {"type": "Feature", "geometry": {"type": "Point", "coordinates": [21.535633, 38.626002]}, "properties": {"kind": "spring", "osm": "n6757794578"}}, {"type": "Feature", "geometry": {"type": "Point", "coordinates": [21.5283, 38.641211]}, "properties": {"kind": "spring", "osm": "n6757795835"}}, {"type": "Feature", "geometry": {"type": "Point", "coordinates": [21.528902, 38.648699]}, "properties": {"kind": "tap", "osm": "n6757804268"}}, {"type": "Feature", "geometry": {"type": "Point", "coordinates": [21.570344, 38.630961]}, "properties": {"kind": "spring", "osm": "n6757817908"}}, {"type": "Feature", "geometry": {"type": "Point", "coordinates": [21.535957, 38.672364]}, "properties": {"kind": "tap", "osm": "n6757825095"}}, {"type": "Feature", "geometry": {"type": "Point", "coordinates": [21.532228, 38.650362]}, "properties": {"kind": "spring", "osm": "n6757831758"}}, {"type": "Feature", "geometry": {"type": "Point", "coordinates": [21.561465, 38.672088]}, "properties": {"kind": "spring", "osm": "n6757832231"}}, {"type": "Feature", "geometry": {"type": "Point", "coordinates": [21.530345, 38.68196]}, "properties": {"kind": "spring", "osm": "n6757832331"}}, {"type": "Feature", "geometry": {"type": "Point", "coordinates": [21.534091, 38.654179]}, "properties": {"kind": "spring", "osm": "n6757842690"}}, {"type": "Feature", "geometry": {"type": "Point", "coordinates": [21.540958, 38.659834]}, "properties": {"kind": "spring", "osm": "n6757852199"}}, {"type": "Feature", "geometry": {"type": "Point", "coordinates": [21.55211, 38.657686]}, "properties": {"kind": "tap", "osm": "n6757871210"}}, {"type": "Feature", "geometry": {"type": "Point", "coordinates": [21.593799, 38.618422]}, "properties": {"kind": "tap", "osm": "n6757874305"}}, {"type": "Feature", "geometry": {"type": "Point", "coordinates": [21.609577, 38.625323]}, "properties": {"kind": "spring", "osm": "n6759380934"}}, {"type": "Feature", "geometry": {"type": "Point", "coordinates": [21.666007, 38.635404]}, "properties": {"kind": "spring", "osm": "n6759394580"}}, {"type": "Feature", "geometry": {"type": "Point", "coordinates": [21.667046, 38.630792]}, "properties": {"kind": "spring", "osm": "n6759398576"}}, {"type": "Feature", "geometry": {"type": "Point", "coordinates": [21.662046, 38.640259]}, "properties": {"kind": "spring", "osm": "n6759399303"}}, {"type": "Feature", "geometry": {"type": "Point", "coordinates": [21.607844, 38.651206]}, "properties": {"kind": "tap", "osm": "n6759432062"}}, {"type": "Feature", "geometry": {"type": "Point", "coordinates": [21.67106, 38.614015]}, "properties": {"kind": "spring", "osm": "n6760631387"}}, {"type": "Feature", "geometry": {"type": "Point", "coordinates": [21.697079, 38.637159]}, "properties": {"kind": "spring", "osm": "n6760638105"}}, {"type": "Feature", "geometry": {"type": "Point", "coordinates": [21.68699, 38.633806]}, "properties": {"kind": "spring", "osm": "n6760639551"}}, {"type": "Feature", "geometry": {"type": "Point", "coordinates": [21.730262, 38.66073]}, "properties": {"kind": "fountain", "osm": "n6760642663"}}, {"type": "Feature", "geometry": {"type": "Point", "coordinates": [21.736598, 38.644815]}, "properties": {"kind": "spring", "osm": "n6760645636"}}, {"type": "Feature", "geometry": {"type": "Point", "coordinates": [21.714347, 38.66594]}, "properties": {"kind": "tap", "osm": "n6760651130"}}, {"type": "Feature", "geometry": {"type": "Point", "coordinates": [21.692221, 38.6696]}, "properties": {"kind": "spring", "osm": "n6760662500"}}, {"type": "Feature", "geometry": {"type": "Point", "coordinates": [23.758845, 38.034853]}, "properties": {"kind": "fountain", "osm": "n6760772689"}}, {"type": "Feature", "geometry": {"type": "Point", "coordinates": [22.878746, 37.079807]}, "properties": {"fee": "no", "access": "yes", "kind": "fountain", "osm": "n6761704977"}}, {"type": "Feature", "geometry": {"type": "Point", "coordinates": [22.601601, 40.004053]}, "properties": {"kind": "fountain", "osm": "n6767195988"}}, {"type": "Feature", "geometry": {"type": "Point", "coordinates": [22.611799, 39.998699]}, "properties": {"kind": "fountain", "osm": "n6767271805"}}, {"type": "Feature", "geometry": {"type": "Point", "coordinates": [22.622598, 39.99328]}, "properties": {"kind": "fountain", "osm": "n6767278039"}}, {"type": "Feature", "geometry": {"type": "Point", "coordinates": [22.604674, 40.003971]}, "properties": {"name": "Moskov", "kind": "fountain", "osm": "n6767291438"}}, {"type": "Feature", "geometry": {"type": "Point", "coordinates": [21.777717, 38.626122]}, "properties": {"kind": "tap", "osm": "n6768451025"}}, {"type": "Feature", "geometry": {"type": "Point", "coordinates": [21.793426, 38.632763]}, "properties": {"kind": "tap", "osm": "n6768461566"}}, {"type": "Feature", "geometry": {"type": "Point", "coordinates": [21.780306, 38.626219]}, "properties": {"kind": "spring", "osm": "n6768462878"}}, {"type": "Feature", "geometry": {"type": "Point", "coordinates": [21.805459, 38.61706]}, "properties": {"kind": "spring", "osm": "n6768464252"}}, {"type": "Feature", "geometry": {"type": "Point", "coordinates": [21.791705, 38.634679]}, "properties": {"kind": "tap", "osm": "n6768483877"}}, {"type": "Feature", "geometry": {"type": "Point", "coordinates": [21.793216, 38.629733]}, "properties": {"kind": "tap", "osm": "n6768487785"}}, {"type": "Feature", "geometry": {"type": "Point", "coordinates": [21.77992, 38.626588]}, "properties": {"kind": "spring", "osm": "n6768492113"}}, {"type": "Feature", "geometry": {"type": "Point", "coordinates": [21.7489, 38.641988]}, "properties": {"kind": "spring", "osm": "n6768550500"}}, {"type": "Feature", "geometry": {"type": "Point", "coordinates": [21.913238, 38.723686]}, "properties": {"kind": "tap", "osm": "n6768675115"}}, {"type": "Feature", "geometry": {"type": "Point", "coordinates": [21.89695, 38.746817]}, "properties": {"name": "Βρύση Άη Λια", "kind": "tap", "osm": "n6768773618"}}, {"type": "Feature", "geometry": {"type": "Point", "coordinates": [21.92038, 38.646774]}, "properties": {"kind": "tap", "osm": "n6768786671"}}, {"type": "Feature", "geometry": {"type": "Point", "coordinates": [21.86602, 38.686794]}, "properties": {"kind": "tap", "osm": "n6770990265"}}, {"type": "Feature", "geometry": {"type": "Point", "coordinates": [22.233438, 40.315667]}, "properties": {"kind": "spring", "osm": "n6776668386"}}, {"type": "Feature", "geometry": {"type": "Point", "coordinates": [21.975737, 38.681846]}, "properties": {"kind": "tap", "osm": "n6776696693"}}, {"type": "Feature", "geometry": {"type": "Point", "coordinates": [22.005027, 38.665262]}, "properties": {"kind": "tap", "osm": "n6776738286"}}, {"type": "Feature", "geometry": {"type": "Point", "coordinates": [21.43848, 37.672724]}, "properties": {"kind": "fountain", "osm": "n6783614839"}}, {"type": "Feature", "geometry": {"type": "Point", "coordinates": [23.481978, 39.186454]}, "properties": {"kind": "fountain", "osm": "n6786605026"}}, {"type": "Feature", "geometry": {"type": "Point", "coordinates": [22.572912, 39.99074]}, "properties": {"kind": "fountain", "osm": "n6787783416"}}, {"type": "Feature", "geometry": {"type": "Point", "coordinates": [22.961839, 40.637957]}, "properties": {"kind": "fountain", "osm": "n6795428455"}}, {"type": "Feature", "geometry": {"type": "Point", "coordinates": [24.771422, 40.68372]}, "properties": {"drinking_water": "yes", "kind": "fountain", "osm": "n6795926773"}}, {"type": "Feature", "geometry": {"type": "Point", "coordinates": [20.818942, 39.903394]}, "properties": {"drinking_water": "yes", "kind": "fountain", "osm": "n6796536278"}}, {"type": "Feature", "geometry": {"type": "Point", "coordinates": [24.008059, 35.514949]}, "properties": {"kind": "fountain", "osm": "n6796544482"}}, {"type": "Feature", "geometry": {"type": "Point", "coordinates": [24.007412, 35.514377]}, "properties": {"kind": "fountain", "osm": "n6796562208"}}, {"type": "Feature", "geometry": {"type": "Point", "coordinates": [24.006349, 35.51353]}, "properties": {"kind": "fountain", "osm": "n6796562209"}}, {"type": "Feature", "geometry": {"type": "Point", "coordinates": [20.820196, 39.904441]}, "properties": {"kind": "fountain", "osm": "n6796564944"}}, {"type": "Feature", "geometry": {"type": "Point", "coordinates": [21.226013, 39.853459]}, "properties": {"kind": "fountain", "osm": "n6796573676"}}, {"type": "Feature", "geometry": {"type": "Point", "coordinates": [21.069827, 39.948245]}, "properties": {"kind": "fountain", "osm": "n6796575897"}}, {"type": "Feature", "geometry": {"type": "Point", "coordinates": [21.050023, 39.936728]}, "properties": {"kind": "fountain", "osm": "n6796579361"}}, {"type": "Feature", "geometry": {"type": "Point", "coordinates": [21.120834, 39.930228]}, "properties": {"kind": "fountain", "osm": "n6796589049"}}, {"type": "Feature", "geometry": {"type": "Point", "coordinates": [22.899497, 40.40502]}, "properties": {"kind": "fountain", "osm": "n6796899668"}}, {"type": "Feature", "geometry": {"type": "Point", "coordinates": [22.924074, 40.423176]}, "properties": {"bottle": "yes", "fee": "no", "access": "yes", "kind": "fountain", "osm": "n6797030473"}}, {"type": "Feature", "geometry": {"type": "Point", "coordinates": [21.968968, 38.728346]}, "properties": {"kind": "tap", "osm": "n6797390550"}}, {"type": "Feature", "geometry": {"type": "Point", "coordinates": [21.966893, 38.783675]}, "properties": {"name": "Βρύση Αρβανίτη", "kind": "tap", "osm": "n6797407340"}}, {"type": "Feature", "geometry": {"type": "Point", "coordinates": [21.983018, 38.7733]}, "properties": {"kind": "tap", "osm": "n6797415737"}}, {"type": "Feature", "geometry": {"type": "Point", "coordinates": [20.605941, 39.330291]}, "properties": {"kind": "fountain", "osm": "n6800440267"}}, {"type": "Feature", "geometry": {"type": "Point", "coordinates": [20.706885, 39.257028]}, "properties": {"kind": "fountain", "osm": "n6800552177"}}, {"type": "Feature", "geometry": {"type": "Point", "coordinates": [20.824456, 39.889162]}, "properties": {"name": "Βρύση Ανθά", "kind": "fountain", "osm": "n6801392486"}}, {"type": "Feature", "geometry": {"type": "Point", "coordinates": [21.129538, 39.821424]}, "properties": {"kind": "fountain", "osm": "n6804269138"}}, {"type": "Feature", "geometry": {"type": "Point", "coordinates": [22.926803, 40.428362]}, "properties": {"kind": "tap", "osm": "n6805398536"}}, {"type": "Feature", "geometry": {"type": "Point", "coordinates": [22.926676, 40.42862]}, "properties": {"kind": "fountain", "osm": "n6805847091"}}, {"type": "Feature", "geometry": {"type": "Point", "coordinates": [21.324629, 39.808432]}, "properties": {"kind": "fountain", "osm": "n6807633946"}}, {"type": "Feature", "geometry": {"type": "Point", "coordinates": [21.314207, 39.833981]}, "properties": {"kind": "fountain", "osm": "n6807654897"}}, {"type": "Feature", "geometry": {"type": "Point", "coordinates": [21.280212, 39.89783]}, "properties": {"kind": "fountain", "osm": "n6807661699"}}, {"type": "Feature", "geometry": {"type": "Point", "coordinates": [21.955341, 38.845184]}, "properties": {"kind": "tap", "osm": "n6811548458"}}, {"type": "Feature", "geometry": {"type": "Point", "coordinates": [24.407964, 40.936243]}, "properties": {"kind": "tap", "osm": "n6813490109"}}, {"type": "Feature", "geometry": {"type": "Point", "coordinates": [27.113939, 35.583944]}, "properties": {"description": "Water. Small fountain.", "kind": "spring", "osm": "n6813728725"}}, {"type": "Feature", "geometry": {"type": "Point", "coordinates": [23.159053, 37.64124]}, "properties": {"name": "Water", "kind": "tap", "osm": "n6815109341"}}, {"type": "Feature", "geometry": {"type": "Point", "coordinates": [24.409575, 40.935712]}, "properties": {"kind": "fountain", "osm": "n6815158489"}}, {"type": "Feature", "geometry": {"type": "Point", "coordinates": [20.976159, 39.600543]}, "properties": {"kind": "fountain", "osm": "n6816040765"}}, {"type": "Feature", "geometry": {"type": "Point", "coordinates": [20.957596, 39.59727]}, "properties": {"kind": "fountain", "osm": "n6816083377"}}, {"type": "Feature", "geometry": {"type": "Point", "coordinates": [22.460193, 37.494378]}, "properties": {"name": "Water", "kind": "tap", "osm": "n6817094012"}}, {"type": "Feature", "geometry": {"type": "Point", "coordinates": [21.869508, 37.998744]}, "properties": {"operator": "Νερό πόσιμο", "kind": "fountain", "osm": "n6817492061"}}, {"type": "Feature", "geometry": {"type": "Point", "coordinates": [21.873149, 38.000621]}, "properties": {"operator": "Νερό πόσιμο", "kind": "fountain", "osm": "n6817492062"}}, {"type": "Feature", "geometry": {"type": "Point", "coordinates": [21.863353, 37.996408]}, "properties": {"operator": "Νερό πόσιμο", "kind": "fountain", "osm": "n6817492071"}}, {"type": "Feature", "geometry": {"type": "Point", "coordinates": [21.871609, 38.005343]}, "properties": {"operator": "Νερό πόσιμο", "kind": "fountain", "osm": "n6817515691"}}, {"type": "Feature", "geometry": {"type": "Point", "coordinates": [21.841441, 39.365152]}, "properties": {"kind": "tap", "osm": "n6822092437"}}, {"type": "Feature", "geometry": {"type": "Point", "coordinates": [22.319356, 38.683416]}, "properties": {"kind": "tap", "osm": "n6822097196"}}, {"type": "Feature", "geometry": {"type": "Point", "coordinates": [20.685108, 38.348322]}, "properties": {"kind": "tap", "osm": "n6822104987"}}, {"type": "Feature", "geometry": {"type": "Point", "coordinates": [21.771303, 38.299244]}, "properties": {"kind": "fountain", "osm": "n6822105187"}}, {"type": "Feature", "geometry": {"type": "Point", "coordinates": [24.76654, 40.733842]}, "properties": {"kind": "fountain", "osm": "n6823877792"}}, {"type": "Feature", "geometry": {"type": "Point", "coordinates": [26.2145, 39.325951]}, "properties": {"kind": "spring", "osm": "n6823920963"}}, {"type": "Feature", "geometry": {"type": "Point", "coordinates": [24.698168, 40.662179]}, "properties": {"kind": "fountain", "osm": "n6823999724"}}, {"type": "Feature", "geometry": {"type": "Point", "coordinates": [24.687421, 40.65663]}, "properties": {"check_date": "2023-07-22", "kind": "fountain", "osm": "n6823999725"}}, {"type": "Feature", "geometry": {"type": "Point", "coordinates": [24.681941, 40.654673]}, "properties": {"kind": "fountain", "osm": "n6823999726"}}, {"type": "Feature", "geometry": {"type": "Point", "coordinates": [20.806175, 39.116442]}, "properties": {"kind": "fountain", "osm": "n6828456436"}}, {"type": "Feature", "geometry": {"type": "Point", "coordinates": [21.422025, 39.433411]}, "properties": {"kind": "fountain", "osm": "n6828526824"}}, {"type": "Feature", "geometry": {"type": "Point", "coordinates": [25.234808, 40.938049]}, "properties": {"name": "Water tap", "kind": "tap", "osm": "n6831011078"}}, {"type": "Feature", "geometry": {"type": "Point", "coordinates": [20.803341, 39.516854]}, "properties": {"kind": "fountain", "osm": "n6831613627"}}, {"type": "Feature", "geometry": {"type": "Point", "coordinates": [20.803466, 39.516686]}, "properties": {"kind": "fountain", "osm": "n6831613628"}}, {"type": "Feature", "geometry": {"type": "Point", "coordinates": [20.797303, 39.521447]}, "properties": {"kind": "fountain", "osm": "n6831625673"}}, {"type": "Feature", "geometry": {"type": "Point", "coordinates": [22.711365, 38.510522]}, "properties": {"kind": "tap", "osm": "n6833011536"}}, {"type": "Feature", "geometry": {"type": "Point", "coordinates": [23.516823, 38.701432]}, "properties": {"kind": "fountain", "osm": "n6833053708"}}, {"type": "Feature", "geometry": {"type": "Point", "coordinates": [21.336342, 40.005756]}, "properties": {"kind": "fountain", "osm": "n6833269879"}}, {"type": "Feature", "geometry": {"type": "Point", "coordinates": [21.309794, 39.997704]}, "properties": {"kind": "fountain", "osm": "n6833302574"}}, {"type": "Feature", "geometry": {"type": "Point", "coordinates": [21.318577, 39.987228]}, "properties": {"kind": "fountain", "osm": "n6833322932"}}, {"type": "Feature", "geometry": {"type": "Point", "coordinates": [21.319181, 39.987248]}, "properties": {"kind": "fountain", "osm": "n6833344746"}}, {"type": "Feature", "geometry": {"type": "Point", "coordinates": [21.241716, 39.948485]}, "properties": {"kind": "fountain", "osm": "n6833368325"}}, {"type": "Feature", "geometry": {"type": "Point", "coordinates": [21.238411, 39.948625]}, "properties": {"kind": "fountain", "osm": "n6833372711"}}, {"type": "Feature", "geometry": {"type": "Point", "coordinates": [22.407314, 39.640201]}, "properties": {"kind": "fountain", "osm": "n6834536109"}}, {"type": "Feature", "geometry": {"type": "Point", "coordinates": [22.411895, 39.64206]}, "properties": {"kind": "fountain", "osm": "n6834536349"}}, {"type": "Feature", "geometry": {"type": "Point", "coordinates": [20.809776, 39.508915]}, "properties": {"kind": "fountain", "osm": "n6835857947"}}, {"type": "Feature", "geometry": {"type": "Point", "coordinates": [20.819951, 39.486033]}, "properties": {"kind": "fountain", "osm": "n6835865477"}}, {"type": "Feature", "geometry": {"type": "Point", "coordinates": [20.515534, 39.801007]}, "properties": {"kind": "fountain", "osm": "n6841845677"}}, {"type": "Feature", "geometry": {"type": "Point", "coordinates": [20.517325, 39.801406]}, "properties": {"kind": "fountain", "osm": "n6841859524"}}, {"type": "Feature", "geometry": {"type": "Point", "coordinates": [20.59053, 39.61595]}, "properties": {"kind": "fountain", "osm": "n6841902252"}}, {"type": "Feature", "geometry": {"type": "Point", "coordinates": [21.381388, 39.709076]}, "properties": {"kind": "fountain", "osm": "n6841940140"}}, {"type": "Feature", "geometry": {"type": "Point", "coordinates": [21.007487, 39.552257]}, "properties": {"kind": "fountain", "osm": "n6845348640"}}, {"type": "Feature", "geometry": {"type": "Point", "coordinates": [21.010814, 39.548794]}, "properties": {"kind": "fountain", "osm": "n6845410166"}}, {"type": "Feature", "geometry": {"type": "Point", "coordinates": [22.592108, 38.615214]}, "properties": {"kind": "fountain", "osm": "n6846910784"}}, {"type": "Feature", "geometry": {"type": "Point", "coordinates": [21.617676, 39.448114]}, "properties": {"fee": "no", "access": "yes", "wheelchair": "no", "kind": "fountain", "osm": "n6847296861"}}, {"type": "Feature", "geometry": {"type": "Point", "coordinates": [21.037283, 39.556118]}, "properties": {"kind": "fountain", "osm": "n6847741173"}}, {"type": "Feature", "geometry": {"type": "Point", "coordinates": [21.038873, 39.554548]}, "properties": {"kind": "fountain", "osm": "n6847787772"}}, {"type": "Feature", "geometry": {"type": "Point", "coordinates": [21.041673, 39.549911]}, "properties": {"kind": "fountain", "osm": "n6847839145"}}, {"type": "Feature", "geometry": {"type": "Point", "coordinates": [21.046672, 39.548866]}, "properties": {"kind": "fountain", "osm": "n6847887956"}}, {"type": "Feature", "geometry": {"type": "Point", "coordinates": [21.312405, 39.624711]}, "properties": {"kind": "fountain", "osm": "n6848810394"}}, {"type": "Feature", "geometry": {"type": "Point", "coordinates": [21.191669, 39.697406]}, "properties": {"kind": "fountain", "osm": "n6848828235"}}, {"type": "Feature", "geometry": {"type": "Point", "coordinates": [21.200993, 39.758871]}, "properties": {"kind": "fountain", "osm": "n6848828469"}}, {"type": "Feature", "geometry": {"type": "Point", "coordinates": [21.193291, 39.682155]}, "properties": {"kind": "fountain", "osm": "n6848832583"}}, {"type": "Feature", "geometry": {"type": "Point", "coordinates": [21.196862, 39.738834]}, "properties": {"kind": "fountain", "osm": "n6848832889"}}, {"type": "Feature", "geometry": {"type": "Point", "coordinates": [23.711924, 37.978456]}, "properties": {"wheelchair": "yes", "kind": "fountain", "osm": "n6854415996"}}, {"type": "Feature", "geometry": {"type": "Point", "coordinates": [22.150205, 41.122314]}, "properties": {"name": "Κοιλάδα βράχων", "kind": "spring", "osm": "n6855939185"}}, {"type": "Feature", "geometry": {"type": "Point", "coordinates": [22.153069, 41.121926]}, "properties": {"name": "Καλόγερος", "kind": "spring", "osm": "n6855939285"}}, {"type": "Feature", "geometry": {"type": "Point", "coordinates": [21.181842, 39.640333]}, "properties": {"kind": "fountain", "osm": "n6857977146"}}, {"type": "Feature", "geometry": {"type": "Point", "coordinates": [21.14505, 39.560434]}, "properties": {"kind": "fountain", "osm": "n6859027078"}}, {"type": "Feature", "geometry": {"type": "Point", "coordinates": [21.143879, 39.559855]}, "properties": {"kind": "fountain", "osm": "n6859072458"}}, {"type": "Feature", "geometry": {"type": "Point", "coordinates": [20.81111, 39.887875]}, "properties": {"kind": "fountain", "osm": "n6868071786"}}, {"type": "Feature", "geometry": {"type": "Point", "coordinates": [20.61285, 39.247646]}, "properties": {"kind": "fountain", "osm": "n6871885599"}}, {"type": "Feature", "geometry": {"type": "Point", "coordinates": [20.635537, 39.257316]}, "properties": {"kind": "fountain", "osm": "n6871941194"}}, {"type": "Feature", "geometry": {"type": "Point", "coordinates": [21.019793, 39.459852]}, "properties": {"kind": "fountain", "osm": "n6872012376"}}, {"type": "Feature", "geometry": {"type": "Point", "coordinates": [23.765183, 38.026382]}, "properties": {"kind": "fountain", "osm": "n6873351350"}}, {"type": "Feature", "geometry": {"type": "Point", "coordinates": [23.764417, 38.026661]}, "properties": {"kind": "fountain", "osm": "n6873351430"}}, {"type": "Feature", "geometry": {"type": "Point", "coordinates": [23.766335, 38.028532]}, "properties": {"kind": "fountain", "osm": "n6873388907"}}, {"type": "Feature", "geometry": {"type": "Point", "coordinates": [23.765773, 38.027184]}, "properties": {"kind": "fountain", "osm": "n6873392756"}}, {"type": "Feature", "geometry": {"type": "Point", "coordinates": [23.765391, 38.028104]}, "properties": {"kind": "fountain", "osm": "n6873400954"}}, {"type": "Feature", "geometry": {"type": "Point", "coordinates": [22.153497, 41.120237]}, "properties": {"name": "Καλόγερος Πινοβου", "name:el": "Καλόγερος Πινοβου", "name:en": "Water", "kind": "spring", "osm": "n6892601886"}}, {"type": "Feature", "geometry": {"type": "Point", "coordinates": [20.630212, 39.885148]}, "properties": {"kind": "fountain", "osm": "n6896894706"}}, {"type": "Feature", "geometry": {"type": "Point", "coordinates": [20.631052, 39.884758]}, "properties": {"kind": "fountain", "osm": "n6897014764"}}, {"type": "Feature", "geometry": {"type": "Point", "coordinates": [22.939028, 40.652912]}, "properties": {"drinking_water": "yes", "kind": "fountain", "osm": "n6900283493"}}, {"type": "Feature", "geometry": {"type": "Point", "coordinates": [20.873107, 39.675507]}, "properties": {"kind": "fountain", "osm": "n6912260486"}}, {"type": "Feature", "geometry": {"type": "Point", "coordinates": [20.877868, 39.673352]}, "properties": {"kind": "fountain", "osm": "n6912285085"}}, {"type": "Feature", "geometry": {"type": "Point", "coordinates": [24.891493, 35.047691]}, "properties": {"fee": "no", "access": "yes", "wheelchair": "yes", "kind": "fountain", "osm": "n6924620699"}}, {"type": "Feature", "geometry": {"type": "Point", "coordinates": [24.865217, 35.010399]}, "properties": {"fee": "no", "access": "permissive", "wheelchair": "limited", "kind": "fountain", "osm": "n6924642880"}}, {"type": "Feature", "geometry": {"type": "Point", "coordinates": [23.543931, 38.596864]}, "properties": {"kind": "fountain", "osm": "n6925650761"}}, {"type": "Feature", "geometry": {"type": "Point", "coordinates": [20.987517, 40.105367]}, "properties": {"kind": "spring", "osm": "n6927685524"}}, {"type": "Feature", "geometry": {"type": "Point", "coordinates": [22.318331, 36.808963]}, "properties": {"drinking_water": "yes", "kind": "spring", "osm": "n6929970689"}}, {"type": "Feature", "geometry": {"type": "Point", "coordinates": [23.736829, 37.99307]}, "properties": {"kind": "fountain", "osm": "n6949627286"}}, {"type": "Feature", "geometry": {"type": "Point", "coordinates": [24.629614, 35.309796]}, "properties": {"kind": "fountain", "osm": "n6959775770"}}, {"type": "Feature", "geometry": {"type": "Point", "coordinates": [22.879194, 39.614942]}, "properties": {"kind": "fountain", "osm": "n6965844896"}}, {"type": "Feature", "geometry": {"type": "Point", "coordinates": [21.958023, 40.42201]}, "properties": {"kind": "fountain", "osm": "n6977438232"}}, {"type": "Feature", "geometry": {"type": "Point", "coordinates": [21.958312, 40.417864]}, "properties": {"kind": "fountain", "osm": "n6977438233"}}, {"type": "Feature", "geometry": {"type": "Point", "coordinates": [21.945524, 40.431329]}, "properties": {"kind": "fountain", "osm": "n6977438242"}}, {"type": "Feature", "geometry": {"type": "Point", "coordinates": [24.823476, 35.159393]}, "properties": {"description": "Belle source qui coule le 21 septembre 2021.", "kind": "spring", "osm": "n6993805186"}}, {"type": "Feature", "geometry": {"type": "Point", "coordinates": [24.821931, 35.167562]}, "properties": {"description": "3 abreuvoirs. Source qui coule au 20 septembre 2020. Bivouac possible à proximité.", "kind": "spring", "osm": "n6993806685"}}, {"type": "Feature", "geometry": {"type": "Point", "coordinates": [22.433461, 38.90171]}, "properties": {"kind": "fountain", "osm": "n6995744013"}}, {"type": "Feature", "geometry": {"type": "Point", "coordinates": [22.43325, 38.90175]}, "properties": {"kind": "fountain", "osm": "n6995744014"}}, {"type": "Feature", "geometry": {"type": "Point", "coordinates": [22.43328, 38.901561]}, "properties": {"kind": "fountain", "osm": "n6995744015"}}, {"type": "Feature", "geometry": {"type": "Point", "coordinates": [21.60287, 39.460193]}, "properties": {"kind": "fountain", "osm": "n7007471456"}}, {"type": "Feature", "geometry": {"type": "Point", "coordinates": [24.676403, 35.324121]}, "properties": {"kind": "fountain", "osm": "n7007598282"}}, {"type": "Feature", "geometry": {"type": "Point", "coordinates": [22.60556, 40.731949]}, "properties": {"kind": "fountain", "osm": "n7016971700"}}, {"type": "Feature", "geometry": {"type": "Point", "coordinates": [21.893208, 37.229085]}, "properties": {"fee": "no", "access": "yes", "wheelchair": "yes", "kind": "spring", "osm": "n7023768924"}}, {"type": "Feature", "geometry": {"type": "Point", "coordinates": [20.997731, 39.645827]}, "properties": {"kind": "fountain", "osm": "n7040314819"}}, {"type": "Feature", "geometry": {"type": "Point", "coordinates": [20.713238, 40.097805]}, "properties": {"kind": "fountain", "osm": "n7040444977"}}, {"type": "Feature", "geometry": {"type": "Point", "coordinates": [21.118779, 39.439059]}, "properties": {"kind": "fountain", "osm": "n7041072642"}}, {"type": "Feature", "geometry": {"type": "Point", "coordinates": [25.289285, 35.2385]}, "properties": {"kind": "spring", "osm": "n7054427867"}}, {"type": "Feature", "geometry": {"type": "Point", "coordinates": [22.088599, 38.251072]}, "properties": {"kind": "fountain", "osm": "n7056826665"}}, {"type": "Feature", "geometry": {"type": "Point", "coordinates": [24.020891, 37.718509]}, "properties": {"kind": "spring", "osm": "n7057958387"}}, {"type": "Feature", "geometry": {"type": "Point", "coordinates": [20.605834, 39.933446]}, "properties": {"kind": "fountain", "osm": "n7077664759"}}, {"type": "Feature", "geometry": {"type": "Point", "coordinates": [22.325761, 38.127986]}, "properties": {"kind": "spring", "osm": "n7078672222"}}, {"type": "Feature", "geometry": {"type": "Point", "coordinates": [23.716597, 37.949856]}, "properties": {"kind": "fountain", "osm": "n7082337053"}}, {"type": "Feature", "geometry": {"type": "Point", "coordinates": [22.554953, 40.116708]}, "properties": {"name": "Camping Sylvia", "drinking_water": "yes", "fee": "yes", "kind": "point", "osm": "n7082337872"}}, {"type": "Feature", "geometry": {"type": "Point", "coordinates": [22.3629, 37.078043]}, "properties": {"kind": "fountain", "osm": "n7082355715"}}, {"type": "Feature", "geometry": {"type": "Point", "coordinates": [22.766295, 37.894005]}, "properties": {"kind": "spring", "osm": "n7085052743"}}, {"type": "Feature", "geometry": {"type": "Point", "coordinates": [21.215354, 39.373976]}, "properties": {"kind": "fountain", "osm": "n7093229323"}}, {"type": "Feature", "geometry": {"type": "Point", "coordinates": [21.213143, 39.372363]}, "properties": {"kind": "fountain", "osm": "n7093399329"}}, {"type": "Feature", "geometry": {"type": "Point", "coordinates": [21.213258, 39.369879]}, "properties": {"kind": "fountain", "osm": "n7093437111"}}, {"type": "Feature", "geometry": {"type": "Point", "coordinates": [23.752579, 38.7125]}, "properties": {"kind": "fountain", "osm": "n7105786223"}}, {"type": "Feature", "geometry": {"type": "Point", "coordinates": [22.793371, 39.162968]}, "properties": {"kind": "fountain", "osm": "n7128638285"}}, {"type": "Feature", "geometry": {"type": "Point", "coordinates": [24.262827, 40.919969]}, "properties": {"kind": "fountain", "osm": "n7146266485"}}, {"type": "Feature", "geometry": {"type": "Point", "coordinates": [26.135581, 38.393699]}, "properties": {"access": "yes", "kind": "fountain", "osm": "n7152458639"}}, {"type": "Feature", "geometry": {"type": "Point", "coordinates": [21.619548, 37.645793]}, "properties": {"kind": "tap", "osm": "n7159509509"}}, {"type": "Feature", "geometry": {"type": "Point", "coordinates": [22.250763, 40.264562]}, "properties": {"kind": "fountain", "osm": "n7161793562"}}, {"type": "Feature", "geometry": {"type": "Point", "coordinates": [21.878929, 37.351202]}, "properties": {"kind": "spring", "osm": "n7179976355"}}, {"type": "Feature", "geometry": {"type": "Point", "coordinates": [21.843962, 37.398588]}, "properties": {"kind": "spring", "osm": "n7180051964"}}, {"type": "Feature", "geometry": {"type": "Point", "coordinates": [21.841257, 37.39957]}, "properties": {"kind": "spring", "osm": "n7180051965"}}, {"type": "Feature", "geometry": {"type": "Point", "coordinates": [21.915917, 37.204637]}, "properties": {"kind": "spring", "osm": "n7181939598"}}, {"type": "Feature", "geometry": {"type": "Point", "coordinates": [21.912786, 37.192449]}, "properties": {"kind": "spring", "osm": "n7181939599"}}, {"type": "Feature", "geometry": {"type": "Point", "coordinates": [21.886577, 37.05885]}, "properties": {"name": "Πηγές Καπούτση", "kind": "spring", "osm": "n7185014980"}}, {"type": "Feature", "geometry": {"type": "Point", "coordinates": [21.708671, 37.044818]}, "properties": {"name": "Γυφτόβρυση", "kind": "spring", "osm": "n7187677829"}}, {"type": "Feature", "geometry": {"type": "Point", "coordinates": [21.695787, 37.053828]}, "properties": {"kind": "spring", "osm": "n7187843473"}}, {"type": "Feature", "geometry": {"type": "Point", "coordinates": [21.718442, 37.09447]}, "properties": {"kind": "spring", "osm": "n7187880452"}}, {"type": "Feature", "geometry": {"type": "Point", "coordinates": [21.69617, 37.027697]}, "properties": {"kind": "spring", "osm": "n7188022405"}}, {"type": "Feature", "geometry": {"type": "Point", "coordinates": [21.936924, 36.810442]}, "properties": {"kind": "spring", "osm": "n7189038003"}}, {"type": "Feature", "geometry": {"type": "Point", "coordinates": [21.901605, 36.769204]}, "properties": {"kind": "spring", "osm": "n7192008802"}}, {"type": "Feature", "geometry": {"type": "Point", "coordinates": [21.707385, 36.888624]}, "properties": {"kind": "spring", "osm": "n7192094466"}}, {"type": "Feature", "geometry": {"type": "Point", "coordinates": [21.775143, 36.995119]}, "properties": {"kind": "spring", "osm": "n7192276863"}}, {"type": "Feature", "geometry": {"type": "Point", "coordinates": [21.787773, 36.996522]}, "properties": {"name": "Κεφαλόβρυσο", "kind": "spring", "osm": "n7192278192"}}, {"type": "Feature", "geometry": {"type": "Point", "coordinates": [21.898376, 37.228332]}, "properties": {"kind": "spring", "osm": "n7192928128"}}, {"type": "Feature", "geometry": {"type": "Point", "coordinates": [21.870706, 37.212674]}, "properties": {"name": "Πλατανάκια", "kind": "spring", "osm": "n7192939336"}}, {"type": "Feature", "geometry": {"type": "Point", "coordinates": [21.88764, 37.200854]}, "properties": {"name": "Μεγάλη Βρύση", "kind": "spring", "osm": "n7192943493"}}, {"type": "Feature", "geometry": {"type": "Point", "coordinates": [22.121474, 37.249177]}, "properties": {"drinking_water": "yes", "kind": "spring", "osm": "n7192943494"}}, {"type": "Feature", "geometry": {"type": "Point", "coordinates": [21.859587, 37.237506]}, "properties": {"kind": "spring", "osm": "n7192967054"}}, {"type": "Feature", "geometry": {"type": "Point", "coordinates": [21.852865, 37.238866]}, "properties": {"kind": "spring", "osm": "n7193152664"}}, {"type": "Feature", "geometry": {"type": "Point", "coordinates": [21.969332, 37.121972]}, "properties": {"kind": "spring", "osm": "n7193448601"}}, {"type": "Feature", "geometry": {"type": "Point", "coordinates": [21.840894, 37.257189]}, "properties": {"kind": "spring", "osm": "n7193449933"}}, {"type": "Feature", "geometry": {"type": "Point", "coordinates": [21.951402, 37.120413]}, "properties": {"kind": "spring", "osm": "n7193469192"}}, {"type": "Feature", "geometry": {"type": "Point", "coordinates": [21.839567, 37.24939]}, "properties": {"kind": "spring", "osm": "n7193480449"}}, {"type": "Feature", "geometry": {"type": "Point", "coordinates": [21.87912, 37.148224]}, "properties": {"kind": "spring", "osm": "n7193493181"}}, {"type": "Feature", "geometry": {"type": "Point", "coordinates": [22.164357, 37.256609]}, "properties": {"kind": "spring", "osm": "n7193598574"}}, {"type": "Feature", "geometry": {"type": "Point", "coordinates": [22.16549, 37.202542]}, "properties": {"name": "Βρύση Λαζώνα", "drinking_water": "yes", "kind": "spring", "osm": "n7193690616"}}, {"type": "Feature", "geometry": {"type": "Point", "coordinates": [22.162631, 37.194526]}, "properties": {"kind": "spring", "osm": "n7193779649"}}, {"type": "Feature", "geometry": {"type": "Point", "coordinates": [22.164817, 37.188741]}, "properties": {"kind": "spring", "osm": "n7193779651"}}, {"type": "Feature", "geometry": {"type": "Point", "coordinates": [21.881794, 37.132234]}, "properties": {"name": "Βρύση Σάλεσι", "kind": "spring", "osm": "n7194021242"}}, {"type": "Feature", "geometry": {"type": "Point", "coordinates": [22.162366, 37.228718]}, "properties": {"drinking_water": "yes", "kind": "spring", "osm": "n7194021417"}}, {"type": "Feature", "geometry": {"type": "Point", "coordinates": [21.846627, 37.154356]}, "properties": {"name": "Βρύση Καμάρια", "kind": "spring", "osm": "n7194085036"}}, {"type": "Feature", "geometry": {"type": "Point", "coordinates": [21.81116, 37.244778]}, "properties": {"kind": "spring", "osm": "n7194152221"}}, {"type": "Feature", "geometry": {"type": "Point", "coordinates": [21.839956, 37.155597]}, "properties": {"kind": "spring", "osm": "n7194221013"}}, {"type": "Feature", "geometry": {"type": "Point", "coordinates": [21.828844, 37.165608]}, "properties": {"kind": "spring", "osm": "n7194222017"}}, {"type": "Feature", "geometry": {"type": "Point", "coordinates": [21.899945, 37.106412]}, "properties": {"name": "Γραμμένη πέτρα", "kind": "spring", "osm": "n7194241742"}}, {"type": "Feature", "geometry": {"type": "Point", "coordinates": [21.856917, 37.342007]}, "properties": {"kind": "spring", "osm": "n7194252560"}}, {"type": "Feature", "geometry": {"type": "Point", "coordinates": [21.886226, 37.097542]}, "properties": {"kind": "spring", "osm": "n7194256096"}}, {"type": "Feature", "geometry": {"type": "Point", "coordinates": [21.80146, 37.290252]}, "properties": {"kind": "spring", "osm": "n7194256290"}}, {"type": "Feature", "geometry": {"type": "Point", "coordinates": [21.779541, 37.213008]}, "properties": {"kind": "spring", "osm": "n7194256338"}}, {"type": "Feature", "geometry": {"type": "Point", "coordinates": [21.89066, 37.110213]}, "properties": {"kind": "spring", "osm": "n7194284158"}}, {"type": "Feature", "geometry": {"type": "Point", "coordinates": [21.799745, 37.292007]}, "properties": {"kind": "spring", "osm": "n7194305491"}}, {"type": "Feature", "geometry": {"type": "Point", "coordinates": [21.990586, 37.076375]}, "properties": {"kind": "spring", "osm": "n7194314804"}}, {"type": "Feature", "geometry": {"type": "Point", "coordinates": [21.822172, 37.340685]}, "properties": {"kind": "spring", "osm": "n7194316814"}}, {"type": "Feature", "geometry": {"type": "Point", "coordinates": [21.820795, 37.129642]}, "properties": {"kind": "spring", "osm": "n7194334937"}}, {"type": "Feature", "geometry": {"type": "Point", "coordinates": [22.184111, 37.140122]}, "properties": {"drinking_water": "yes", "kind": "spring", "osm": "n7194373519"}}, {"type": "Feature", "geometry": {"type": "Point", "coordinates": [21.799762, 37.145986]}, "properties": {"kind": "spring", "osm": "n7194431216"}}, {"type": "Feature", "geometry": {"type": "Point", "coordinates": [21.817789, 37.340161]}, "properties": {"kind": "spring", "osm": "n7194442791"}}, {"type": "Feature", "geometry": {"type": "Point", "coordinates": [22.019113, 37.413718]}, "properties": {"kind": "spring", "osm": "n7194451220"}}, {"type": "Feature", "geometry": {"type": "Point", "coordinates": [21.805674, 37.143631]}, "properties": {"kind": "spring", "osm": "n7194482686"}}, {"type": "Feature", "geometry": {"type": "Point", "coordinates": [21.803335, 37.14338]}, "properties": {"kind": "spring", "osm": "n7194482687"}}, {"type": "Feature", "geometry": {"type": "Point", "coordinates": [21.832702, 37.10793]}, "properties": {"kind": "spring", "osm": "n7194955815"}}, {"type": "Feature", "geometry": {"type": "Point", "coordinates": [21.782462, 37.154302]}, "properties": {"kind": "spring", "osm": "n7194955816"}}, {"type": "Feature", "geometry": {"type": "Point", "coordinates": [21.804732, 37.114361]}, "properties": {"kind": "spring", "osm": "n7194975282"}}, {"type": "Feature", "geometry": {"type": "Point", "coordinates": [21.748328, 37.221968]}, "properties": {"kind": "spring", "osm": "n7194975283"}}, {"type": "Feature", "geometry": {"type": "Point", "coordinates": [21.766334, 37.152239]}, "properties": {"kind": "spring", "osm": "n7194991495"}}, {"type": "Feature", "geometry": {"type": "Point", "coordinates": [21.776051, 37.134323]}, "properties": {"kind": "spring", "osm": "n7194991496"}}, {"type": "Feature", "geometry": {"type": "Point", "coordinates": [21.789409, 37.121336]}, "properties": {"kind": "spring", "osm": "n7194994728"}}, {"type": "Feature", "geometry": {"type": "Point", "coordinates": [21.730024, 37.244528]}, "properties": {"kind": "spring", "osm": "n7195054243"}}, {"type": "Feature", "geometry": {"type": "Point", "coordinates": [21.727145, 37.243955]}, "properties": {"kind": "spring", "osm": "n7195054244"}}, {"type": "Feature", "geometry": {"type": "Point", "coordinates": [21.708309, 37.244743]}, "properties": {"name": "Κεφαλάρι", "kind": "spring", "osm": "n7195054279"}}, {"type": "Feature", "geometry": {"type": "Point", "coordinates": [21.742144, 37.182728]}, "properties": {"kind": "spring", "osm": "n7195067485"}}, {"type": "Feature", "geometry": {"type": "Point", "coordinates": [22.014267, 37.475126]}, "properties": {"kind": "spring", "osm": "n7195125893"}}, {"type": "Feature", "geometry": {"type": "Point", "coordinates": [22.241888, 37.174203]}, "properties": {"kind": "spring", "osm": "n7196578152"}}, {"type": "Feature", "geometry": {"type": "Point", "coordinates": [22.263718, 37.099624]}, "properties": {"name": "Νεραϊδόβρυση", "kind": "spring", "osm": "n7196594842"}}, {"type": "Feature", "geometry": {"type": "Point", "coordinates": [22.996822, 37.870393]}, "properties": {"name": "Λουτρά", "kind": "spring", "osm": "n7199847817"}}, {"type": "Feature", "geometry": {"type": "Point", "coordinates": [20.835249, 39.671637]}, "properties": {"drinking_water": "yes", "kind": "tap", "osm": "n7200981750"}}, {"type": "Feature", "geometry": {"type": "Point", "coordinates": [22.163587, 37.637222]}, "properties": {"kind": "spring", "osm": "n7204709491"}}, {"type": "Feature", "geometry": {"type": "Point", "coordinates": [23.739387, 38.03803]}, "properties": {"fee": "no", "access": "yes", "wheelchair": "yes", "kind": "fountain", "osm": "n7212869003"}}, {"type": "Feature", "geometry": {"type": "Point", "coordinates": [24.551306, 35.173138]}, "properties": {"kind": "fountain", "osm": "n7234288469"}}, {"type": "Feature", "geometry": {"type": "Point", "coordinates": [21.165267, 39.748632]}, "properties": {"kind": "fountain", "osm": "n7239660989"}}, {"type": "Feature", "geometry": {"type": "Point", "coordinates": [22.056012, 37.108776]}, "properties": {"drinking_water": "yes", "kind": "spring", "osm": "n7240894283"}}, {"type": "Feature", "geometry": {"type": "Point", "coordinates": [21.079422, 39.473787]}, "properties": {"kind": "tap", "osm": "n7252239685"}}, {"type": "Feature", "geometry": {"type": "Point", "coordinates": [22.506793, 40.27082]}, "properties": {"kind": "tap", "osm": "n7259461645"}}, {"type": "Feature", "geometry": {"type": "Point", "coordinates": [23.604295, 38.475799]}, "properties": {"kind": "tap", "osm": "n7295648023"}}, {"type": "Feature", "geometry": {"type": "Point", "coordinates": [20.66899, 39.983089]}, "properties": {"name": "Πηγές Νέλλες", "kind": "spring", "osm": "n7323147237"}}, {"type": "Feature", "geometry": {"type": "Point", "coordinates": [26.564312, 41.401668]}, "properties": {"drinking_water": "yes", "kind": "spring", "osm": "n7340232854"}}, {"type": "Feature", "geometry": {"type": "Point", "coordinates": [25.042059, 37.63929]}, "properties": {"name": "Πλύστρες", "name:el": "Πλύστρες", "name:en": "Washers", "kind": "tap", "osm": "n7345854924"}}, {"type": "Feature", "geometry": {"type": "Point", "coordinates": [22.204996, 40.51367]}, "properties": {"bottle": "yes", "fee": "no", "access": "yes", "wheelchair": "limited", "kind": "fountain", "osm": "n7347327649"}}, {"type": "Feature", "geometry": {"type": "Point", "coordinates": [22.043314, 40.427807]}, "properties": {"kind": "fountain", "osm": "n7364519301"}}, {"type": "Feature", "geometry": {"type": "Point", "coordinates": [22.021358, 40.427032]}, "properties": {"kind": "fountain", "osm": "n7364519302"}}, {"type": "Feature", "geometry": {"type": "Point", "coordinates": [22.496669, 38.498935]}, "properties": {"name": "Κρόκι βρύση", "kind": "fountain", "osm": "n7391667885"}}, {"type": "Feature", "geometry": {"type": "Point", "coordinates": [19.804674, 39.640265]}, "properties": {"kind": "tap", "osm": "n7399200685"}}, {"type": "Feature", "geometry": {"type": "Point", "coordinates": [20.951978, 38.909743]}, "properties": {"kind": "fountain", "osm": "n7405594386"}}, {"type": "Feature", "geometry": {"type": "Point", "coordinates": [23.079035, 40.552473]}, "properties": {"kind": "fountain", "osm": "n7412017363"}}, {"type": "Feature", "geometry": {"type": "Point", "coordinates": [24.766306, 41.349197]}, "properties": {"kind": "spring", "osm": "n7412117719"}}, {"type": "Feature", "geometry": {"type": "Point", "coordinates": [24.792018, 41.301258]}, "properties": {"kind": "tap", "osm": "n7412175298"}}, {"type": "Feature", "geometry": {"type": "Point", "coordinates": [24.71129, 41.338352]}, "properties": {"kind": "tap", "osm": "n7412392748"}}, {"type": "Feature", "geometry": {"type": "Point", "coordinates": [24.713786, 41.33044]}, "properties": {"name": "Νερό", "kind": "fountain", "osm": "n7412398263"}}, {"type": "Feature", "geometry": {"type": "Point", "coordinates": [24.775566, 41.219394]}, "properties": {"kind": "tap", "osm": "n7415768846"}}, {"type": "Feature", "geometry": {"type": "Point", "coordinates": [24.72453, 41.169459]}, "properties": {"kind": "tap", "osm": "n7415787894"}}, {"type": "Feature", "geometry": {"type": "Point", "coordinates": [24.777187, 41.212981]}, "properties": {"kind": "tap", "osm": "n7415790788"}}, {"type": "Feature", "geometry": {"type": "Point", "coordinates": [24.725513, 41.174222]}, "properties": {"kind": "tap", "osm": "n7415796695"}}, {"type": "Feature", "geometry": {"type": "Point", "coordinates": [24.839694, 41.360044]}, "properties": {"kind": "tap", "osm": "n7416644653"}}, {"type": "Feature", "geometry": {"type": "Point", "coordinates": [24.825614, 41.35832]}, "properties": {"kind": "tap", "osm": "n7416658239"}}, {"type": "Feature", "geometry": {"type": "Point", "coordinates": [24.827135, 41.397864]}, "properties": {"kind": "spring", "osm": "n7416663013"}}, {"type": "Feature", "geometry": {"type": "Point", "coordinates": [24.830535, 41.344807]}, "properties": {"kind": "tap", "osm": "n7416675398"}}, {"type": "Feature", "geometry": {"type": "Point", "coordinates": [24.825108, 41.345191]}, "properties": {"kind": "tap", "osm": "n7416675399"}}, {"type": "Feature", "geometry": {"type": "Point", "coordinates": [24.811478, 41.267568]}, "properties": {"kind": "tap", "osm": "n7416693541"}}, {"type": "Feature", "geometry": {"type": "Point", "coordinates": [24.843248, 41.296393]}, "properties": {"kind": "tap", "osm": "n7416695022"}}, {"type": "Feature", "geometry": {"type": "Point", "coordinates": [24.766927, 41.114905]}, "properties": {"kind": "tap", "osm": "n7416837341"}}, {"type": "Feature", "geometry": {"type": "Point", "coordinates": [24.819642, 41.151354]}, "properties": {"kind": "tap", "osm": "n7417493163"}}, {"type": "Feature", "geometry": {"type": "Point", "coordinates": [24.86929, 41.362995]}, "properties": {"kind": "tap", "osm": "n7417547830"}}, {"type": "Feature", "geometry": {"type": "Point", "coordinates": [24.874078, 41.360347]}, "properties": {"kind": "tap", "osm": "n7417585421"}}, {"type": "Feature", "geometry": {"type": "Point", "coordinates": [24.888992, 41.346486]}, "properties": {"kind": "tap", "osm": "n7417593885"}}, {"type": "Feature", "geometry": {"type": "Point", "coordinates": [22.038937, 40.451002]}, "properties": {"kind": "fountain", "osm": "n7426795675"}}, {"type": "Feature", "geometry": {"type": "Point", "coordinates": [24.882665, 41.30595]}, "properties": {"kind": "tap", "osm": "n7428967553"}}, {"type": "Feature", "geometry": {"type": "Point", "coordinates": [24.892901, 41.305686]}, "properties": {"kind": "tap", "osm": "n7435171911"}}, {"type": "Feature", "geometry": {"type": "Point", "coordinates": [24.875218, 41.247582]}, "properties": {"kind": "tap", "osm": "n7435190522"}}, {"type": "Feature", "geometry": {"type": "Point", "coordinates": [24.872716, 41.254444]}, "properties": {"kind": "tap", "osm": "n7435196614"}}, {"type": "Feature", "geometry": {"type": "Point", "coordinates": [24.867366, 41.262462]}, "properties": {"kind": "tap", "osm": "n7435197383"}}, {"type": "Feature", "geometry": {"type": "Point", "coordinates": [24.863252, 41.269947]}, "properties": {"kind": "tap", "osm": "n7435200745"}}, {"type": "Feature", "geometry": {"type": "Point", "coordinates": [23.753425, 38.03264]}, "properties": {"kind": "fountain", "osm": "n7439028080"}}, {"type": "Feature", "geometry": {"type": "Point", "coordinates": [28.125783, 36.197984]}, "properties": {"kind": "fountain", "osm": "n7448512655"}}, {"type": "Feature", "geometry": {"type": "Point", "coordinates": [21.902223, 36.84392]}, "properties": {"kind": "fountain", "osm": "n7473351387"}}, {"type": "Feature", "geometry": {"type": "Point", "coordinates": [21.984896, 40.449595]}, "properties": {"kind": "spring", "osm": "n7477096969"}}, {"type": "Feature", "geometry": {"type": "Point", "coordinates": [21.977015, 40.450107]}, "properties": {"kind": "fountain", "osm": "n7477096973"}}, {"type": "Feature", "geometry": {"type": "Point", "coordinates": [25.534218, 37.119921]}, "properties": {"access": "yes", "kind": "tap", "osm": "n7500295637"}}, {"type": "Feature", "geometry": {"type": "Point", "coordinates": [24.678325, 40.706375]}, "properties": {"kind": "spring", "osm": "n7506071594"}}, {"type": "Feature", "geometry": {"type": "Point", "coordinates": [23.225288, 39.210809]}, "properties": {"kind": "spring", "osm": "n7506153285"}}, {"type": "Feature", "geometry": {"type": "Point", "coordinates": [23.963653, 38.265952]}, "properties": {"name": "Πηγή Ντόρμπερι", "kind": "spring", "osm": "n7506223842"}}, {"type": "Feature", "geometry": {"type": "Point", "coordinates": [22.051442, 37.284556]}, "properties": {"kind": "spring", "osm": "n7512202503"}}, {"type": "Feature", "geometry": {"type": "Point", "coordinates": [22.221988, 37.772695]}, "properties": {"kind": "spring", "osm": "n7520919315"}}, {"type": "Feature", "geometry": {"type": "Point", "coordinates": [22.177602, 37.02885]}, "properties": {"drinking_water": "yes", "kind": "spring", "osm": "n7529092566"}}, {"type": "Feature", "geometry": {"type": "Point", "coordinates": [23.778782, 37.955544]}, "properties": {"bottle": "yes", "fee": "no", "access": "yes", "wheelchair": "no", "kind": "fountain", "osm": "n7542381159"}}, {"type": "Feature", "geometry": {"type": "Point", "coordinates": [25.378289, 41.226611]}, "properties": {"name": "Νερό", "kind": "tap", "osm": "n7554725667"}}, {"type": "Feature", "geometry": {"type": "Point", "coordinates": [21.831702, 38.39425]}, "properties": {"kind": "fountain", "osm": "n7561972582"}}, {"type": "Feature", "geometry": {"type": "Point", "coordinates": [21.987236, 38.311707]}, "properties": {"kind": "fountain", "osm": "n7573513418"}}, {"type": "Feature", "geometry": {"type": "Point", "coordinates": [22.953824, 38.054873]}, "properties": {"kind": "fountain", "osm": "n7575040088"}}, {"type": "Feature", "geometry": {"type": "Point", "coordinates": [22.072902, 38.150152]}, "properties": {"kind": "fountain", "osm": "n7595601031"}}, {"type": "Feature", "geometry": {"type": "Point", "coordinates": [21.627551, 39.708925]}, "properties": {"name": "Προδρόμου", "wheelchair": "no", "kind": "fountain", "osm": "n7596337701"}}, {"type": "Feature", "geometry": {"type": "Point", "coordinates": [22.956987, 40.640403]}, "properties": {"name": "Κρήνη της Ναμίκα Χανίμ", "name:el": "Κρήνη της Ναμίκα Χανίμ", "kind": "fountain", "osm": "n7602351448"}}, {"type": "Feature", "geometry": {"type": "Point", "coordinates": [22.29036, 37.916586]}, "properties": {"kind": "fountain", "osm": "n7611469585"}}, {"type": "Feature", "geometry": {"type": "Point", "coordinates": [23.400052, 41.244451]}, "properties": {"kind": "spring", "osm": "n7620296082"}}, {"type": "Feature", "geometry": {"type": "Point", "coordinates": [20.829008, 39.677089]}, "properties": {"name": "Eau potable", "kind": "fountain", "osm": "n7620301110"}}, {"type": "Feature", "geometry": {"type": "Point", "coordinates": [23.389747, 41.234766]}, "properties": {"name": "Eau potable", "kind": "fountain", "osm": "n7620313553"}}, {"type": "Feature", "geometry": {"type": "Point", "coordinates": [23.218954, 39.209301]}, "properties": {"kind": "fountain", "osm": "n7634561988"}}, {"type": "Feature", "geometry": {"type": "Point", "coordinates": [21.637121, 38.787832]}, "properties": {"kind": "fountain", "osm": "n7637868586"}}, {"type": "Feature", "geometry": {"type": "Point", "coordinates": [21.591503, 38.880102]}, "properties": {"kind": "fountain", "osm": "n7637878785"}}, {"type": "Feature", "geometry": {"type": "Point", "coordinates": [21.468462, 39.543618]}, "properties": {"bottle": "yes", "fee": "no", "access": "yes", "wheelchair": "yes", "kind": "fountain", "osm": "n7638821186"}}, {"type": "Feature", "geometry": {"type": "Point", "coordinates": [22.01175, 37.418641]}, "properties": {"kind": "spring", "osm": "n7640859166"}}, {"type": "Feature", "geometry": {"type": "Point", "coordinates": [21.537701, 39.060354]}, "properties": {"name": "Δροσοπηγή Ρούστης", "drinking_water": "yes", "kind": "spring", "osm": "n7643064685"}}, {"type": "Feature", "geometry": {"type": "Point", "coordinates": [21.787246, 39.544184]}, "properties": {"bottle": "yes", "fee": "no", "access": "yes", "kind": "fountain", "osm": "n7644488631"}}, {"type": "Feature", "geometry": {"type": "Point", "coordinates": [21.76385, 39.559078]}, "properties": {"fee": "no", "access": "yes", "kind": "fountain", "osm": "n7644696306"}}, {"type": "Feature", "geometry": {"type": "Point", "coordinates": [21.764502, 39.563037]}, "properties": {"bottle": "yes", "fee": "no", "access": "yes", "wheelchair": "yes", "kind": "fountain", "osm": "n7644696313"}}, {"type": "Feature", "geometry": {"type": "Point", "coordinates": [21.765398, 39.553238]}, "properties": {"drinking_water": "yes", "access": "yes", "kind": "tap", "osm": "n7650314794"}}, {"type": "Feature", "geometry": {"type": "Point", "coordinates": [25.696939, 40.864846]}, "properties": {"kind": "fountain", "osm": "n7663208546"}}, {"type": "Feature", "geometry": {"type": "Point", "coordinates": [21.814258, 38.230095]}, "properties": {"kind": "spring", "osm": "n7668199544"}}, {"type": "Feature", "geometry": {"type": "Point", "coordinates": [20.39806, 39.284546]}, "properties": {"kind": "fountain", "osm": "n7682428416"}}, {"type": "Feature", "geometry": {"type": "Point", "coordinates": [25.772712, 35.08483]}, "properties": {"kind": "spring", "osm": "n7683319983"}}, {"type": "Feature", "geometry": {"type": "Point", "coordinates": [23.798437, 38.021395]}, "properties": {"bottle": "yes", "fee": "no", "access": "yes", "wheelchair": "yes", "kind": "fountain", "osm": "n7691586427"}}, {"type": "Feature", "geometry": {"type": "Point", "coordinates": [22.160743, 37.633365]}, "properties": {"name": "Βρύση Μακρινού", "drinking_water": "yes", "kind": "spring", "osm": "n7694124888"}}, {"type": "Feature", "geometry": {"type": "Point", "coordinates": [22.296987, 37.916176]}, "properties": {"kind": "fountain", "osm": "n7694130885"}}, {"type": "Feature", "geometry": {"type": "Point", "coordinates": [21.064077, 40.410627]}, "properties": {"kind": "fountain", "osm": "n7698740685"}}, {"type": "Feature", "geometry": {"type": "Point", "coordinates": [26.843547, 37.763392]}, "properties": {"name": "Μαντζουράνα", "kind": "spring", "osm": "n7705757014"}}, {"type": "Feature", "geometry": {"type": "Point", "coordinates": [26.84835, 37.76568]}, "properties": {"name": "Γιακουμή", "drinking_water": "yes", "kind": "spring", "osm": "n7707017540"}}, {"type": "Feature", "geometry": {"type": "Point", "coordinates": [24.695528, 40.598227]}, "properties": {"kind": "spring", "osm": "n7710742304"}}, {"type": "Feature", "geometry": {"type": "Point", "coordinates": [24.541193, 41.410597]}, "properties": {"name": "ποτίστρα", "kind": "fountain", "osm": "n7711646785"}}, {"type": "Feature", "geometry": {"type": "Point", "coordinates": [24.557405, 41.400288]}, "properties": {"drinking_water": "yes", "kind": "spring", "osm": "n7711647462"}}, {"type": "Feature", "geometry": {"type": "Point", "coordinates": [21.62072, 37.18695]}, "properties": {"drinking_water": "unknown", "kind": "tap", "osm": "n7716411579"}}, {"type": "Feature", "geometry": {"type": "Point", "coordinates": [21.944275, 38.266978]}, "properties": {"kind": "fountain", "osm": "n7728636786"}}, {"type": "Feature", "geometry": {"type": "Point", "coordinates": [21.935068, 38.264688]}, "properties": {"kind": "fountain", "osm": "n7728636787"}}, {"type": "Feature", "geometry": {"type": "Point", "coordinates": [21.861969, 38.284405]}, "properties": {"kind": "fountain", "osm": "n7728636788"}}, {"type": "Feature", "geometry": {"type": "Point", "coordinates": [21.860615, 38.284545]}, "properties": {"kind": "fountain", "osm": "n7728636789"}}, {"type": "Feature", "geometry": {"type": "Point", "coordinates": [23.024337, 40.636818]}, "properties": {"kind": "fountain", "osm": "n7730476224"}}, {"type": "Feature", "geometry": {"type": "Point", "coordinates": [22.104004, 40.577578]}, "properties": {"kind": "fountain", "osm": "n7734917980"}}, {"type": "Feature", "geometry": {"type": "Point", "coordinates": [22.093202, 40.559953]}, "properties": {"name": "Σορβιά", "kind": "fountain", "osm": "n7734917981"}}, {"type": "Feature", "geometry": {"type": "Point", "coordinates": [22.072355, 40.545261]}, "properties": {"kind": "fountain", "osm": "n7734983549"}}, {"type": "Feature", "geometry": {"type": "Point", "coordinates": [25.576035, 35.082775]}, "properties": {"kind": "spring", "osm": "n7737894181"}}, {"type": "Feature", "geometry": {"type": "Point", "coordinates": [21.773543, 37.295953]}, "properties": {"name": "Πηγές Αβάρου", "name:el": "Πηγές Αβάρου", "kind": "spring", "osm": "n7740509195"}}, {"type": "Feature", "geometry": {"type": "Point", "coordinates": [22.118289, 40.553247]}, "properties": {"name": "Κρατσάνος", "kind": "fountain", "osm": "n7746548484"}}, {"type": "Feature", "geometry": {"type": "Point", "coordinates": [22.086797, 40.553156]}, "properties": {"name": "Βρωμονέρι", "kind": "fountain", "osm": "n7746554520"}}, {"type": "Feature", "geometry": {"type": "Point", "coordinates": [22.086077, 40.565156]}, "properties": {"name": "Χολέβας", "kind": "fountain", "osm": "n7746624819"}}, {"type": "Feature", "geometry": {"type": "Point", "coordinates": [26.176003, 39.326879]}, "properties": {"kind": "fountain", "osm": "n7754276883"}}, {"type": "Feature", "geometry": {"type": "Point", "coordinates": [26.175942, 39.32744]}, "properties": {"kind": "fountain", "osm": "n7754290735"}}, {"type": "Feature", "geometry": {"type": "Point", "coordinates": [26.175211, 39.327996]}, "properties": {"bottle": "yes", "fee": "no", "access": "yes", "covered": "no", "kind": "fountain", "osm": "n7754292329"}}, {"type": "Feature", "geometry": {"type": "Point", "coordinates": [26.174375, 39.348091]}, "properties": {"kind": "fountain", "osm": "n7754334524"}}, {"type": "Feature", "geometry": {"type": "Point", "coordinates": [26.296905, 39.360854]}, "properties": {"kind": "fountain", "osm": "n7757039225"}}, {"type": "Feature", "geometry": {"type": "Point", "coordinates": [26.303363, 39.373713]}, "properties": {"kind": "fountain", "osm": "n7758643325"}}, {"type": "Feature", "geometry": {"type": "Point", "coordinates": [26.303256, 39.372399]}, "properties": {"kind": "fountain", "osm": "n7758646528"}}, {"type": "Feature", "geometry": {"type": "Point", "coordinates": [26.303034, 39.374165]}, "properties": {"kind": "fountain", "osm": "n7758943669"}}, {"type": "Feature", "geometry": {"type": "Point", "coordinates": [26.303005, 39.374248]}, "properties": {"kind": "fountain", "osm": "n7758995335"}}, {"type": "Feature", "geometry": {"type": "Point", "coordinates": [22.404339, 39.656864]}, "properties": {"kind": "fountain", "osm": "n7764163223"}}, {"type": "Feature", "geometry": {"type": "Point", "coordinates": [26.532175, 39.018427]}, "properties": {"kind": "fountain", "osm": "n7769539769"}}, {"type": "Feature", "geometry": {"type": "Point", "coordinates": [23.241728, 40.548743]}, "properties": {"kind": "spring", "osm": "n7769646440"}}, {"type": "Feature", "geometry": {"type": "Point", "coordinates": [23.283626, 40.518538]}, "properties": {"kind": "fountain", "osm": "n7769666587"}}, {"type": "Feature", "geometry": {"type": "Point", "coordinates": [21.85683, 37.447696]}, "properties": {"name": "Πανώβρυση", "kind": "fountain", "osm": "n7772263155"}}, {"type": "Feature", "geometry": {"type": "Point", "coordinates": [21.701552, 39.271524]}, "properties": {"drinking_water": "yes", "fee": "no", "kind": "fountain", "osm": "n7773509044"}}, {"type": "Feature", "geometry": {"type": "Point", "coordinates": [26.571016, 39.06876]}, "properties": {"kind": "fountain", "osm": "n7773834090"}}, {"type": "Feature", "geometry": {"type": "Point", "coordinates": [26.543326, 39.056492]}, "properties": {"kind": "fountain", "osm": "n7773850219"}}, {"type": "Feature", "geometry": {"type": "Point", "coordinates": [26.571632, 39.0676]}, "properties": {"kind": "fountain", "osm": "n7773855742"}}, {"type": "Feature", "geometry": {"type": "Point", "coordinates": [26.571665, 39.067301]}, "properties": {"kind": "fountain", "osm": "n7773866505"}}, {"type": "Feature", "geometry": {"type": "Point", "coordinates": [26.571831, 39.068823]}, "properties": {"kind": "fountain", "osm": "n7773867978"}}, {"type": "Feature", "geometry": {"type": "Point", "coordinates": [26.401217, 39.095869]}, "properties": {"kind": "spring", "osm": "n7775878191"}}, {"type": "Feature", "geometry": {"type": "Point", "coordinates": [26.372069, 39.080818]}, "properties": {"kind": "fountain", "osm": "n7775886689"}}, {"type": "Feature", "geometry": {"type": "Point", "coordinates": [26.367285, 39.091007]}, "properties": {"kind": "fountain", "osm": "n7775898801"}}, {"type": "Feature", "geometry": {"type": "Point", "coordinates": [26.397246, 39.098041]}, "properties": {"kind": "fountain", "osm": "n7775899274"}}, {"type": "Feature", "geometry": {"type": "Point", "coordinates": [26.388389, 39.101969]}, "properties": {"kind": "fountain", "osm": "n7775909005"}}, {"type": "Feature", "geometry": {"type": "Point", "coordinates": [22.008573, 40.632899]}, "properties": {"fee": "no", "kind": "fountain", "osm": "n7778736430"}}, {"type": "Feature", "geometry": {"type": "Point", "coordinates": [26.373738, 39.084277]}, "properties": {"kind": "fountain", "osm": "n7781992975"}}, {"type": "Feature", "geometry": {"type": "Point", "coordinates": [22.256518, 38.659059]}, "properties": {"name": "πηγή", "name:el": "πηγή", "name:en": "water source", "kind": "spring", "osm": "n7782932985"}}, {"type": "Feature", "geometry": {"type": "Point", "coordinates": [21.900639, 40.981271]}, "properties": {"kind": "fountain", "osm": "n7784402622"}}, {"type": "Feature", "geometry": {"type": "Point", "coordinates": [23.717205, 37.977973]}, "properties": {"kind": "fountain", "osm": "n7790588285"}}, {"type": "Feature", "geometry": {"type": "Point", "coordinates": [21.695812, 37.349675]}, "properties": {"drinking_water": "yes", "kind": "tap", "osm": "n7791973285"}}, {"type": "Feature", "geometry": {"type": "Point", "coordinates": [26.500308, 39.177044]}, "properties": {"kind": "fountain", "osm": "n7792300465"}}, {"type": "Feature", "geometry": {"type": "Point", "coordinates": [21.96253, 37.694124]}, "properties": {"drinking_water": "yes", "kind": "spring", "osm": "n7793790614"}}, {"type": "Feature", "geometry": {"type": "Point", "coordinates": [23.918513, 40.364334]}, "properties": {"kind": "fountain", "osm": "n7795909485"}}, {"type": "Feature", "geometry": {"type": "Point", "coordinates": [25.770284, 36.397137]}, "properties": {"kind": "spring", "osm": "n7797253459"}}, {"type": "Feature", "geometry": {"type": "Point", "coordinates": [21.430681, 38.631916]}, "properties": {"kind": "spring", "osm": "n7813275415"}}, {"type": "Feature", "geometry": {"type": "Point", "coordinates": [21.53747, 38.75939]}, "properties": {"name": "Πηγή", "kind": "spring", "osm": "n7813298823"}}, {"type": "Feature", "geometry": {"type": "Point", "coordinates": [25.626485, 35.039271]}, "properties": {"kind": "spring", "osm": "n7813508496"}}, {"type": "Feature", "geometry": {"type": "Point", "coordinates": [24.938951, 37.851736]}, "properties": {"kind": "fountain", "osm": "n7817484485"}}, {"type": "Feature", "geometry": {"type": "Point", "coordinates": [24.938868, 37.852137]}, "properties": {"kind": "fountain", "osm": "n7817484585"}}, {"type": "Feature", "geometry": {"type": "Point", "coordinates": [21.268523, 40.794611]}, "properties": {"kind": "spring", "osm": "n7818726195"}}, {"type": "Feature", "geometry": {"type": "Point", "coordinates": [21.26366, 40.796572]}, "properties": {"kind": "spring", "osm": "n7818726196"}}, {"type": "Feature", "geometry": {"type": "Point", "coordinates": [22.111991, 40.414186]}, "properties": {"kind": "fountain", "osm": "n7819803676"}}, {"type": "Feature", "geometry": {"type": "Point", "coordinates": [24.948008, 37.799083]}, "properties": {"kind": "fountain", "osm": "n7820403986"}}, {"type": "Feature", "geometry": {"type": "Point", "coordinates": [24.942552, 37.839846]}, "properties": {"kind": "fountain", "osm": "n7822684887"}}, {"type": "Feature", "geometry": {"type": "Point", "coordinates": [21.705845, 36.818661]}, "properties": {"kind": "tap", "osm": "n7824348985"}}, {"type": "Feature", "geometry": {"type": "Point", "coordinates": [21.466306, 39.541316]}, "properties": {"bottle": "yes", "fee": "no", "access": "yes", "wheelchair": "yes", "kind": "fountain", "osm": "n7826311761"}}, {"type": "Feature", "geometry": {"type": "Point", "coordinates": [21.739498, 38.553032]}, "properties": {"kind": "fountain", "osm": "n7829880378"}}, {"type": "Feature", "geometry": {"type": "Point", "coordinates": [25.64998, 35.053559]}, "properties": {"drinking_water": "yes", "kind": "spring", "osm": "n7832960728"}}, {"type": "Feature", "geometry": {"type": "Point", "coordinates": [21.941383, 38.425945]}, "properties": {"kind": "fountain", "osm": "n7834300660"}}, {"type": "Feature", "geometry": {"type": "Point", "coordinates": [22.048436, 38.489666]}, "properties": {"kind": "fountain", "osm": "n7835217035"}}, {"type": "Feature", "geometry": {"type": "Point", "coordinates": [22.104386, 38.466326]}, "properties": {"kind": "fountain", "osm": "n7835217036"}}, {"type": "Feature", "geometry": {"type": "Point", "coordinates": [21.828122, 38.395787]}, "properties": {"kind": "tap", "osm": "n7835393035"}}, {"type": "Feature", "geometry": {"type": "Point", "coordinates": [22.252128, 38.838557]}, "properties": {"kind": "fountain", "osm": "n7839105463"}}, {"type": "Feature", "geometry": {"type": "Point", "coordinates": [20.860776, 40.411249]}, "properties": {"kind": "fountain", "osm": "n7842411922"}}, {"type": "Feature", "geometry": {"type": "Point", "coordinates": [20.861532, 40.309462]}, "properties": {"kind": "fountain", "osm": "n7842464529"}}, {"type": "Feature", "geometry": {"type": "Point", "coordinates": [20.47775, 40.054928]}, "properties": {"operator": "Νερό", "kind": "fountain", "osm": "n7842729535"}}, {"type": "Feature", "geometry": {"type": "Point", "coordinates": [21.151394, 39.852066]}, "properties": {"kind": "fountain", "osm": "n7842771012"}}, {"type": "Feature", "geometry": {"type": "Point", "coordinates": [21.199444, 39.883569]}, "properties": {"kind": "fountain", "osm": "n7842802474"}}, {"type": "Feature", "geometry": {"type": "Point", "coordinates": [21.147373, 39.828167]}, "properties": {"kind": "fountain", "osm": "n7842816881"}}, {"type": "Feature", "geometry": {"type": "Point", "coordinates": [21.18545, 39.888858]}, "properties": {"kind": "fountain", "osm": "n7842850251"}}, {"type": "Feature", "geometry": {"type": "Point", "coordinates": [21.218983, 39.889378]}, "properties": {"kind": "fountain", "osm": "n7842855968"}}, {"type": "Feature", "geometry": {"type": "Point", "coordinates": [21.241124, 39.898224]}, "properties": {"operator": "Γυφτόβρυση", "kind": "fountain", "osm": "n7842917809"}}, {"type": "Feature", "geometry": {"type": "Point", "coordinates": [21.395494, 39.50282]}, "properties": {"kind": "fountain", "osm": "n7843002741"}}, {"type": "Feature", "geometry": {"type": "Point", "coordinates": [24.605938, 41.336935]}, "properties": {"kind": "fountain", "osm": "n7843056423"}}, {"type": "Feature", "geometry": {"type": "Point", "coordinates": [21.189801, 39.53544]}, "properties": {"kind": "fountain", "osm": "n7843094950"}}, {"type": "Feature", "geometry": {"type": "Point", "coordinates": [21.135241, 39.445056]}, "properties": {"kind": "fountain", "osm": "n7846033609"}}, {"type": "Feature", "geometry": {"type": "Point", "coordinates": [21.142817, 39.511079]}, "properties": {"kind": "fountain", "osm": "n7846035627"}}, {"type": "Feature", "geometry": {"type": "Point", "coordinates": [21.106784, 39.433967]}, "properties": {"kind": "fountain", "osm": "n7846035629"}}, {"type": "Feature", "geometry": {"type": "Point", "coordinates": [21.249737, 40.157513]}, "properties": {"kind": "fountain", "osm": "n7846523440"}}, {"type": "Feature", "geometry": {"type": "Point", "coordinates": [21.706707, 37.507724]}, "properties": {"kind": "tap", "osm": "n7848677612"}}, {"type": "Feature", "geometry": {"type": "Point", "coordinates": [24.72626, 41.340448]}, "properties": {"operator": "Πηγή", "kind": "fountain", "osm": "n7850362620"}}, {"type": "Feature", "geometry": {"type": "Point", "coordinates": [24.528297, 41.35402]}, "properties": {"kind": "fountain", "osm": "n7850478232"}}, {"type": "Feature", "geometry": {"type": "Point", "coordinates": [24.586359, 41.345929]}, "properties": {"kind": "fountain", "osm": "n7850493577"}}, {"type": "Feature", "geometry": {"type": "Point", "coordinates": [24.511795, 41.381698]}, "properties": {"name": "Χτιστή βρύση", "kind": "spring", "osm": "n7850502931"}}, {"type": "Feature", "geometry": {"type": "Point", "coordinates": [23.743333, 37.974482]}, "properties": {"kind": "fountain", "osm": "n7850788695"}}, {"type": "Feature", "geometry": {"type": "Point", "coordinates": [23.73204, 37.969868]}, "properties": {"kind": "fountain", "osm": "n7850788985"}}, {"type": "Feature", "geometry": {"type": "Point", "coordinates": [20.991832, 39.787525]}, "properties": {"kind": "fountain", "osm": "n7852673185"}}, {"type": "Feature", "geometry": {"type": "Point", "coordinates": [23.132384, 39.333268]}, "properties": {"kind": "fountain", "osm": "n7853243359"}}, {"type": "Feature", "geometry": {"type": "Point", "coordinates": [23.980507, 38.05499]}, "properties": {"kind": "fountain", "osm": "n7857517077"}}, {"type": "Feature", "geometry": {"type": "Point", "coordinates": [21.192329, 39.686322]}, "properties": {"name": "Βρύση Φίλου", "kind": "fountain", "osm": "n7858026179"}}, {"type": "Feature", "geometry": {"type": "Point", "coordinates": [21.191166, 39.682211]}, "properties": {"name": "Τροχός", "kind": "fountain", "osm": "n7858036785"}}, {"type": "Feature", "geometry": {"type": "Point", "coordinates": [22.435148, 38.898825]}, "properties": {"kind": "fountain", "osm": "n7861483544"}}, {"type": "Feature", "geometry": {"type": "Point", "coordinates": [22.431154, 38.905774]}, "properties": {"kind": "fountain", "osm": "n7861525936"}}, {"type": "Feature", "geometry": {"type": "Point", "coordinates": [22.429741, 38.910068]}, "properties": {"kind": "fountain", "osm": "n7861531615"}}, {"type": "Feature", "geometry": {"type": "Point", "coordinates": [23.833476, 38.57819]}, "properties": {"kind": "fountain", "osm": "n7862407424"}}, {"type": "Feature", "geometry": {"type": "Point", "coordinates": [22.36841, 38.030018]}, "properties": {"kind": "spring", "osm": "n7862581394"}}, {"type": "Feature", "geometry": {"type": "Point", "coordinates": [22.361093, 38.099044]}, "properties": {"kind": "fountain", "osm": "n7862590560"}}, {"type": "Feature", "geometry": {"type": "Point", "coordinates": [23.810919, 38.058331]}, "properties": {"kind": "fountain", "osm": "n7862605265"}}, {"type": "Feature", "geometry": {"type": "Point", "coordinates": [21.092843, 39.936182]}, "properties": {"name": "Βρύση Τόσκα", "kind": "fountain", "osm": "n7904306371"}}, {"type": "Feature", "geometry": {"type": "Point", "coordinates": [23.974166, 38.179371]}, "properties": {"drinking_water": "yes", "kind": "tap", "osm": "n7905634885"}}, {"type": "Feature", "geometry": {"type": "Point", "coordinates": [22.859715, 39.770758]}, "properties": {"kind": "spring", "osm": "n7919182202"}}, {"type": "Feature", "geometry": {"type": "Point", "coordinates": [23.893863, 40.394743]}, "properties": {"kind": "tap", "osm": "n7924191773"}}, {"type": "Feature", "geometry": {"type": "Point", "coordinates": [23.735907, 37.992774]}, "properties": {"kind": "fountain", "osm": "n7947503927"}}, {"type": "Feature", "geometry": {"type": "Point", "coordinates": [23.73684, 37.992924]}, "properties": {"kind": "fountain", "osm": "n7947581805"}}, {"type": "Feature", "geometry": {"type": "Point", "coordinates": [23.778874, 40.543452]}, "properties": {"name": "Κρύα Βρύση", "fee": "no", "kind": "fountain", "osm": "n7949983774"}}, {"type": "Feature", "geometry": {"type": "Point", "coordinates": [23.750313, 40.531516]}, "properties": {"kind": "fountain", "osm": "n7950009436"}}, {"type": "Feature", "geometry": {"type": "Point", "coordinates": [22.259666, 37.944683]}, "properties": {"kind": "fountain", "osm": "n7950062620"}}, {"type": "Feature", "geometry": {"type": "Point", "coordinates": [22.251112, 37.947078]}, "properties": {"kind": "spring", "osm": "n7950077482"}}, {"type": "Feature", "geometry": {"type": "Point", "coordinates": [22.253401, 37.948986]}, "properties": {"kind": "fountain", "osm": "n7950081964"}}, {"type": "Feature", "geometry": {"type": "Point", "coordinates": [26.377803, 41.270252]}, "properties": {"name": "Εις Μνημην Μαλιαδα Σταματιου", "drinking_water": "yes", "fee": "no", "access": "yes", "kind": "fountain", "osm": "n7973667984"}}, {"type": "Feature", "geometry": {"type": "Point", "coordinates": [26.384013, 41.269708]}, "properties": {"kind": "fountain", "osm": "n7973669921"}}, {"type": "Feature", "geometry": {"type": "Point", "coordinates": [26.377554, 41.270348]}, "properties": {"name": "Εις Μνημην Καλοδημιδου Αναστασιας", "drinking_water": "yes", "fee": "no", "access": "yes", "kind": "fountain", "osm": "n7973669922"}}, {"type": "Feature", "geometry": {"type": "Point", "coordinates": [21.694608, 37.444457]}, "properties": {"kind": "tap", "osm": "n7976279588"}}, {"type": "Feature", "geometry": {"type": "Point", "coordinates": [25.656404, 35.048924]}, "properties": {"drinking_water": "yes", "kind": "spring", "osm": "n7978475833"}}, {"type": "Feature", "geometry": {"type": "Point", "coordinates": [23.250807, 40.608861]}, "properties": {"drinking_water": "yes", "kind": "spring", "osm": "n7984291201"}}, {"type": "Feature", "geometry": {"type": "Point", "coordinates": [22.688952, 38.598211]}, "properties": {"name": "Δεξαμενή νερού για ζώα", "kind": "tap", "osm": "n7985336104"}}, {"type": "Feature", "geometry": {"type": "Point", "coordinates": [26.331364, 41.270439]}, "properties": {"kind": "fountain", "osm": "n7985732960"}}, {"type": "Feature", "geometry": {"type": "Point", "coordinates": [22.341928, 37.984671]}, "properties": {"kind": "spring", "osm": "n7990758496"}}, {"type": "Feature", "geometry": {"type": "Point", "coordinates": [22.031525, 41.048571]}, "properties": {"kind": "fountain", "osm": "n7998813044"}}, {"type": "Feature", "geometry": {"type": "Point", "coordinates": [22.167925, 37.02735]}, "properties": {"kind": "spring", "osm": "n8002445378"}}, {"type": "Feature", "geometry": {"type": "Point", "coordinates": [23.745544, 38.026291]}, "properties": {"bottle": "yes", "fee": "no", "access": "yes", "kind": "fountain", "osm": "n8007772096"}}, {"type": "Feature", "geometry": {"type": "Point", "coordinates": [22.669175, 38.58651]}, "properties": {"name": "Πηγή", "description": "Πηγή νερού", "kind": "tap", "osm": "n8015793794"}}, {"type": "Feature", "geometry": {"type": "Point", "coordinates": [21.687992, 37.393012]}, "properties": {"bottle": "yes", "fee": "no", "access": "yes", "covered": "no", "kind": "fountain", "osm": "n8022224085"}}, {"type": "Feature", "geometry": {"type": "Point", "coordinates": [21.66982, 40.869299]}, "properties": {"kind": "fountain", "osm": "n8043772718"}}, {"type": "Feature", "geometry": {"type": "Point", "coordinates": [22.804291, 37.564717]}, "properties": {"kind": "fountain", "osm": "n8050006585"}}, {"type": "Feature", "geometry": {"type": "Point", "coordinates": [20.725015, 40.282448]}, "properties": {"name": "Βρύση του Ντουλα", "name:el": "Βρύση του Ντουλα", "name:en": "Ntoulas' spring", "kind": "spring", "osm": "n8050218885"}}, {"type": "Feature", "geometry": {"type": "Point", "coordinates": [22.796687, 37.567806]}, "properties": {"kind": "fountain", "osm": "n8050251820"}}, {"type": "Feature", "geometry": {"type": "Point", "coordinates": [20.767302, 40.312336]}, "properties": {"name": "Βρύση του Δάμη", "name:el": "Βρύση του Δάμη", "name:en": "Dami's spring", "kind": "spring", "osm": "n8062113185"}}, {"type": "Feature", "geometry": {"type": "Point", "coordinates": [20.734579, 40.26612]}, "properties": {"name": "Πηγαδουλι", "name:el": "Πηγαδουλι", "name:en": "Pigadouli", "kind": "spring", "osm": "n8068114487"}}, {"type": "Feature", "geometry": {"type": "Point", "coordinates": [25.376241, 37.103541]}, "properties": {"kind": "fountain", "osm": "n8069083267"}}, {"type": "Feature", "geometry": {"type": "Point", "coordinates": [25.421249, 35.004009]}, "properties": {"kind": "tap", "osm": "n8071211655"}}, {"type": "Feature", "geometry": {"type": "Point", "coordinates": [22.352674, 37.372044]}, "properties": {"kind": "tap", "osm": "n8076344288"}}, {"type": "Feature", "geometry": {"type": "Point", "coordinates": [22.377632, 37.368104]}, "properties": {"kind": "tap", "osm": "n8076344312"}}, {"type": "Feature", "geometry": {"type": "Point", "coordinates": [24.414621, 35.200913]}, "properties": {"kind": "spring", "osm": "n8078853714"}}, {"type": "Feature", "geometry": {"type": "Point", "coordinates": [23.604035, 38.475305]}, "properties": {"kind": "tap", "osm": "n8079036013"}}, {"type": "Feature", "geometry": {"type": "Point", "coordinates": [23.612064, 38.471413]}, "properties": {"kind": "spring", "osm": "n8079051684"}}, {"type": "Feature", "geometry": {"type": "Point", "coordinates": [23.724921, 38.527384]}, "properties": {"drinking_water": "yes", "kind": "fountain", "osm": "n8124524617"}}, {"type": "Feature", "geometry": {"type": "Point", "coordinates": [21.950045, 40.35206]}, "properties": {"kind": "fountain", "osm": "n8137387531"}}, {"type": "Feature", "geometry": {"type": "Point", "coordinates": [22.476226, 37.76568]}, "properties": {"kind": "fountain", "osm": "n8151621909"}}, {"type": "Feature", "geometry": {"type": "Point", "coordinates": [22.478154, 37.765937]}, "properties": {"kind": "fountain", "osm": "n8151621914"}}, {"type": "Feature", "geometry": {"type": "Point", "coordinates": [22.477319, 37.765683]}, "properties": {"kind": "fountain", "osm": "n8151621915"}}, {"type": "Feature", "geometry": {"type": "Point", "coordinates": [25.592407, 35.190724]}, "properties": {"kind": "spring", "osm": "n8170258161"}}, {"type": "Feature", "geometry": {"type": "Point", "coordinates": [25.583249, 35.195471]}, "properties": {"kind": "spring", "osm": "n8193810342"}}, {"type": "Feature", "geometry": {"type": "Point", "coordinates": [28.228062, 36.440936]}, "properties": {"check_date": "2026-06-14", "kind": "fountain", "osm": "n8198672404"}}, {"type": "Feature", "geometry": {"type": "Point", "coordinates": [24.695492, 40.598208]}, "properties": {"kind": "spring", "osm": "n8199041872"}}, {"type": "Feature", "geometry": {"type": "Point", "coordinates": [20.740974, 40.273051]}, "properties": {"name": "Μανουρας", "name:el": "Μανουρας", "name:en": "Manouras spring", "kind": "spring", "osm": "n8199059317"}}, {"type": "Feature", "geometry": {"type": "Point", "coordinates": [23.053461, 39.326256]}, "properties": {"kind": "tap", "osm": "n8199801755"}}, {"type": "Feature", "geometry": {"type": "Point", "coordinates": [23.220368, 39.225679]}, "properties": {"kind": "fountain", "osm": "n8199806801"}}, {"type": "Feature", "geometry": {"type": "Point", "coordinates": [21.950543, 36.995298]}, "properties": {"name": "Strandduschen", "kind": "tap", "osm": "n8199842415"}}, {"type": "Feature", "geometry": {"type": "Point", "coordinates": [23.218711, 39.209645]}, "properties": {"name": "Wasser", "kind": "spring", "osm": "n8199843143"}}, {"type": "Feature", "geometry": {"type": "Point", "coordinates": [24.632325, 41.345486]}, "properties": {"kind": "spring", "osm": "n8231251505"}}, {"type": "Feature", "geometry": {"type": "Point", "coordinates": [22.113229, 37.028993]}, "properties": {"name:en": "Faron", "kind": "fountain", "osm": "n8242856717"}}, {"type": "Feature", "geometry": {"type": "Point", "coordinates": [21.872604, 36.962541]}, "properties": {"kind": "spring", "osm": "n8243110817"}}, {"type": "Feature", "geometry": {"type": "Point", "coordinates": [21.649082, 38.581716]}, "properties": {"name": "Πηγές Αγίας Σοφίας", "kind": "spring", "osm": "n8253165644"}}, {"type": "Feature", "geometry": {"type": "Point", "coordinates": [21.90338, 36.928396]}, "properties": {"drinking_water": "yes", "kind": "spring", "osm": "n8253985717"}}, {"type": "Feature", "geometry": {"type": "Point", "coordinates": [21.906216, 38.098146]}, "properties": {"kind": "fountain", "osm": "n8286311340"}}, {"type": "Feature", "geometry": {"type": "Point", "coordinates": [21.834764, 38.159439]}, "properties": {"kind": "fountain", "osm": "n8286311345"}}, {"type": "Feature", "geometry": {"type": "Point", "coordinates": [21.823275, 38.181345]}, "properties": {"kind": "fountain", "osm": "n8286311347"}}, {"type": "Feature", "geometry": {"type": "Point", "coordinates": [21.814465, 38.182905]}, "properties": {"kind": "fountain", "osm": "n8286311348"}}, {"type": "Feature", "geometry": {"type": "Point", "coordinates": [21.812372, 38.184485]}, "properties": {"kind": "fountain", "osm": "n8286311349"}}, {"type": "Feature", "geometry": {"type": "Point", "coordinates": [21.80569, 38.19108]}, "properties": {"kind": "fountain", "osm": "n8286311350"}}, {"type": "Feature", "geometry": {"type": "Point", "coordinates": [21.799251, 38.192202]}, "properties": {"kind": "fountain", "osm": "n8286311351"}}, {"type": "Feature", "geometry": {"type": "Point", "coordinates": [21.207504, 40.765152]}, "properties": {"kind": "fountain", "osm": "n8290470604"}}, {"type": "Feature", "geometry": {"type": "Point", "coordinates": [21.248145, 40.787368]}, "properties": {"kind": "fountain", "osm": "n8290470605"}}, {"type": "Feature", "geometry": {"type": "Point", "coordinates": [21.971379, 40.427414]}, "properties": {"kind": "fountain", "osm": "n8311159634"}}, {"type": "Feature", "geometry": {"type": "Point", "coordinates": [23.050884, 40.607869]}, "properties": {"kind": "fountain", "osm": "n8312599112"}}, {"type": "Feature", "geometry": {"type": "Point", "coordinates": [22.98402, 40.626447]}, "properties": {"kind": "fountain", "osm": "n8312660445"}}, {"type": "Feature", "geometry": {"type": "Point", "coordinates": [25.296512, 36.740745]}, "properties": {"kind": "tap", "osm": "n8323968485"}}, {"type": "Feature", "geometry": {"type": "Point", "coordinates": [25.884654, 35.118368]}, "properties": {"kind": "spring", "osm": "n8342695761"}}, {"type": "Feature", "geometry": {"type": "Point", "coordinates": [25.890361, 35.119359]}, "properties": {"kind": "spring", "osm": "n8342695762"}}, {"type": "Feature", "geometry": {"type": "Point", "coordinates": [25.892133, 35.115965]}, "properties": {"kind": "spring", "osm": "n8342695763"}}, {"type": "Feature", "geometry": {"type": "Point", "coordinates": [25.896137, 35.116762]}, "properties": {"kind": "spring", "osm": "n8342695764"}}, {"type": "Feature", "geometry": {"type": "Point", "coordinates": [25.881217, 35.109923]}, "properties": {"kind": "spring", "osm": "n8342695765"}}, {"type": "Feature", "geometry": {"type": "Point", "coordinates": [25.861186, 35.111586]}, "properties": {"kind": "spring", "osm": "n8342695766"}}, {"type": "Feature", "geometry": {"type": "Point", "coordinates": [25.83938, 35.080426]}, "properties": {"kind": "spring", "osm": "n8342695767"}}, {"type": "Feature", "geometry": {"type": "Point", "coordinates": [25.859812, 35.087084]}, "properties": {"kind": "spring", "osm": "n8342695768"}}, {"type": "Feature", "geometry": {"type": "Point", "coordinates": [24.381503, 35.205656]}, "properties": {"kind": "fountain", "osm": "n8357897956"}}, {"type": "Feature", "geometry": {"type": "Point", "coordinates": [23.775025, 38.158932]}, "properties": {"name": "Πηγή Δεξαμενη Κιθάρα", "name:el": "Πηγή Δεξαμενη Κιθάρα", "name:en": "Dexameni Kithara Spring", "kind": "spring", "osm": "n8361471191"}}, {"type": "Feature", "geometry": {"type": "Point", "coordinates": [23.779886, 38.165452]}, "properties": {"name": "Dexameni Xina Spring", "name:el": "Πηγή Δεξαμενή Χήνα", "name:en": "Dexameni Xina", "kind": "spring", "osm": "n8361471443"}}, {"type": "Feature", "geometry": {"type": "Point", "coordinates": [27.829179, 36.215007]}, "properties": {"kind": "spring", "osm": "n8364041411"}}, {"type": "Feature", "geometry": {"type": "Point", "coordinates": [27.908094, 36.05367]}, "properties": {"kind": "spring", "osm": "n8364044591"}}, {"type": "Feature", "geometry": {"type": "Point", "coordinates": [27.772281, 36.169776]}, "properties": {"drinking_water": "yes", "kind": "spring", "osm": "n8364045170"}}, {"type": "Feature", "geometry": {"type": "Point", "coordinates": [21.679503, 37.249158]}, "properties": {"kind": "fountain", "osm": "n8381180395"}}, {"type": "Feature", "geometry": {"type": "Point", "coordinates": [21.678998, 37.248388]}, "properties": {"name": "Παζαρόβρυση", "kind": "spring", "osm": "n8381385182"}}, {"type": "Feature", "geometry": {"type": "Point", "coordinates": [22.545071, 40.275065]}, "properties": {"kind": "tap", "osm": "n8388364417"}}, {"type": "Feature", "geometry": {"type": "Point", "coordinates": [20.663283, 38.725249]}, "properties": {"name": "Πηγές Βαυκερής", "drinking_water": "yes", "kind": "spring", "osm": "n8401897451"}}, {"type": "Feature", "geometry": {"type": "Point", "coordinates": [23.060112, 40.645455]}, "properties": {"kind": "fountain", "osm": "n8404029571"}}, {"type": "Feature", "geometry": {"type": "Point", "coordinates": [23.051085, 40.642194]}, "properties": {"kind": "fountain", "osm": "n8404046216"}}, {"type": "Feature", "geometry": {"type": "Point", "coordinates": [24.381306, 35.205177]}, "properties": {"kind": "tap", "osm": "n8413198557"}}, {"type": "Feature", "geometry": {"type": "Point", "coordinates": [23.686242, 38.245176]}, "properties": {"name": "Μεγάλη Βρύση", "name:el": "Μεγάλη Βρύση", "name:en": "Megali Vrisi", "kind": "fountain", "osm": "n8429039018"}}, {"type": "Feature", "geometry": {"type": "Point", "coordinates": [23.10506, 40.587551]}, "properties": {"kind": "spring", "osm": "n8444457141"}}, {"type": "Feature", "geometry": {"type": "Point", "coordinates": [23.117076, 40.579103]}, "properties": {"kind": "spring", "osm": "n8444457142"}}, {"type": "Feature", "geometry": {"type": "Point", "coordinates": [22.034879, 40.343975]}, "properties": {"kind": "spring", "osm": "n8458700609"}}, {"type": "Feature", "geometry": {"type": "Point", "coordinates": [21.863395, 36.810168]}, "properties": {"kind": "tap", "osm": "n8463205417"}}, {"type": "Feature", "geometry": {"type": "Point", "coordinates": [21.904984, 36.808422]}, "properties": {"kind": "tap", "osm": "n8463467437"}}, {"type": "Feature", "geometry": {"type": "Point", "coordinates": [22.623439, 38.906461]}, "properties": {"name": "Stilida", "kind": "fountain", "osm": "n8476425617"}}, {"type": "Feature", "geometry": {"type": "Point", "coordinates": [21.844552, 36.833152]}, "properties": {"kind": "tap", "osm": "n8487237018"}}, {"type": "Feature", "geometry": {"type": "Point", "coordinates": [24.09916, 35.478899]}, "properties": {"drinking_water": "yes", "kind": "fountain", "osm": "n8488604934"}}, {"type": "Feature", "geometry": {"type": "Point", "coordinates": [23.608098, 38.472705]}, "properties": {"kind": "spring", "osm": "n8489966792"}}, {"type": "Feature", "geometry": {"type": "Point", "coordinates": [23.610935, 38.472865]}, "properties": {"kind": "spring", "osm": "n8489973252"}}, {"type": "Feature", "geometry": {"type": "Point", "coordinates": [23.544922, 38.59682]}, "properties": {"kind": "spring", "osm": "n8489973923"}}, {"type": "Feature", "geometry": {"type": "Point", "coordinates": [21.848199, 36.821581]}, "properties": {"kind": "spring", "osm": "n8494049517"}}, {"type": "Feature", "geometry": {"type": "Point", "coordinates": [21.922063, 40.479567]}, "properties": {"kind": "spring", "osm": "n8500984829"}}, {"type": "Feature", "geometry": {"type": "Point", "coordinates": [22.830469, 37.563862]}, "properties": {"kind": "fountain", "osm": "n8507815374"}}, {"type": "Feature", "geometry": {"type": "Point", "coordinates": [23.611059, 38.473057]}, "properties": {"kind": "spring", "osm": "n8518200900"}}, {"type": "Feature", "geometry": {"type": "Point", "coordinates": [22.954182, 40.666257]}, "properties": {"bottle": "no", "fee": "no", "wheelchair": "yes", "kind": "fountain", "osm": "n8532252776"}}, {"type": "Feature", "geometry": {"type": "Point", "coordinates": [23.571462, 38.461523]}, "properties": {"kind": "spring", "osm": "n8554384574"}}, {"type": "Feature", "geometry": {"type": "Point", "coordinates": [23.603818, 38.476519]}, "properties": {"kind": "spring", "osm": "n8554392355"}}, {"type": "Feature", "geometry": {"type": "Point", "coordinates": [23.733725, 37.992905]}, "properties": {"kind": "fountain", "osm": "n8569651187"}}, {"type": "Feature", "geometry": {"type": "Point", "coordinates": [23.736148, 37.993451]}, "properties": {"kind": "fountain", "osm": "n8569701894"}}, {"type": "Feature", "geometry": {"type": "Point", "coordinates": [23.709266, 37.939813]}, "properties": {"kind": "tap", "osm": "n8576484617"}}, {"type": "Feature", "geometry": {"type": "Point", "coordinates": [24.325871, 37.567853]}, "properties": {"name": "Πηγή Καλοδούκα", "kind": "spring", "osm": "n8595898575"}}, {"type": "Feature", "geometry": {"type": "Point", "coordinates": [21.86397, 38.894725]}, "properties": {"kind": "spring", "osm": "n8606561817"}}, {"type": "Feature", "geometry": {"type": "Point", "coordinates": [21.979674, 40.46752]}, "properties": {"kind": "spring", "osm": "n8612771355"}}, {"type": "Feature", "geometry": {"type": "Point", "coordinates": [21.948797, 40.461778]}, "properties": {"kind": "fountain", "osm": "n8612771395"}}, {"type": "Feature", "geometry": {"type": "Point", "coordinates": [21.910655, 40.496335]}, "properties": {"kind": "spring", "osm": "n8612771397"}}, {"type": "Feature", "geometry": {"type": "Point", "coordinates": [21.893908, 40.520398]}, "properties": {"kind": "spring", "osm": "n8612771418"}}, {"type": "Feature", "geometry": {"type": "Point", "coordinates": [21.88336, 40.514655]}, "properties": {"kind": "fountain", "osm": "n8612771465"}}, {"type": "Feature", "geometry": {"type": "Point", "coordinates": [21.897553, 40.485559]}, "properties": {"kind": "fountain", "osm": "n8612771595"}}, {"type": "Feature", "geometry": {"type": "Point", "coordinates": [22.957655, 40.663281]}, "properties": {"bottle": "no", "fee": "no", "wheelchair": "no", "kind": "fountain", "osm": "n8620996727"}}, {"type": "Feature", "geometry": {"type": "Point", "coordinates": [22.154905, 40.29782]}, "properties": {"kind": "spring", "osm": "n8626777333"}}, {"type": "Feature", "geometry": {"type": "Point", "coordinates": [22.143511, 40.292705]}, "properties": {"kind": "fountain", "osm": "n8626777334"}}, {"type": "Feature", "geometry": {"type": "Point", "coordinates": [22.131398, 40.294408]}, "properties": {"kind": "fountain", "osm": "n8626777335"}}, {"type": "Feature", "geometry": {"type": "Point", "coordinates": [22.934526, 40.683867]}, "properties": {"kind": "tap", "osm": "n8633172916"}}, {"type": "Feature", "geometry": {"type": "Point", "coordinates": [24.103745, 38.631348]}, "properties": {"kind": "tap", "osm": "n8643112996"}}, {"type": "Feature", "geometry": {"type": "Point", "coordinates": [22.53555, 39.622591]}, "properties": {"kind": "fountain", "osm": "n8671061732"}}, {"type": "Feature", "geometry": {"type": "Point", "coordinates": [21.820787, 36.893446]}, "properties": {"kind": "spring", "osm": "n8671800320"}}, {"type": "Feature", "geometry": {"type": "Point", "coordinates": [24.411964, 41.003555]}, "properties": {"name": "Νερόμυλος", "name:el": "Νερόμυλος", "name:en": "Neromylos", "kind": "fountain", "osm": "n8697285318"}}, {"type": "Feature", "geometry": {"type": "Point", "coordinates": [23.733345, 37.914653]}, "properties": {"drinking_water": "yes", "access": "yes", "kind": "tap", "osm": "n8703251644"}}, {"type": "Feature", "geometry": {"type": "Point", "coordinates": [25.400652, 37.096091]}, "properties": {"kind": "fountain", "osm": "n8710424769"}}, {"type": "Feature", "geometry": {"type": "Point", "coordinates": [25.400742, 37.096615]}, "properties": {"kind": "fountain", "osm": "n8710424770"}}, {"type": "Feature", "geometry": {"type": "Point", "coordinates": [25.399175, 37.097562]}, "properties": {"kind": "fountain", "osm": "n8710424771"}}, {"type": "Feature", "geometry": {"type": "Point", "coordinates": [24.200275, 38.210211]}, "properties": {"kind": "spring", "osm": "n8712377573"}}, {"type": "Feature", "geometry": {"type": "Point", "coordinates": [24.245867, 38.218571]}, "properties": {"drinking_water": "yes", "kind": "spring", "osm": "n8712459717"}}, {"type": "Feature", "geometry": {"type": "Point", "coordinates": [23.131783, 39.417051]}, "properties": {"fee": "no", "access": "yes", "seasonal": "no", "kind": "fountain", "osm": "n8726409231"}}, {"type": "Feature", "geometry": {"type": "Point", "coordinates": [23.75208, 37.980467]}, "properties": {"bottle": "yes", "fee": "no", "opening_hours": "24/7", "kind": "fountain", "osm": "n8734968520"}}, {"type": "Feature", "geometry": {"type": "Point", "coordinates": [23.676609, 40.75598]}, "properties": {"kind": "fountain", "osm": "n8738122832"}}, {"type": "Feature", "geometry": {"type": "Point", "coordinates": [23.678395, 40.749044]}, "properties": {"kind": "fountain", "osm": "n8738124436"}}, {"type": "Feature", "geometry": {"type": "Point", "coordinates": [25.400996, 37.097064]}, "properties": {"kind": "fountain", "osm": "n8742912476"}}, {"type": "Feature", "geometry": {"type": "Point", "coordinates": [22.264595, 40.245753]}, "properties": {"drinking_water": "yes", "kind": "tap", "osm": "n8753457225"}}, {"type": "Feature", "geometry": {"type": "Point", "coordinates": [22.271541, 40.246667]}, "properties": {"kind": "tap", "osm": "n8753457226"}}, {"type": "Feature", "geometry": {"type": "Point", "coordinates": [23.517761, 38.7005]}, "properties": {"kind": "spring", "osm": "n8754299041"}}, {"type": "Feature", "geometry": {"type": "Point", "coordinates": [22.410522, 36.929266]}, "properties": {"drinking_water": "yes", "kind": "fountain", "osm": "n8756023960"}}, {"type": "Feature", "geometry": {"type": "Point", "coordinates": [22.407602, 36.947138]}, "properties": {"drinking_water": "yes", "kind": "fountain", "osm": "n8756054328"}}, {"type": "Feature", "geometry": {"type": "Point", "coordinates": [22.487736, 37.673468]}, "properties": {"fee": "no", "kind": "fountain", "osm": "n8766466922"}}, {"type": "Feature", "geometry": {"type": "Point", "coordinates": [25.935931, 39.130751]}, "properties": {"kind": "fountain", "osm": "n8770317437"}}, {"type": "Feature", "geometry": {"type": "Point", "coordinates": [22.063059, 40.556073]}, "properties": {"kind": "fountain", "osm": "n8786228175"}}, {"type": "Feature", "geometry": {"type": "Point", "coordinates": [22.057057, 40.562358]}, "properties": {"wheelchair": "no", "kind": "fountain", "osm": "n8786228176"}}, {"type": "Feature", "geometry": {"type": "Point", "coordinates": [21.494828, 40.645326]}, "properties": {"kind": "fountain", "osm": "n8804829278"}}, {"type": "Feature", "geometry": {"type": "Point", "coordinates": [20.758678, 39.8852]}, "properties": {"kind": "fountain", "osm": "n8828992222"}}, {"type": "Feature", "geometry": {"type": "Point", "coordinates": [24.730856, 36.97345]}, "properties": {"kind": "fountain", "osm": "n8836896016"}}, {"type": "Feature", "geometry": {"type": "Point", "coordinates": [21.687468, 37.367886]}, "properties": {"kind": "fountain", "osm": "n8837742076"}}, {"type": "Feature", "geometry": {"type": "Point", "coordinates": [22.102351, 37.024521]}, "properties": {"kind": "fountain", "osm": "n8837745899"}}, {"type": "Feature", "geometry": {"type": "Point", "coordinates": [22.782932, 37.371384]}, "properties": {"kind": "fountain", "osm": "n8837784641"}}, {"type": "Feature", "geometry": {"type": "Point", "coordinates": [22.110177, 37.02926]}, "properties": {"kind": "fountain", "osm": "n8837787138"}}, {"type": "Feature", "geometry": {"type": "Point", "coordinates": [21.316603, 37.647933]}, "properties": {"kind": "fountain", "osm": "n8837787970"}}, {"type": "Feature", "geometry": {"type": "Point", "coordinates": [21.688901, 37.36511]}, "properties": {"description": "drinkable to be verified", "kind": "fountain", "osm": "n8837790177"}}, {"type": "Feature", "geometry": {"type": "Point", "coordinates": [20.645087, 38.632245]}, "properties": {"kind": "tap", "osm": "n8837793336"}}, {"type": "Feature", "geometry": {"type": "Point", "coordinates": [23.151777, 39.422721]}, "properties": {"name": "Καλοέρ", "kind": "spring", "osm": "n8857930680"}}, {"type": "Feature", "geometry": {"type": "Point", "coordinates": [22.661926, 40.838237]}, "properties": {"kind": "tap", "osm": "n8860081077"}}, {"type": "Feature", "geometry": {"type": "Point", "coordinates": [22.730678, 39.401365]}, "properties": {"kind": "fountain", "osm": "n8860604617"}}, {"type": "Feature", "geometry": {"type": "Point", "coordinates": [23.121225, 39.453801]}, "properties": {"kind": "fountain", "osm": "n8869457184"}}, {"type": "Feature", "geometry": {"type": "Point", "coordinates": [23.128555, 39.449168]}, "properties": {"kind": "fountain", "osm": "n8869464458"}}, {"type": "Feature", "geometry": {"type": "Point", "coordinates": [23.420904, 40.493904]}, "properties": {"fee": "no", "wheelchair": "no", "kind": "fountain", "osm": "n8883394117"}}, {"type": "Feature", "geometry": {"type": "Point", "coordinates": [27.947975, 36.284942]}, "properties": {"drinking_water": "yes", "kind": "spring", "osm": "n8888184414"}}, {"type": "Feature", "geometry": {"type": "Point", "coordinates": [25.818221, 36.781838]}, "properties": {"name": "Paralia Ammoudi", "name:en": "Ammoudi beach", "kind": "spring", "osm": "n8888544017"}}, {"type": "Feature", "geometry": {"type": "Point", "coordinates": [23.517187, 40.9878]}, "properties": {"kind": "fountain", "osm": "n8889730817"}}, {"type": "Feature", "geometry": {"type": "Point", "coordinates": [21.72402, 37.816196]}, "properties": {"drinking_water": "yes", "kind": "spring", "osm": "n8890563017"}}, {"type": "Feature", "geometry": {"type": "Point", "coordinates": [26.383838, 41.269931]}, "properties": {"access": "yes", "kind": "fountain", "osm": "n8895759223"}}, {"type": "Feature", "geometry": {"type": "Point", "coordinates": [26.383151, 41.270108]}, "properties": {"access": "yes", "kind": "fountain", "osm": "n8895759224"}}, {"type": "Feature", "geometry": {"type": "Point", "coordinates": [26.382487, 41.269626]}, "properties": {"access": "yes", "operator": "Church", "wheelchair": "yes", "kind": "fountain", "osm": "n8895858667"}}, {"type": "Feature", "geometry": {"type": "Point", "coordinates": [23.738594, 37.973316]}, "properties": {"bottle": "yes", "fee": "no", "opening_hours": "24/7", "kind": "fountain", "osm": "n8898634609"}}, {"type": "Feature", "geometry": {"type": "Point", "coordinates": [23.739156, 37.973179]}, "properties": {"bottle": "no", "fee": "no", "opening_hours": "24/7", "kind": "fountain", "osm": "n8898740566"}}, {"type": "Feature", "geometry": {"type": "Point", "coordinates": [20.685561, 38.656358]}, "properties": {"kind": "fountain", "osm": "n8909873417"}}, {"type": "Feature", "geometry": {"type": "Point", "coordinates": [26.386089, 41.272324]}, "properties": {"name": "Βρυση", "drinking_water": "yes", "access": "yes", "operator": "Public Property", "kind": "fountain", "osm": "n8917011060"}}, {"type": "Feature", "geometry": {"type": "Point", "coordinates": [23.214811, 40.694486]}, "properties": {"kind": "fountain", "osm": "n8917029139"}}, {"type": "Feature", "geometry": {"type": "Point", "coordinates": [22.461333, 40.072363]}, "properties": {"name": "Σκανδαλιάρα", "kind": "spring", "osm": "n8922881602"}}, {"type": "Feature", "geometry": {"type": "Point", "coordinates": [26.007891, 39.130163]}, "properties": {"kind": "fountain", "osm": "n8927686446"}}, {"type": "Feature", "geometry": {"type": "Point", "coordinates": [26.21046, 39.205612]}, "properties": {"fee": "no", "access": "yes", "wheelchair": "yes", "kind": "fountain", "osm": "n8927688353"}}, {"type": "Feature", "geometry": {"type": "Point", "coordinates": [26.563366, 39.105033]}, "properties": {"kind": "fountain", "osm": "n8927693181"}}, {"type": "Feature", "geometry": {"type": "Point", "coordinates": [22.756571, 39.003609]}, "properties": {"kind": "fountain", "osm": "n8930226911"}}, {"type": "Feature", "geometry": {"type": "Point", "coordinates": [24.959506, 41.062131]}, "properties": {"kind": "fountain", "osm": "n8930378874"}}, {"type": "Feature", "geometry": {"type": "Point", "coordinates": [21.710945, 40.209193]}, "properties": {"kind": "fountain", "osm": "n8932365971"}}, {"type": "Feature", "geometry": {"type": "Point", "coordinates": [25.210431, 41.037177]}, "properties": {"kind": "fountain", "osm": "n8932907200"}}, {"type": "Feature", "geometry": {"type": "Point", "coordinates": [23.128273, 39.401712]}, "properties": {"name": "Πηγή Νταϊμάκη", "kind": "spring", "osm": "n8940704253"}}, {"type": "Feature", "geometry": {"type": "Point", "coordinates": [21.442775, 40.673218]}, "properties": {"kind": "fountain", "osm": "n8941076519"}}, {"type": "Feature", "geometry": {"type": "Point", "coordinates": [22.412636, 38.018823]}, "properties": {"kind": "spring", "osm": "n8941349268"}}, {"type": "Feature", "geometry": {"type": "Point", "coordinates": [26.385658, 41.269226]}, "properties": {"fee": "no", "access": "yes", "kind": "fountain", "osm": "n8943246437"}}, {"type": "Feature", "geometry": {"type": "Point", "coordinates": [26.326182, 41.26146]}, "properties": {"bottle": "no", "fee": "no", "access": "yes", "wheelchair": "yes", "kind": "fountain", "osm": "n8943488178"}}, {"type": "Feature", "geometry": {"type": "Point", "coordinates": [22.654097, 38.626323]}, "properties": {"kind": "spring", "osm": "n8943829495"}}, {"type": "Feature", "geometry": {"type": "Point", "coordinates": [27.937333, 36.25577]}, "properties": {"kind": "spring", "osm": "n8944845724"}}, {"type": "Feature", "geometry": {"type": "Point", "coordinates": [27.974793, 36.261889]}, "properties": {"kind": "spring", "osm": "n8944851999"}}, {"type": "Feature", "geometry": {"type": "Point", "coordinates": [28.076809, 36.2653]}, "properties": {"drinking_water": "yes", "kind": "spring", "osm": "n8944868903"}}, {"type": "Feature", "geometry": {"type": "Point", "coordinates": [25.85132, 39.211665]}, "properties": {"kind": "fountain", "osm": "n8945172937"}}, {"type": "Feature", "geometry": {"type": "Point", "coordinates": [21.083418, 40.436575]}, "properties": {"kind": "fountain", "osm": "n8946194755"}}, {"type": "Feature", "geometry": {"type": "Point", "coordinates": [21.082728, 40.436226]}, "properties": {"kind": "fountain", "osm": "n8946194758"}}, {"type": "Feature", "geometry": {"type": "Point", "coordinates": [28.143353, 36.399635]}, "properties": {"kind": "tap", "osm": "n8951722897"}}, {"type": "Feature", "geometry": {"type": "Point", "coordinates": [28.143339, 36.398954]}, "properties": {"kind": "tap", "osm": "n8951744012"}}, {"type": "Feature", "geometry": {"type": "Point", "coordinates": [26.326156, 41.261948]}, "properties": {"bottle": "no", "fee": "no", "access": "yes", "wheelchair": "yes", "kind": "fountain", "osm": "n8957562184"}}, {"type": "Feature", "geometry": {"type": "Point", "coordinates": [28.149806, 36.23575]}, "properties": {"kind": "tap", "osm": "n8960245095"}}, {"type": "Feature", "geometry": {"type": "Point", "coordinates": [22.450791, 37.139883]}, "properties": {"kind": "tap", "osm": "n8960286760"}}, {"type": "Feature", "geometry": {"type": "Point", "coordinates": [22.262316, 38.632964]}, "properties": {"kind": "tap", "osm": "n8960286761"}}, {"type": "Feature", "geometry": {"type": "Point", "coordinates": [21.151289, 39.566887]}, "properties": {"kind": "fountain", "osm": "n8960286785"}}, {"type": "Feature", "geometry": {"type": "Point", "coordinates": [21.025242, 40.081569]}, "properties": {"kind": "tap", "osm": "n8960286786"}}, {"type": "Feature", "geometry": {"type": "Point", "coordinates": [22.448491, 37.441821]}, "properties": {"kind": "tap", "osm": "n8960288828"}}, {"type": "Feature", "geometry": {"type": "Point", "coordinates": [22.370548, 37.052625]}, "properties": {"kind": "tap", "osm": "n8960288829"}}, {"type": "Feature", "geometry": {"type": "Point", "coordinates": [21.430432, 39.3186]}, "properties": {"kind": "tap", "osm": "n8960289173"}}, {"type": "Feature", "geometry": {"type": "Point", "coordinates": [22.177184, 37.814718]}, "properties": {"kind": "fountain", "osm": "n8960293100"}}, {"type": "Feature", "geometry": {"type": "Point", "coordinates": [21.152163, 39.613675]}, "properties": {"kind": "spring", "osm": "n8960293103"}}, {"type": "Feature", "geometry": {"type": "Point", "coordinates": [22.259267, 36.905964]}, "properties": {"drinking_water": "yes", "kind": "point", "osm": "n8960293962"}}, {"type": "Feature", "geometry": {"type": "Point", "coordinates": [20.915927, 40.21465]}, "properties": {"kind": "tap", "osm": "n8960293964"}}, {"type": "Feature", "geometry": {"type": "Point", "coordinates": [21.558126, 39.21678]}, "properties": {"kind": "spring", "osm": "n8960296555"}}, {"type": "Feature", "geometry": {"type": "Point", "coordinates": [21.256692, 39.570683]}, "properties": {"drinking_water": "yes", "kind": "point", "osm": "n8960296556"}}, {"type": "Feature", "geometry": {"type": "Point", "coordinates": [22.260794, 38.657447]}, "properties": {"kind": "spring", "osm": "n8960297754"}}, {"type": "Feature", "geometry": {"type": "Point", "coordinates": [22.383542, 36.846619]}, "properties": {"kind": "spring", "osm": "n8960298965"}}, {"type": "Feature", "geometry": {"type": "Point", "coordinates": [22.587243, 37.319801]}, "properties": {"kind": "spring", "osm": "n8960299096"}}, {"type": "Feature", "geometry": {"type": "Point", "coordinates": [22.36404, 36.840206]}, "properties": {"kind": "tap", "osm": "n8960299097"}}, {"type": "Feature", "geometry": {"type": "Point", "coordinates": [22.196493, 37.790955]}, "properties": {"kind": "tap", "osm": "n8960300324"}}, {"type": "Feature", "geometry": {"type": "Point", "coordinates": [22.541767, 37.24608]}, "properties": {"kind": "tap", "osm": "n8960300326"}}, {"type": "Feature", "geometry": {"type": "Point", "coordinates": [21.113795, 39.875193]}, "properties": {"kind": "spring", "osm": "n8960300328"}}, {"type": "Feature", "geometry": {"type": "Point", "coordinates": [22.45139, 37.15394]}, "properties": {"kind": "tap", "osm": "n8960301143"}}, {"type": "Feature", "geometry": {"type": "Point", "coordinates": [21.635285, 39.013228]}, "properties": {"kind": "spring", "osm": "n8960301144"}}, {"type": "Feature", "geometry": {"type": "Point", "coordinates": [21.028108, 40.07397]}, "properties": {"kind": "spring", "osm": "n8960301146"}}, {"type": "Feature", "geometry": {"type": "Point", "coordinates": [20.899445, 40.266521]}, "properties": {"kind": "tap", "osm": "n8960301147"}}, {"type": "Feature", "geometry": {"type": "Point", "coordinates": [22.582113, 37.327976]}, "properties": {"kind": "tap", "osm": "n8960303423"}}, {"type": "Feature", "geometry": {"type": "Point", "coordinates": [22.360633, 36.94131]}, "properties": {"kind": "tap", "osm": "n8960303424"}}, {"type": "Feature", "geometry": {"type": "Point", "coordinates": [21.605106, 39.05464]}, "properties": {"kind": "tap", "osm": "n8960303426"}}, {"type": "Feature", "geometry": {"type": "Point", "coordinates": [22.551593, 37.245244]}, "properties": {"drinking_water": "yes", "kind": "point", "osm": "n8960307295"}}, {"type": "Feature", "geometry": {"type": "Point", "coordinates": [22.301349, 38.624664]}, "properties": {"kind": "spring", "osm": "n8960307296"}}, {"type": "Feature", "geometry": {"type": "Point", "coordinates": [21.129315, 39.671363]}, "properties": {"kind": "spring", "osm": "n8960310623"}}, {"type": "Feature", "geometry": {"type": "Point", "coordinates": [20.948316, 40.09342]}, "properties": {"kind": "spring", "osm": "n8960310769"}}, {"type": "Feature", "geometry": {"type": "Point", "coordinates": [20.873528, 39.680236]}, "properties": {"kind": "tap", "osm": "n8963108547"}}, {"type": "Feature", "geometry": {"type": "Point", "coordinates": [27.772096, 35.951951]}, "properties": {"kind": "tap", "osm": "n8963664266"}}, {"type": "Feature", "geometry": {"type": "Point", "coordinates": [22.123518, 38.799237]}, "properties": {"name": "Άι Γιάννης", "kind": "tap", "osm": "n8964026523"}}, {"type": "Feature", "geometry": {"type": "Point", "coordinates": [21.685715, 37.371614]}, "properties": {"kind": "fountain", "osm": "n8974401044"}}, {"type": "Feature", "geometry": {"type": "Point", "coordinates": [25.237799, 37.122886]}, "properties": {"drinking_water": "yes", "bottle": "yes", "access": "yes", "description": "in Naousa", "wheelchair": "yes", "dog": "no", "kind": "tap", "osm": "n8976677154"}}, {"type": "Feature", "geometry": {"type": "Point", "coordinates": [25.276555, 37.131491]}, "properties": {"kind": "tap", "osm": "n8976677164"}}, {"type": "Feature", "geometry": {"type": "Point", "coordinates": [21.922028, 39.355319]}, "properties": {"kind": "fountain", "osm": "n8982521871"}}, {"type": "Feature", "geometry": {"type": "Point", "coordinates": [23.824796, 40.78102]}, "properties": {"kind": "fountain", "osm": "n8982636617"}}, {"type": "Feature", "geometry": {"type": "Point", "coordinates": [21.016784, 40.47359]}, "properties": {"wheelchair": "yes", "kind": "fountain", "osm": "n8987465462"}}, {"type": "Feature", "geometry": {"type": "Point", "coordinates": [22.972815, 39.500209]}, "properties": {"kind": "tap", "osm": "n8991116903"}}, {"type": "Feature", "geometry": {"type": "Point", "coordinates": [22.99428, 39.516716]}, "properties": {"kind": "tap", "osm": "n8991369447"}}, {"type": "Feature", "geometry": {"type": "Point", "coordinates": [22.993477, 39.514416]}, "properties": {"kind": "tap", "osm": "n8991369449"}}, {"type": "Feature", "geometry": {"type": "Point", "coordinates": [21.97003, 38.822243]}, "properties": {"kind": "fountain", "osm": "n8998545112"}}, {"type": "Feature", "geometry": {"type": "Point", "coordinates": [21.872378, 38.395406]}, "properties": {"kind": "fountain", "osm": "n8998545113"}}, {"type": "Feature", "geometry": {"type": "Point", "coordinates": [22.143691, 38.947167]}, "properties": {"kind": "fountain", "osm": "n8998605701"}}, {"type": "Feature", "geometry": {"type": "Point", "coordinates": [22.165643, 38.971893]}, "properties": {"kind": "fountain", "osm": "n8998608186"}}, {"type": "Feature", "geometry": {"type": "Point", "coordinates": [21.973016, 38.834569]}, "properties": {"kind": "fountain", "osm": "n8998608829"}}, {"type": "Feature", "geometry": {"type": "Point", "coordinates": [21.970064, 38.551125]}, "properties": {"kind": "fountain", "osm": "n8998613250"}}, {"type": "Feature", "geometry": {"type": "Point", "coordinates": [22.017341, 38.668655]}, "properties": {"kind": "fountain", "osm": "n8998615124"}}, {"type": "Feature", "geometry": {"type": "Point", "coordinates": [21.935938, 39.295982]}, "properties": {"kind": "fountain", "osm": "n8998615391"}}, {"type": "Feature", "geometry": {"type": "Point", "coordinates": [22.035847, 38.605157]}, "properties": {"kind": "fountain", "osm": "n8998615465"}}, {"type": "Feature", "geometry": {"type": "Point", "coordinates": [21.978334, 38.588281]}, "properties": {"kind": "fountain", "osm": "n8998615466"}}, {"type": "Feature", "geometry": {"type": "Point", "coordinates": [21.974875, 38.879542]}, "properties": {"kind": "fountain", "osm": "n8998622720"}}, {"type": "Feature", "geometry": {"type": "Point", "coordinates": [23.100174, 38.372996]}, "properties": {"kind": "fountain", "osm": "n8998622721"}}, {"type": "Feature", "geometry": {"type": "Point", "coordinates": [22.182334, 39.066251]}, "properties": {"kind": "fountain", "osm": "n8998622914"}}, {"type": "Feature", "geometry": {"type": "Point", "coordinates": [21.208224, 40.148377]}, "properties": {"kind": "fountain", "osm": "n8998977254"}}, {"type": "Feature", "geometry": {"type": "Point", "coordinates": [25.376472, 37.105164]}, "properties": {"fee": "no", "kind": "fountain", "osm": "n9001789465"}}, {"type": "Feature", "geometry": {"type": "Point", "coordinates": [21.259336, 39.567569]}, "properties": {"drinking_water": "yes", "access": "yes", "kind": "point", "osm": "n9003499435"}}, {"type": "Feature", "geometry": {"type": "Point", "coordinates": [21.259189, 39.568702]}, "properties": {"drinking_water": "yes", "access": "yes", "kind": "point", "osm": "n9003499436"}}, {"type": "Feature", "geometry": {"type": "Point", "coordinates": [26.336222, 39.310195]}, "properties": {"kind": "fountain", "osm": "n9003509798"}}, {"type": "Feature", "geometry": {"type": "Point", "coordinates": [21.258746, 39.568386]}, "properties": {"drinking_water": "yes", "access": "yes", "kind": "point", "osm": "n9003511967"}}, {"type": "Feature", "geometry": {"type": "Point", "coordinates": [21.264098, 39.566784]}, "properties": {"drinking_water": "yes", "access": "yes", "kind": "point", "osm": "n9003511970"}}, {"type": "Feature", "geometry": {"type": "Point", "coordinates": [21.271192, 39.569626]}, "properties": {"drinking_water": "yes", "access": "yes", "kind": "point", "osm": "n9003515243"}}, {"type": "Feature", "geometry": {"type": "Point", "coordinates": [21.563717, 38.972522]}, "properties": {"drinking_water": "yes", "kind": "spring", "osm": "n9003640535"}}, {"type": "Feature", "geometry": {"type": "Point", "coordinates": [21.795899, 38.917566]}, "properties": {"name": "Νερό", "kind": "tap", "osm": "n9003643373"}}, {"type": "Feature", "geometry": {"type": "Point", "coordinates": [21.650675, 38.87377]}, "properties": {"name": "Πηγή Τσαγκαράλωνας Έργο Αγάπης ΔΩΡΕΑ Φώτης Αποστολόπουλος", "kind": "spring", "osm": "n9003651834"}}, {"type": "Feature", "geometry": {"type": "Point", "coordinates": [22.12798, 37.801164]}, "properties": {"kind": "tap", "osm": "n9004221486"}}, {"type": "Feature", "geometry": {"type": "Point", "coordinates": [27.067247, 36.789712]}, "properties": {"kind": "tap", "osm": "n9004812717"}}, {"type": "Feature", "geometry": {"type": "Point", "coordinates": [26.172485, 39.325829]}, "properties": {"kind": "fountain", "osm": "n9006507917"}}, {"type": "Feature", "geometry": {"type": "Point", "coordinates": [21.137306, 40.126821]}, "properties": {"kind": "fountain", "osm": "n9006803293"}}, {"type": "Feature", "geometry": {"type": "Point", "coordinates": [23.438697, 40.099579]}, "properties": {"kind": "tap", "osm": "n9008070117"}}, {"type": "Feature", "geometry": {"type": "Point", "coordinates": [21.791283, 38.602297]}, "properties": {"name": "Η μεγάλη βρύση", "bottle": "yes", "fee": "no", "access": "yes", "kind": "fountain", "osm": "n9008162794"}}, {"type": "Feature", "geometry": {"type": "Point", "coordinates": [21.793385, 38.598194]}, "properties": {"name": "Βρύση Βλαστάρη", "bottle": "yes", "access": "yes", "kind": "fountain", "osm": "n9008284982"}}, {"type": "Feature", "geometry": {"type": "Point", "coordinates": [21.284462, 40.170257]}, "properties": {"kind": "fountain", "osm": "n9010200808"}}, {"type": "Feature", "geometry": {"type": "Point", "coordinates": [21.282396, 40.173038]}, "properties": {"kind": "fountain", "osm": "n9010264563"}}, {"type": "Feature", "geometry": {"type": "Point", "coordinates": [26.331626, 39.098326]}, "properties": {"kind": "fountain", "osm": "n9013878867"}}, {"type": "Feature", "geometry": {"type": "Point", "coordinates": [21.089354, 40.118971]}, "properties": {"kind": "spring", "osm": "n9014167487"}}, {"type": "Feature", "geometry": {"type": "Point", "coordinates": [22.258637, 40.487072]}, "properties": {"kind": "spring", "osm": "n9015297404"}}, {"type": "Feature", "geometry": {"type": "Point", "coordinates": [22.215691, 40.510244]}, "properties": {"kind": "spring", "osm": "n9015379928"}}, {"type": "Feature", "geometry": {"type": "Point", "coordinates": [21.146259, 38.658515]}, "properties": {"kind": "fountain", "osm": "n9016341482"}}, {"type": "Feature", "geometry": {"type": "Point", "coordinates": [23.794708, 38.019886]}, "properties": {"kind": "fountain", "osm": "n9020755152"}}, {"type": "Feature", "geometry": {"type": "Point", "coordinates": [21.234772, 40.193139]}, "properties": {"kind": "fountain", "osm": "n9020786300"}}, {"type": "Feature", "geometry": {"type": "Point", "coordinates": [21.085775, 40.63676]}, "properties": {"kind": "fountain", "osm": "n9021727396"}}, {"type": "Feature", "geometry": {"type": "Point", "coordinates": [21.206976, 40.210513]}, "properties": {"kind": "fountain", "osm": "n9022191025"}}, {"type": "Feature", "geometry": {"type": "Point", "coordinates": [24.026724, 35.411714]}, "properties": {"bottle": "yes", "access": "yes", "wheelchair": "yes", "kind": "fountain", "osm": "n9022245979"}}, {"type": "Feature", "geometry": {"type": "Point", "coordinates": [24.424048, 35.171368]}, "properties": {"bottle": "yes", "access": "yes", "description": "taverna-reception ⇾", "wheelchair": "yes", "kind": "fountain", "osm": "n9022256400"}}, {"type": "Feature", "geometry": {"type": "Point", "coordinates": [21.738154, 37.276963]}, "properties": {"kind": "spring", "osm": "n9022921081"}}, {"type": "Feature", "geometry": {"type": "Point", "coordinates": [21.91967, 37.173725]}, "properties": {"drinking_water": "yes", "kind": "fountain", "osm": "n9024774744"}}, {"type": "Feature", "geometry": {"type": "Point", "coordinates": [21.231493, 40.192946]}, "properties": {"kind": "fountain", "osm": "n9024844327"}}, {"type": "Feature", "geometry": {"type": "Point", "coordinates": [21.230534, 40.192276]}, "properties": {"kind": "fountain", "osm": "n9024844328"}}, {"type": "Feature", "geometry": {"type": "Point", "coordinates": [21.230684, 40.192082]}, "properties": {"kind": "fountain", "osm": "n9024844329"}}, {"type": "Feature", "geometry": {"type": "Point", "coordinates": [21.020965, 40.222047]}, "properties": {"kind": "spring", "osm": "n9025823274"}}, {"type": "Feature", "geometry": {"type": "Point", "coordinates": [24.645401, 40.700617]}, "properties": {"kind": "fountain", "osm": "n9026160942"}}, {"type": "Feature", "geometry": {"type": "Point", "coordinates": [21.217339, 40.145955]}, "properties": {"kind": "spring", "osm": "n9026276587"}}, {"type": "Feature", "geometry": {"type": "Point", "coordinates": [21.210223, 40.150559]}, "properties": {"name": "Σιοπουτούρα", "kind": "spring", "osm": "n9026279182"}}, {"type": "Feature", "geometry": {"type": "Point", "coordinates": [21.211301, 40.146864]}, "properties": {"kind": "fountain", "osm": "n9026284580"}}, {"type": "Feature", "geometry": {"type": "Point", "coordinates": [20.651859, 39.75735]}, "properties": {"kind": "fountain", "osm": "n9026810366"}}, {"type": "Feature", "geometry": {"type": "Point", "coordinates": [21.227318, 40.136861]}, "properties": {"kind": "fountain", "osm": "n9032455381"}}, {"type": "Feature", "geometry": {"type": "Point", "coordinates": [20.648915, 39.751951]}, "properties": {"kind": "fountain", "osm": "n9034115419"}}, {"type": "Feature", "geometry": {"type": "Point", "coordinates": [20.955084, 38.862387]}, "properties": {"name": "Πηγές Κορπής Μοναστηρακίου", "drinking_water": "yes", "kind": "spring", "osm": "n9034628695"}}, {"type": "Feature", "geometry": {"type": "Point", "coordinates": [21.035466, 39.899962]}, "properties": {"access": "yes", "wheelchair": "limited", "kind": "fountain", "osm": "n9035064352"}}, {"type": "Feature", "geometry": {"type": "Point", "coordinates": [21.187125, 40.202006]}, "properties": {"kind": "fountain", "osm": "n9037287070"}}, {"type": "Feature", "geometry": {"type": "Point", "coordinates": [21.187644, 40.201574]}, "properties": {"kind": "fountain", "osm": "n9037439979"}}, {"type": "Feature", "geometry": {"type": "Point", "coordinates": [21.504435, 39.444773]}, "properties": {"kind": "spring", "osm": "n9038753484"}}, {"type": "Feature", "geometry": {"type": "Point", "coordinates": [21.40824, 39.448221]}, "properties": {"kind": "spring", "osm": "n9038754951"}}, {"type": "Feature", "geometry": {"type": "Point", "coordinates": [21.398838, 39.450192]}, "properties": {"kind": "spring", "osm": "n9038762166"}}, {"type": "Feature", "geometry": {"type": "Point", "coordinates": [21.412386, 39.44372]}, "properties": {"kind": "spring", "osm": "n9038785335"}}, {"type": "Feature", "geometry": {"type": "Point", "coordinates": [21.361603, 39.452865]}, "properties": {"kind": "spring", "osm": "n9038798291"}}, {"type": "Feature", "geometry": {"type": "Point", "coordinates": [21.331427, 39.469379]}, "properties": {"kind": "spring", "osm": "n9038824352"}}, {"type": "Feature", "geometry": {"type": "Point", "coordinates": [21.325175, 39.473994]}, "properties": {"kind": "spring", "osm": "n9038875163"}}, {"type": "Feature", "geometry": {"type": "Point", "coordinates": [24.762102, 40.707972]}, "properties": {"drinking_water": "yes", "access": "yes", "kind": "fountain", "osm": "n9040317636"}}, {"type": "Feature", "geometry": {"type": "Point", "coordinates": [24.740689, 40.732499]}, "properties": {"drinking_water": "yes", "kind": "fountain", "osm": "n9040340412"}}, {"type": "Feature", "geometry": {"type": "Point", "coordinates": [22.415597, 38.552199]}, "properties": {"drinking_water": "yes", "kind": "spring", "osm": "n9047388509"}}, {"type": "Feature", "geometry": {"type": "Point", "coordinates": [24.48876, 41.268191]}, "properties": {"kind": "tap", "osm": "n9049228279"}}, {"type": "Feature", "geometry": {"type": "Point", "coordinates": [24.476458, 41.515232]}, "properties": {"name": "Βρύση Ζωγράφου", "kind": "fountain", "osm": "n9049228295"}}, {"type": "Feature", "geometry": {"type": "Point", "coordinates": [22.200058, 38.946215]}, "properties": {"kind": "fountain", "osm": "n9049975416"}}, {"type": "Feature", "geometry": {"type": "Point", "coordinates": [23.727316, 37.969106]}, "properties": {"kind": "fountain", "osm": "n9056993318"}}, {"type": "Feature", "geometry": {"type": "Point", "coordinates": [21.572346, 39.915225]}, "properties": {"kind": "fountain", "osm": "n9061793951"}}, {"type": "Feature", "geometry": {"type": "Point", "coordinates": [21.50591, 39.981166]}, "properties": {"kind": "fountain", "osm": "n9061975138"}}, {"type": "Feature", "geometry": {"type": "Point", "coordinates": [24.790893, 41.302791]}, "properties": {"kind": "fountain", "osm": "n9069880464"}}, {"type": "Feature", "geometry": {"type": "Point", "coordinates": [24.792154, 41.300987]}, "properties": {"kind": "fountain", "osm": "n9069880465"}}, {"type": "Feature", "geometry": {"type": "Point", "coordinates": [20.906224, 39.169381]}, "properties": {"kind": "tap", "osm": "n9073287117"}}, {"type": "Feature", "geometry": {"type": "Point", "coordinates": [21.164203, 38.851321]}, "properties": {"kind": "tap", "osm": "n9075837317"}}, {"type": "Feature", "geometry": {"type": "Point", "coordinates": [24.925063, 34.93157]}, "properties": {"kind": "tap", "osm": "n9076882841"}}, {"type": "Feature", "geometry": {"type": "Point", "coordinates": [25.075931, 37.604508]}, "properties": {"kind": "spring", "osm": "n9082388878"}}, {"type": "Feature", "geometry": {"type": "Point", "coordinates": [24.509003, 41.518081]}, "properties": {"name": "Νερό", "kind": "fountain", "osm": "n9084303312"}}, {"type": "Feature", "geometry": {"type": "Point", "coordinates": [24.484886, 41.518916]}, "properties": {"name": "Πηγή", "kind": "fountain", "osm": "n9084303316"}}, {"type": "Feature", "geometry": {"type": "Point", "coordinates": [24.505236, 41.505986]}, "properties": {"kind": "fountain", "osm": "n9084410044"}}, {"type": "Feature", "geometry": {"type": "Point", "coordinates": [24.495712, 41.508322]}, "properties": {"name": "Νερό", "kind": "fountain", "osm": "n9084410074"}}, {"type": "Feature", "geometry": {"type": "Point", "coordinates": [24.459938, 41.459228]}, "properties": {"name": "Πηγή", "kind": "spring", "osm": "n9084410114"}}, {"type": "Feature", "geometry": {"type": "Point", "coordinates": [22.340507, 38.158798]}, "properties": {"kind": "tap", "osm": "n9085600217"}}, {"type": "Feature", "geometry": {"type": "Point", "coordinates": [23.446803, 40.012741]}, "properties": {"drinking_water": "yes", "kind": "point", "osm": "n9087410543"}}, {"type": "Feature", "geometry": {"type": "Point", "coordinates": [23.410041, 40.000736]}, "properties": {"drinking_water": "yes", "kind": "spring", "osm": "n9087410550"}}, {"type": "Feature", "geometry": {"type": "Point", "coordinates": [21.427846, 40.075018]}, "properties": {"kind": "fountain", "osm": "n9094704074"}}, {"type": "Feature", "geometry": {"type": "Point", "coordinates": [24.716229, 40.718497]}, "properties": {"name": "Quellwasser", "kind": "fountain", "osm": "n9100647451"}}, {"type": "Feature", "geometry": {"type": "Point", "coordinates": [23.078142, 37.596954]}, "properties": {"kind": "tap", "osm": "n9101481617"}}, {"type": "Feature", "geometry": {"type": "Point", "coordinates": [24.720765, 41.325608]}, "properties": {"kind": "spring", "osm": "n9103608910"}}, {"type": "Feature", "geometry": {"type": "Point", "coordinates": [22.094859, 37.707418]}, "properties": {"name:en": "Water supply", "kind": "fountain", "osm": "n9107731617"}}, {"type": "Feature", "geometry": {"type": "Point", "coordinates": [22.098431, 37.705805]}, "properties": {"name:en": "Fountain", "kind": "fountain", "osm": "n9107732617"}}, {"type": "Feature", "geometry": {"type": "Point", "coordinates": [24.682302, 41.324555]}, "properties": {"name": "Νερό", "kind": "fountain", "osm": "n9110005351"}}, {"type": "Feature", "geometry": {"type": "Point", "coordinates": [24.761354, 41.271556]}, "properties": {"name": "Νερό", "kind": "fountain", "osm": "n9110013887"}}, {"type": "Feature", "geometry": {"type": "Point", "coordinates": [24.707065, 41.311591]}, "properties": {"name": "Νερό", "drinking_water": "yes", "kind": "fountain", "osm": "n9110015973"}}, {"type": "Feature", "geometry": {"type": "Point", "coordinates": [24.746442, 41.249516]}, "properties": {"name": "Νερό", "kind": "fountain", "osm": "n9110040117"}}, {"type": "Feature", "geometry": {"type": "Point", "coordinates": [24.790711, 35.032085]}, "properties": {"description": "Robinet sur la rue", "kind": "fountain", "osm": "n9116027297"}}, {"type": "Feature", "geometry": {"type": "Point", "coordinates": [24.822221, 35.152813]}, "properties": {"description": "Robinet sur la rue à côté d'un banc", "kind": "fountain", "osm": "n9116061688"}}, {"type": "Feature", "geometry": {"type": "Point", "coordinates": [24.822221, 35.152812]}, "properties": {"kind": "fountain", "osm": "n9116069260"}}, {"type": "Feature", "geometry": {"type": "Point", "coordinates": [24.914615, 35.165785]}, "properties": {"kind": "fountain", "osm": "n9116071046"}}, {"type": "Feature", "geometry": {"type": "Point", "coordinates": [23.726455, 37.974514]}, "properties": {"kind": "tap", "osm": "n9117426820"}}, {"type": "Feature", "geometry": {"type": "Point", "coordinates": [19.872379, 39.546454]}, "properties": {"kind": "fountain", "osm": "n9121307294"}}, {"type": "Feature", "geometry": {"type": "Point", "coordinates": [26.560276, 39.112454]}, "properties": {"kind": "fountain", "osm": "n9123904310"}}, {"type": "Feature", "geometry": {"type": "Point", "coordinates": [22.196105, 37.582932]}, "properties": {"kind": "fountain", "osm": "n9124962794"}}, {"type": "Feature", "geometry": {"type": "Point", "coordinates": [22.130003, 37.023514]}, "properties": {"kind": "fountain", "osm": "n9127138155"}}, {"type": "Feature", "geometry": {"type": "Point", "coordinates": [22.266787, 40.092647]}, "properties": {"name": "Ρούδι", "drinking_water": "yes", "kind": "spring", "osm": "n9130240627"}}, {"type": "Feature", "geometry": {"type": "Point", "coordinates": [23.553437, 40.469483]}, "properties": {"name": "Νερό", "kind": "fountain", "osm": "n9134745914"}}, {"type": "Feature", "geometry": {"type": "Point", "coordinates": [20.603567, 38.716948]}, "properties": {"kind": "fountain", "osm": "n9143476190"}}, {"type": "Feature", "geometry": {"type": "Point", "coordinates": [21.927411, 36.960533]}, "properties": {"kind": "fountain", "osm": "n9158265297"}}, {"type": "Feature", "geometry": {"type": "Point", "coordinates": [23.836206, 35.277497]}, "properties": {"description": "good water quality", "kind": "spring", "osm": "n9162296595"}}, {"type": "Feature", "geometry": {"type": "Point", "coordinates": [22.109824, 37.029821]}, "properties": {"access": "yes", "wheelchair": "yes", "kind": "fountain", "osm": "n9163144519"}}, {"type": "Feature", "geometry": {"type": "Point", "coordinates": [23.578105, 35.503215]}, "properties": {"kind": "fountain", "osm": "n9166666301"}}, {"type": "Feature", "geometry": {"type": "Point", "coordinates": [23.594966, 35.359755]}, "properties": {"kind": "fountain", "osm": "n9166699881"}}, {"type": "Feature", "geometry": {"type": "Point", "coordinates": [21.553777, 38.754051]}, "properties": {"name": "Καταρράκτης", "kind": "spring", "osm": "n9167015299"}}, {"type": "Feature", "geometry": {"type": "Point", "coordinates": [23.492409, 38.734413]}, "properties": {"kind": "fountain", "osm": "n9178800445"}}, {"type": "Feature", "geometry": {"type": "Point", "coordinates": [23.492912, 38.734754]}, "properties": {"kind": "fountain", "osm": "n9178835276"}}, {"type": "Feature", "geometry": {"type": "Point", "coordinates": [23.492567, 38.735078]}, "properties": {"kind": "fountain", "osm": "n9178835277"}}, {"type": "Feature", "geometry": {"type": "Point", "coordinates": [24.698309, 41.344257]}, "properties": {"kind": "fountain", "osm": "n9179390198"}}, {"type": "Feature", "geometry": {"type": "Point", "coordinates": [23.895143, 35.234664]}, "properties": {"drinking_water": "yes", "kind": "spring", "osm": "n9187474077"}}, {"type": "Feature", "geometry": {"type": "Point", "coordinates": [21.437188, 40.085569]}, "properties": {"kind": "fountain", "osm": "n9197001892"}}, {"type": "Feature", "geometry": {"type": "Point", "coordinates": [26.195973, 39.284889]}, "properties": {"name": "Πηγή Κλαπάδος", "kind": "spring", "osm": "n9199274904"}}, {"type": "Feature", "geometry": {"type": "Point", "coordinates": [25.607811, 40.866894]}, "properties": {"kind": "fountain", "osm": "n9203658324"}}, {"type": "Feature", "geometry": {"type": "Point", "coordinates": [25.605239, 40.867233]}, "properties": {"drinking_water": "yes", "kind": "tap", "osm": "n9203664160"}}, {"type": "Feature", "geometry": {"type": "Point", "coordinates": [22.475597, 38.469071]}, "properties": {"kind": "fountain", "osm": "n9212193966"}}, {"type": "Feature", "geometry": {"type": "Point", "coordinates": [20.657583, 38.669936]}, "properties": {"kind": "spring", "osm": "n9216390709"}}, {"type": "Feature", "geometry": {"type": "Point", "coordinates": [23.181714, 39.367125]}, "properties": {"kind": "spring", "osm": "n9218471152"}}, {"type": "Feature", "geometry": {"type": "Point", "coordinates": [21.155515, 40.514665]}, "properties": {"kind": "fountain", "osm": "n9221677927"}}, {"type": "Feature", "geometry": {"type": "Point", "coordinates": [21.156114, 40.527069]}, "properties": {"kind": "fountain", "osm": "n9221677938"}}, {"type": "Feature", "geometry": {"type": "Point", "coordinates": [21.628927, 37.640314]}, "properties": {"kind": "fountain", "osm": "n9226708964"}}, {"type": "Feature", "geometry": {"type": "Point", "coordinates": [21.708565, 37.651541]}, "properties": {"kind": "fountain", "osm": "n9227051931"}}, {"type": "Feature", "geometry": {"type": "Point", "coordinates": [23.001658, 40.722107]}, "properties": {"kind": "fountain", "osm": "n9229394085"}}, {"type": "Feature", "geometry": {"type": "Point", "coordinates": [21.729706, 39.958388]}, "properties": {"kind": "fountain", "osm": "n9229512325"}}, {"type": "Feature", "geometry": {"type": "Point", "coordinates": [21.663164, 39.839742]}, "properties": {"kind": "fountain", "osm": "n9229519873"}}, {"type": "Feature", "geometry": {"type": "Point", "coordinates": [25.691347, 41.025044]}, "properties": {"kind": "fountain", "osm": "n9246187695"}}, {"type": "Feature", "geometry": {"type": "Point", "coordinates": [22.318568, 37.717434]}, "properties": {"fee": "no", "access": "yes", "kind": "fountain", "osm": "n9251136967"}}, {"type": "Feature", "geometry": {"type": "Point", "coordinates": [22.295911, 36.815078]}, "properties": {"bottle": "yes", "fee": "no", "seasonal": "no", "opening_hours": "24/7", "kind": "fountain", "osm": "n9253160079"}}, {"type": "Feature", "geometry": {"type": "Point", "coordinates": [20.856599, 39.640771]}, "properties": {"kind": "tap", "osm": "n9259397957"}}, {"type": "Feature", "geometry": {"type": "Point", "coordinates": [19.758275, 39.7473]}, "properties": {"kind": "fountain", "osm": "n9263206112"}}, {"type": "Feature", "geometry": {"type": "Point", "coordinates": [19.8704, 39.555339]}, "properties": {"kind": "fountain", "osm": "n9263206113"}}, {"type": "Feature", "geometry": {"type": "Point", "coordinates": [19.787531, 39.77773]}, "properties": {"kind": "fountain", "osm": "n9263235021"}}, {"type": "Feature", "geometry": {"type": "Point", "coordinates": [19.773376, 39.767994]}, "properties": {"kind": "fountain", "osm": "n9263235022"}}, {"type": "Feature", "geometry": {"type": "Point", "coordinates": [19.721481, 39.725778]}, "properties": {"kind": "fountain", "osm": "n9263235023"}}, {"type": "Feature", "geometry": {"type": "Point", "coordinates": [19.756288, 39.74756]}, "properties": {"kind": "fountain", "osm": "n9263235027"}}, {"type": "Feature", "geometry": {"type": "Point", "coordinates": [19.773743, 39.700427]}, "properties": {"kind": "fountain", "osm": "n9263235034"}}, {"type": "Feature", "geometry": {"type": "Point", "coordinates": [19.874293, 39.545385]}, "properties": {"kind": "fountain", "osm": "n9263235035"}}, {"type": "Feature", "geometry": {"type": "Point", "coordinates": [19.703674, 39.707992]}, "properties": {"name": "Πηγή Πάγων 1777 & 1908 μ.Χ.", "name:el": "Πηγή Πάγων 1777 & 1908 μ.Χ.", "name:en": "Pagi Fountain 1777 & 1908 a.D.", "drinking_water": "yes", "kind": "fountain", "osm": "n9263235037"}}, {"type": "Feature", "geometry": {"type": "Point", "coordinates": [19.909089, 39.514127]}, "properties": {"kind": "fountain", "osm": "n9263235041"}}, {"type": "Feature", "geometry": {"type": "Point", "coordinates": [19.874281, 39.54546]}, "properties": {"kind": "fountain", "osm": "n9263235044"}}, {"type": "Feature", "geometry": {"type": "Point", "coordinates": [19.724245, 39.722755]}, "properties": {"kind": "fountain", "osm": "n9263235045"}}, {"type": "Feature", "geometry": {"type": "Point", "coordinates": [21.838854, 38.394061]}, "properties": {"kind": "fountain", "osm": "n9264766080"}}, {"type": "Feature", "geometry": {"type": "Point", "coordinates": [21.613475, 37.636294]}, "properties": {"kind": "fountain", "osm": "n9270046101"}}, {"type": "Feature", "geometry": {"type": "Point", "coordinates": [26.246041, 35.161982]}, "properties": {"kind": "fountain", "osm": "n9282711384"}}, {"type": "Feature", "geometry": {"type": "Point", "coordinates": [22.884618, 37.108727]}, "properties": {"kind": "fountain", "osm": "n9282711476"}}, {"type": "Feature", "geometry": {"type": "Point", "coordinates": [23.728227, 37.979153]}, "properties": {"fee": "no", "kind": "tap", "osm": "n9282711510"}}, {"type": "Feature", "geometry": {"type": "Point", "coordinates": [22.184891, 38.1872]}, "properties": {"kind": "fountain", "osm": "n9282711543"}}, {"type": "Feature", "geometry": {"type": "Point", "coordinates": [21.724294, 38.234313]}, "properties": {"kind": "fountain", "osm": "n9282711550"}}, {"type": "Feature", "geometry": {"type": "Point", "coordinates": [20.899956, 38.921664]}, "properties": {"description": "4 water taps", "kind": "fountain", "osm": "n9282711603"}}, {"type": "Feature", "geometry": {"type": "Point", "coordinates": [20.952775, 39.084531]}, "properties": {"name": "Water tap at restaurant", "kind": "fountain", "osm": "n9282711620"}}, {"type": "Feature", "geometry": {"type": "Point", "coordinates": [20.862198, 39.760788]}, "properties": {"name": "Κρανιά", "kind": "spring", "osm": "n9288784815"}}, {"type": "Feature", "geometry": {"type": "Point", "coordinates": [22.689759, 37.187918]}, "properties": {"kind": "spring", "osm": "n9291224465"}}, {"type": "Feature", "geometry": {"type": "Point", "coordinates": [22.05606, 37.672519]}, "properties": {"kind": "fountain", "osm": "n9306965392"}}, {"type": "Feature", "geometry": {"type": "Point", "coordinates": [24.61505, 40.98548]}, "properties": {"kind": "spring", "osm": "n9348127717"}}, {"type": "Feature", "geometry": {"type": "Point", "coordinates": [22.507202, 37.631283]}, "properties": {"name": "Μπρακατσάκι", "kind": "spring", "osm": "n9350710578"}}, {"type": "Feature", "geometry": {"type": "Point", "coordinates": [22.271569, 40.24695]}, "properties": {"drinking_water": "yes", "kind": "tap", "osm": "n9360707784"}}, {"type": "Feature", "geometry": {"type": "Point", "coordinates": [22.105723, 39.696081]}, "properties": {"kind": "spring", "osm": "n9375364261"}}, {"type": "Feature", "geometry": {"type": "Point", "coordinates": [22.783464, 39.579663]}, "properties": {"kind": "fountain", "osm": "n9383892843"}}, {"type": "Feature", "geometry": {"type": "Point", "coordinates": [22.910272, 39.571639]}, "properties": {"kind": "fountain", "osm": "n9383917822"}}, {"type": "Feature", "geometry": {"type": "Point", "coordinates": [21.950962, 38.993102]}, "properties": {"kind": "spring", "osm": "n9392564944"}}, {"type": "Feature", "geometry": {"type": "Point", "coordinates": [21.820681, 39.122066]}, "properties": {"kind": "fountain", "osm": "n9392937430"}}, {"type": "Feature", "geometry": {"type": "Point", "coordinates": [23.58725, 38.465083]}, "properties": {"kind": "spring", "osm": "n9394387745"}}, {"type": "Feature", "geometry": {"type": "Point", "coordinates": [22.896908, 39.103197]}, "properties": {"kind": "fountain", "osm": "n9394583283"}}, {"type": "Feature", "geometry": {"type": "Point", "coordinates": [22.897495, 39.103116]}, "properties": {"kind": "fountain", "osm": "n9394598094"}}, {"type": "Feature", "geometry": {"type": "Point", "coordinates": [26.5627, 39.104978]}, "properties": {"kind": "fountain", "osm": "n9403603411"}}, {"type": "Feature", "geometry": {"type": "Point", "coordinates": [23.45494, 38.720397]}, "properties": {"kind": "fountain", "osm": "n9407637424"}}, {"type": "Feature", "geometry": {"type": "Point", "coordinates": [20.832252, 39.832424]}, "properties": {"drinking_water": "yes", "kind": "fountain", "osm": "n9411898529"}}, {"type": "Feature", "geometry": {"type": "Point", "coordinates": [26.499097, 39.182412]}, "properties": {"kind": "fountain", "osm": "n9413752809"}}, {"type": "Feature", "geometry": {"type": "Point", "coordinates": [23.574533, 38.272995]}, "properties": {"kind": "fountain", "osm": "n9415694254"}}, {"type": "Feature", "geometry": {"type": "Point", "coordinates": [23.596073, 38.4571]}, "properties": {"kind": "fountain", "osm": "n9415711808"}}, {"type": "Feature", "geometry": {"type": "Point", "coordinates": [20.947409, 39.970895]}, "properties": {"operator": "Βρύση", "kind": "fountain", "osm": "n9415900023"}}, {"type": "Feature", "geometry": {"type": "Point", "coordinates": [21.126199, 39.583228]}, "properties": {"kind": "fountain", "osm": "n9421178317"}}, {"type": "Feature", "geometry": {"type": "Point", "coordinates": [21.130423, 39.581356]}, "properties": {"kind": "spring", "osm": "n9421178318"}}, {"type": "Feature", "geometry": {"type": "Point", "coordinates": [21.141845, 39.569521]}, "properties": {"kind": "fountain", "osm": "n9421178319"}}, {"type": "Feature", "geometry": {"type": "Point", "coordinates": [21.144876, 39.567075]}, "properties": {"kind": "fountain", "osm": "n9421178320"}}, {"type": "Feature", "geometry": {"type": "Point", "coordinates": [22.000117, 37.441852]}, "properties": {"name": "Πηγή Κερασιά", "kind": "spring", "osm": "n9425205572"}}, {"type": "Feature", "geometry": {"type": "Point", "coordinates": [22.68779, 37.596174]}, "properties": {"name": "Πηγές Αργολικού Ερασίνου", "kind": "spring", "osm": "n9426355164"}}, {"type": "Feature", "geometry": {"type": "Point", "coordinates": [23.9871, 38.548793]}, "properties": {"kind": "fountain", "osm": "n9429141396"}}, {"type": "Feature", "geometry": {"type": "Point", "coordinates": [22.493553, 36.618967]}, "properties": {"kind": "fountain", "osm": "n9430318518"}}, {"type": "Feature", "geometry": {"type": "Point", "coordinates": [21.600246, 39.45969]}, "properties": {"bottle": "yes", "fee": "no", "access": "yes", "wheelchair": "yes", "kind": "fountain", "osm": "n9431824605"}}, {"type": "Feature", "geometry": {"type": "Point", "coordinates": [21.398024, 39.606107]}, "properties": {"kind": "fountain", "osm": "n9433113628"}}, {"type": "Feature", "geometry": {"type": "Point", "coordinates": [21.549105, 39.72729]}, "properties": {"fee": "no", "access": "yes", "wheelchair": "yes", "kind": "fountain", "osm": "n9435371203"}}, {"type": "Feature", "geometry": {"type": "Point", "coordinates": [22.584302, 40.459791]}, "properties": {"bottle": "yes", "fee": "no", "access": "yes", "wheelchair": "limited", "kind": "fountain", "osm": "n9439650513"}}, {"type": "Feature", "geometry": {"type": "Point", "coordinates": [23.618568, 41.136443]}, "properties": {"kind": "fountain", "osm": "n9449640930"}}, {"type": "Feature", "geometry": {"type": "Point", "coordinates": [20.801959, 39.78531]}, "properties": {"drinking_water": "yes", "bottle": "yes", "fee": "no", "access": "yes", "kind": "tap", "osm": "n9458763340"}}, {"type": "Feature", "geometry": {"type": "Point", "coordinates": [20.801272, 39.786467]}, "properties": {"drinking_water": "yes", "access": "yes", "kind": "tap", "osm": "n9458763341"}}, {"type": "Feature", "geometry": {"type": "Point", "coordinates": [20.788028, 39.798212]}, "properties": {"drinking_water": "yes", "kind": "spring", "osm": "n9458763379"}}, {"type": "Feature", "geometry": {"type": "Point", "coordinates": [20.799545, 39.859506]}, "properties": {"drinking_water": "yes", "access": "yes", "kind": "tap", "osm": "n9458763381"}}, {"type": "Feature", "geometry": {"type": "Point", "coordinates": [20.798225, 39.859847]}, "properties": {"drinking_water": "yes", "access": "yes", "kind": "tap", "osm": "n9458763383"}}, {"type": "Feature", "geometry": {"type": "Point", "coordinates": [20.795077, 39.863269]}, "properties": {"drinking_water": "yes", "access": "yes", "kind": "tap", "osm": "n9458763384"}}, {"type": "Feature", "geometry": {"type": "Point", "coordinates": [26.684942, 37.791238]}, "properties": {"drinking_water": "yes", "access": "yes", "kind": "tap", "osm": "n9458820749"}}, {"type": "Feature", "geometry": {"type": "Point", "coordinates": [26.684833, 37.790205]}, "properties": {"drinking_water": "yes", "access": "yes", "kind": "tap", "osm": "n9458820750"}}, {"type": "Feature", "geometry": {"type": "Point", "coordinates": [26.664201, 37.767734]}, "properties": {"drinking_water": "yes", "access": "yes", "kind": "tap", "osm": "n9458820751"}}, {"type": "Feature", "geometry": {"type": "Point", "coordinates": [26.650542, 37.748455]}, "properties": {"kind": "spring", "osm": "n9458820752"}}, {"type": "Feature", "geometry": {"type": "Point", "coordinates": [26.829823, 37.729812]}, "properties": {"drinking_water": "yes", "access": "yes", "kind": "tap", "osm": "n9458919861"}}, {"type": "Feature", "geometry": {"type": "Point", "coordinates": [26.829822, 37.731234]}, "properties": {"drinking_water": "yes", "access": "yes", "kind": "tap", "osm": "n9458919862"}}, {"type": "Feature", "geometry": {"type": "Point", "coordinates": [26.920607, 37.687052]}, "properties": {"drinking_water": "yes", "access": "yes", "kind": "tap", "osm": "n9458919884"}}, {"type": "Feature", "geometry": {"type": "Point", "coordinates": [26.941337, 37.691772]}, "properties": {"drinking_water": "yes", "access": "yes", "kind": "tap", "osm": "n9458919903"}}, {"type": "Feature", "geometry": {"type": "Point", "coordinates": [27.00719, 37.747436]}, "properties": {"drinking_water": "yes", "access": "yes", "kind": "tap", "osm": "n9458919904"}}, {"type": "Feature", "geometry": {"type": "Point", "coordinates": [26.031755, 38.252337]}, "properties": {"drinking_water": "yes", "access": "yes", "kind": "fountain", "osm": "n9458938302"}}, {"type": "Feature", "geometry": {"type": "Point", "coordinates": [24.282994, 41.01462]}, "properties": {"kind": "fountain", "osm": "n9502926400"}}, {"type": "Feature", "geometry": {"type": "Point", "coordinates": [23.554066, 41.096691]}, "properties": {"kind": "fountain", "osm": "n9510599253"}}, {"type": "Feature", "geometry": {"type": "Point", "coordinates": [26.21045, 41.022131]}, "properties": {"kind": "fountain", "osm": "n9522199170"}}, {"type": "Feature", "geometry": {"type": "Point", "coordinates": [23.884875, 38.587013]}, "properties": {"name": "Πηγή Τέμπλα", "kind": "spring", "osm": "n9525248585"}}, {"type": "Feature", "geometry": {"type": "Point", "coordinates": [23.915378, 38.598523]}, "properties": {"name": "Πηγή Κόνισμα", "kind": "spring", "osm": "n9525278233"}}, {"type": "Feature", "geometry": {"type": "Point", "coordinates": [22.30213, 40.923424]}, "properties": {"kind": "spring", "osm": "n9537381622"}}, {"type": "Feature", "geometry": {"type": "Point", "coordinates": [22.229988, 38.117308]}, "properties": {"name": "Ψαμιακό", "kind": "spring", "osm": "n9545309201"}}, {"type": "Feature", "geometry": {"type": "Point", "coordinates": [23.099429, 36.542111]}, "properties": {"name": "Πηγή Άνω Καστανιάς", "kind": "spring", "osm": "n9548944735"}}, {"type": "Feature", "geometry": {"type": "Point", "coordinates": [23.635566, 37.933937]}, "properties": {"kind": "fountain", "osm": "n9555095284"}}, {"type": "Feature", "geometry": {"type": "Point", "coordinates": [23.635564, 37.933946]}, "properties": {"kind": "fountain", "osm": "n9555095285"}}, {"type": "Feature", "geometry": {"type": "Point", "coordinates": [23.63553, 37.933931]}, "properties": {"kind": "fountain", "osm": "n9555095286"}}, {"type": "Feature", "geometry": {"type": "Point", "coordinates": [23.635528, 37.93394]}, "properties": {"kind": "fountain", "osm": "n9555095287"}}, {"type": "Feature", "geometry": {"type": "Point", "coordinates": [23.635549, 37.933954]}, "properties": {"kind": "fountain", "osm": "n9555095288"}}, {"type": "Feature", "geometry": {"type": "Point", "coordinates": [23.635537, 37.933952]}, "properties": {"kind": "fountain", "osm": "n9555095289"}}, {"type": "Feature", "geometry": {"type": "Point", "coordinates": [22.160411, 37.631099]}, "properties": {"name": "Πηγές Πυργακίου", "kind": "spring", "osm": "n9559320905"}}, {"type": "Feature", "geometry": {"type": "Point", "coordinates": [22.583643, 40.459151]}, "properties": {"kind": "fountain", "osm": "n9560051417"}}, {"type": "Feature", "geometry": {"type": "Point", "coordinates": [22.94927, 40.643076]}, "properties": {"name": "Οθωμανική Κρήνη", "name:el": "Οθωμανική Κρήνη", "name:en": "Ottoman Fountain", "kind": "fountain", "osm": "n9562371629"}}, {"type": "Feature", "geometry": {"type": "Point", "coordinates": [24.146248, 41.150846]}, "properties": {"kind": "tap", "osm": "n9586553017"}}, {"type": "Feature", "geometry": {"type": "Point", "coordinates": [22.981787, 39.387458]}, "properties": {"kind": "fountain", "osm": "n9603418651"}}, {"type": "Feature", "geometry": {"type": "Point", "coordinates": [22.998635, 39.393209]}, "properties": {"kind": "spring", "osm": "n9603453775"}}, {"type": "Feature", "geometry": {"type": "Point", "coordinates": [22.997801, 39.387989]}, "properties": {"name": "Παπαδιαμαντή", "kind": "tap", "osm": "n9603552787"}}, {"type": "Feature", "geometry": {"type": "Point", "coordinates": [22.374633, 38.530529]}, "properties": {"kind": "spring", "osm": "n9608295961"}}, {"type": "Feature", "geometry": {"type": "Point", "coordinates": [22.37493, 38.530657]}, "properties": {"name": "Πηγή Ωργιας", "kind": "spring", "osm": "n9608309015"}}, {"type": "Feature", "geometry": {"type": "Point", "coordinates": [22.387097, 38.374908]}, "properties": {"kind": "fountain", "osm": "n9609032140"}}, {"type": "Feature", "geometry": {"type": "Point", "coordinates": [19.848712, 39.788191]}, "properties": {"bottle": "no", "fee": "no", "access": "yes", "wheelchair": "yes", "kind": "fountain", "osm": "n9627766047"}}, {"type": "Feature", "geometry": {"type": "Point", "coordinates": [25.162687, 37.542036]}, "properties": {"kind": "fountain", "osm": "n9669867968"}}, {"type": "Feature", "geometry": {"type": "Point", "coordinates": [25.1894, 37.573072]}, "properties": {"name": "Kerchros", "drinking_water": "yes", "kind": "spring", "osm": "n9670086409"}}, {"type": "Feature", "geometry": {"type": "Point", "coordinates": [25.184918, 37.573409]}, "properties": {"name": "Tzados", "drinking_water": "yes", "kind": "spring", "osm": "n9670086410"}}, {"type": "Feature", "geometry": {"type": "Point", "coordinates": [25.182009, 37.573685]}, "properties": {"name": "Karya", "kind": "spring", "osm": "n9670086411"}}, {"type": "Feature", "geometry": {"type": "Point", "coordinates": [25.162779, 37.608112]}, "properties": {"kind": "fountain", "osm": "n9670511976"}}, {"type": "Feature", "geometry": {"type": "Point", "coordinates": [25.188508, 37.564336]}, "properties": {"kind": "fountain", "osm": "n9670511978"}}, {"type": "Feature", "geometry": {"type": "Point", "coordinates": [21.306651, 38.50629]}, "properties": {"name": "Πηγή Κεφαλοβρύσου Σταμνάς", "kind": "spring", "osm": "n9671460476"}}, {"type": "Feature", "geometry": {"type": "Point", "coordinates": [25.179204, 37.591246]}, "properties": {"fee": "no", "kind": "fountain", "osm": "n9671521749"}}, {"type": "Feature", "geometry": {"type": "Point", "coordinates": [19.862212, 39.503421]}, "properties": {"kind": "fountain", "osm": "n9671633017"}}, {"type": "Feature", "geometry": {"type": "Point", "coordinates": [25.126092, 37.613896]}, "properties": {"kind": "fountain", "osm": "n9671666375"}}, {"type": "Feature", "geometry": {"type": "Point", "coordinates": [25.053506, 37.652516]}, "properties": {"kind": "fountain", "osm": "n9671666378"}}, {"type": "Feature", "geometry": {"type": "Point", "coordinates": [19.766155, 39.740842]}, "properties": {"kind": "fountain", "osm": "n9682398017"}}, {"type": "Feature", "geometry": {"type": "Point", "coordinates": [24.913578, 41.246664]}, "properties": {"kind": "spring", "osm": "n9683510119"}}, {"type": "Feature", "geometry": {"type": "Point", "coordinates": [23.523371, 40.440128]}, "properties": {"kind": "spring", "osm": "n9695750817"}}, {"type": "Feature", "geometry": {"type": "Point", "coordinates": [23.388466, 40.464408]}, "properties": {"kind": "fountain", "osm": "n9695775817"}}, {"type": "Feature", "geometry": {"type": "Point", "coordinates": [23.289145, 40.466107]}, "properties": {"kind": "fountain", "osm": "n9695811917"}}, {"type": "Feature", "geometry": {"type": "Point", "coordinates": [23.10584, 40.608505]}, "properties": {"kind": "fountain", "osm": "n9695844317"}}, {"type": "Feature", "geometry": {"type": "Point", "coordinates": [23.132501, 40.597116]}, "properties": {"kind": "fountain", "osm": "n9695844417"}}, {"type": "Feature", "geometry": {"type": "Point", "coordinates": [20.678816, 39.146339]}, "properties": {"kind": "fountain", "osm": "n9700731744"}}, {"type": "Feature", "geometry": {"type": "Point", "coordinates": [20.752823, 38.956565]}, "properties": {"kind": "fountain", "osm": "n9701145698"}}, {"type": "Feature", "geometry": {"type": "Point", "coordinates": [20.78057, 38.877335]}, "properties": {"kind": "fountain", "osm": "n9702210527"}}, {"type": "Feature", "geometry": {"type": "Point", "coordinates": [23.690608, 41.041544]}, "properties": {"kind": "tap", "osm": "n9709074684"}}, {"type": "Feature", "geometry": {"type": "Point", "coordinates": [23.688057, 41.050605]}, "properties": {"name": "Βρύση Αγίου Αθανασίου", "access": "yes", "kind": "tap", "osm": "n9709074685"}}, {"type": "Feature", "geometry": {"type": "Point", "coordinates": [23.688268, 41.051504]}, "properties": {"name": "Βρύση Πλατείας Τζαμί", "kind": "tap", "osm": "n9709074686"}}, {"type": "Feature", "geometry": {"type": "Point", "coordinates": [23.687977, 41.05235]}, "properties": {"name": "Βρύση μνημείου Ηρώων", "kind": "tap", "osm": "n9709074687"}}, {"type": "Feature", "geometry": {"type": "Point", "coordinates": [23.691458, 41.051415]}, "properties": {"name": "Βρύση Αγίας Βαρβάρας", "kind": "tap", "osm": "n9709074692"}}, {"type": "Feature", "geometry": {"type": "Point", "coordinates": [23.687778, 41.049602]}, "properties": {"name": "Βρύση \"Η Ωραία Πεντάπολη\"", "kind": "tap", "osm": "n9709074693"}}, {"type": "Feature", "geometry": {"type": "Point", "coordinates": [23.689279, 41.050436]}, "properties": {"name": "Βρύση Ζάμαντα", "kind": "tap", "osm": "n9709074698"}}, {"type": "Feature", "geometry": {"type": "Point", "coordinates": [23.689023, 41.050393]}, "properties": {"name": "Βρύση", "kind": "tap", "osm": "n9709074699"}}, {"type": "Feature", "geometry": {"type": "Point", "coordinates": [23.688111, 41.047535]}, "properties": {"kind": "tap", "osm": "n9709156220"}}, {"type": "Feature", "geometry": {"type": "Point", "coordinates": [23.689696, 41.049624]}, "properties": {"kind": "tap", "osm": "n9709156221"}}, {"type": "Feature", "geometry": {"type": "Point", "coordinates": [23.690857, 41.049191]}, "properties": {"name": "Βρύση", "kind": "tap", "osm": "n9709547471"}}, {"type": "Feature", "geometry": {"type": "Point", "coordinates": [22.062844, 37.560267]}, "properties": {"kind": "fountain", "osm": "n9713158095"}}, {"type": "Feature", "geometry": {"type": "Point", "coordinates": [25.076171, 37.605866]}, "properties": {"kind": "spring", "osm": "n9714926720"}}, {"type": "Feature", "geometry": {"type": "Point", "coordinates": [22.073229, 37.520934]}, "properties": {"kind": "fountain", "osm": "n9717157071"}}, {"type": "Feature", "geometry": {"type": "Point", "coordinates": [22.103452, 37.507612]}, "properties": {"kind": "fountain", "osm": "n9717196470"}}, {"type": "Feature", "geometry": {"type": "Point", "coordinates": [22.135265, 37.399923]}, "properties": {"kind": "fountain", "osm": "n9717295227"}}, {"type": "Feature", "geometry": {"type": "Point", "coordinates": [26.487112, 39.180905]}, "properties": {"kind": "fountain", "osm": "n9723509621"}}, {"type": "Feature", "geometry": {"type": "Point", "coordinates": [26.503041, 39.174008]}, "properties": {"kind": "fountain", "osm": "n9723509622"}}, {"type": "Feature", "geometry": {"type": "Point", "coordinates": [26.498435, 39.174895]}, "properties": {"kind": "fountain", "osm": "n9723514949"}}, {"type": "Feature", "geometry": {"type": "Point", "coordinates": [23.704474, 38.069228]}, "properties": {"kind": "fountain", "osm": "n9724692828"}}, {"type": "Feature", "geometry": {"type": "Point", "coordinates": [25.454005, 41.248355]}, "properties": {"kind": "fountain", "osm": "n9725197573"}}, {"type": "Feature", "geometry": {"type": "Point", "coordinates": [25.451072, 41.244416]}, "properties": {"kind": "fountain", "osm": "n9725278565"}}, {"type": "Feature", "geometry": {"type": "Point", "coordinates": [26.372261, 39.080483]}, "properties": {"kind": "fountain", "osm": "n9725297274"}}, {"type": "Feature", "geometry": {"type": "Point", "coordinates": [26.37209, 39.081692]}, "properties": {"kind": "fountain", "osm": "n9725298549"}}, {"type": "Feature", "geometry": {"type": "Point", "coordinates": [23.496093, 38.076631]}, "properties": {"kind": "fountain", "osm": "n9726162640"}}, {"type": "Feature", "geometry": {"type": "Point", "coordinates": [26.371971, 39.080807]}, "properties": {"kind": "fountain", "osm": "n9727736538"}}, {"type": "Feature", "geometry": {"type": "Point", "coordinates": [25.161473, 37.537748]}, "properties": {"kind": "fountain", "osm": "n9729251419"}}, {"type": "Feature", "geometry": {"type": "Point", "coordinates": [25.165198, 37.605386]}, "properties": {"kind": "fountain", "osm": "n9729280923"}}, {"type": "Feature", "geometry": {"type": "Point", "coordinates": [25.050578, 37.652309]}, "properties": {"access": "permissive", "kind": "fountain", "osm": "n9729366022"}}, {"type": "Feature", "geometry": {"type": "Point", "coordinates": [25.191109, 37.582655]}, "properties": {"kind": "fountain", "osm": "n9729415222"}}, {"type": "Feature", "geometry": {"type": "Point", "coordinates": [25.191068, 37.581872]}, "properties": {"kind": "fountain", "osm": "n9729415223"}}, {"type": "Feature", "geometry": {"type": "Point", "coordinates": [22.308385, 39.128062]}, "properties": {"kind": "fountain", "osm": "n9730036864"}}, {"type": "Feature", "geometry": {"type": "Point", "coordinates": [21.437849, 40.210866]}, "properties": {"kind": "fountain", "osm": "n9730039659"}}, {"type": "Feature", "geometry": {"type": "Point", "coordinates": [22.584165, 38.479926]}, "properties": {"kind": "fountain", "osm": "n9730051923"}}, {"type": "Feature", "geometry": {"type": "Point", "coordinates": [22.434862, 38.898077]}, "properties": {"kind": "fountain", "osm": "n9730058447"}}, {"type": "Feature", "geometry": {"type": "Point", "coordinates": [26.280067, 39.363442]}, "properties": {"kind": "fountain", "osm": "n9730775705"}}, {"type": "Feature", "geometry": {"type": "Point", "coordinates": [26.303028, 39.373541]}, "properties": {"kind": "fountain", "osm": "n9730794669"}}, {"type": "Feature", "geometry": {"type": "Point", "coordinates": [26.517669, 39.132471]}, "properties": {"kind": "fountain", "osm": "n9730802459"}}, {"type": "Feature", "geometry": {"type": "Point", "coordinates": [26.518863, 39.133727]}, "properties": {"kind": "fountain", "osm": "n9730802726"}}, {"type": "Feature", "geometry": {"type": "Point", "coordinates": [26.51416, 39.126188]}, "properties": {"kind": "fountain", "osm": "n9730810927"}}, {"type": "Feature", "geometry": {"type": "Point", "coordinates": [23.150136, 39.328635]}, "properties": {"kind": "fountain", "osm": "n9731769288"}}, {"type": "Feature", "geometry": {"type": "Point", "coordinates": [25.99826, 38.226638]}, "properties": {"kind": "tap", "osm": "n9732296495"}}, {"type": "Feature", "geometry": {"type": "Point", "coordinates": [25.997898, 38.227415]}, "properties": {"kind": "tap", "osm": "n9732296496"}}, {"type": "Feature", "geometry": {"type": "Point", "coordinates": [25.942022, 38.246711]}, "properties": {"drinking_water": "yes", "kind": "tap", "osm": "n9732296513"}}, {"type": "Feature", "geometry": {"type": "Point", "coordinates": [25.942047, 38.248106]}, "properties": {"kind": "tap", "osm": "n9732296516"}}, {"type": "Feature", "geometry": {"type": "Point", "coordinates": [25.922627, 38.259106]}, "properties": {"drinking_water": "yes", "kind": "tap", "osm": "n9732303321"}}, {"type": "Feature", "geometry": {"type": "Point", "coordinates": [25.999315, 38.227106]}, "properties": {"kind": "tap", "osm": "n9732303327"}}, {"type": "Feature", "geometry": {"type": "Point", "coordinates": [25.998691, 38.227821]}, "properties": {"kind": "tap", "osm": "n9732303331"}}, {"type": "Feature", "geometry": {"type": "Point", "coordinates": [26.000645, 38.226109]}, "properties": {"kind": "tap", "osm": "n9732303336"}}, {"type": "Feature", "geometry": {"type": "Point", "coordinates": [26.000229, 38.226755]}, "properties": {"kind": "tap", "osm": "n9732303342"}}, {"type": "Feature", "geometry": {"type": "Point", "coordinates": [25.998182, 38.227339]}, "properties": {"kind": "tap", "osm": "n9732303344"}}, {"type": "Feature", "geometry": {"type": "Point", "coordinates": [25.999056, 38.226596]}, "properties": {"kind": "tap", "osm": "n9732303352"}}, {"type": "Feature", "geometry": {"type": "Point", "coordinates": [25.997092, 38.227057]}, "properties": {"kind": "tap", "osm": "n9732303355"}}, {"type": "Feature", "geometry": {"type": "Point", "coordinates": [25.921643, 38.25983]}, "properties": {"drinking_water": "yes", "kind": "tap", "osm": "n9732303357"}}, {"type": "Feature", "geometry": {"type": "Point", "coordinates": [25.923006, 38.259134]}, "properties": {"drinking_water": "yes", "kind": "tap", "osm": "n9732303364"}}, {"type": "Feature", "geometry": {"type": "Point", "coordinates": [25.996392, 38.226824]}, "properties": {"kind": "tap", "osm": "n9732303368"}}, {"type": "Feature", "geometry": {"type": "Point", "coordinates": [25.942221, 38.247153]}, "properties": {"kind": "tap", "osm": "n9732303374"}}, {"type": "Feature", "geometry": {"type": "Point", "coordinates": [25.998382, 38.226205]}, "properties": {"kind": "tap", "osm": "n9732303375"}}, {"type": "Feature", "geometry": {"type": "Point", "coordinates": [25.921056, 38.261092]}, "properties": {"drinking_water": "yes", "kind": "tap", "osm": "n9732303402"}}, {"type": "Feature", "geometry": {"type": "Point", "coordinates": [25.999168, 38.227478]}, "properties": {"kind": "tap", "osm": "n9732303406"}}, {"type": "Feature", "geometry": {"type": "Point", "coordinates": [25.942314, 38.247539]}, "properties": {"drinking_water": "yes", "kind": "tap", "osm": "n9732303414"}}, {"type": "Feature", "geometry": {"type": "Point", "coordinates": [25.94305, 38.247202]}, "properties": {"kind": "tap", "osm": "n9732303425"}}, {"type": "Feature", "geometry": {"type": "Point", "coordinates": [25.923974, 38.260343]}, "properties": {"drinking_water": "yes", "kind": "tap", "osm": "n9732303426"}}, {"type": "Feature", "geometry": {"type": "Point", "coordinates": [25.332675, 41.187599]}, "properties": {"kind": "fountain", "osm": "n9733067675"}}, {"type": "Feature", "geometry": {"type": "Point", "coordinates": [22.910098, 37.9319]}, "properties": {"kind": "fountain", "osm": "n9734798488"}}, {"type": "Feature", "geometry": {"type": "Point", "coordinates": [22.802586, 37.847997]}, "properties": {"kind": "fountain", "osm": "n9735128868"}}, {"type": "Feature", "geometry": {"type": "Point", "coordinates": [22.802933, 37.849411]}, "properties": {"kind": "fountain", "osm": "n9737166485"}}, {"type": "Feature", "geometry": {"type": "Point", "coordinates": [24.528865, 35.156712]}, "properties": {"kind": "fountain", "osm": "n9737175612"}}, {"type": "Feature", "geometry": {"type": "Point", "coordinates": [22.720821, 37.782903]}, "properties": {"kind": "fountain", "osm": "n9737585263"}}, {"type": "Feature", "geometry": {"type": "Point", "coordinates": [26.172797, 39.24777]}, "properties": {"kind": "fountain", "osm": "n9738089266"}}, {"type": "Feature", "geometry": {"type": "Point", "coordinates": [22.728919, 37.594352]}, "properties": {"kind": "fountain", "osm": "n9738968796"}}, {"type": "Feature", "geometry": {"type": "Point", "coordinates": [26.003498, 39.13169]}, "properties": {"drinking_water": "yes", "kind": "tap", "osm": "n9741587362"}}, {"type": "Feature", "geometry": {"type": "Point", "coordinates": [26.154923, 39.171657]}, "properties": {"drinking_water": "yes", "kind": "tap", "osm": "n9741587380"}}, {"type": "Feature", "geometry": {"type": "Point", "coordinates": [26.520656, 39.154768]}, "properties": {"drinking_water": "yes", "kind": "tap", "osm": "n9741587396"}}, {"type": "Feature", "geometry": {"type": "Point", "coordinates": [26.219884, 39.310462]}, "properties": {"drinking_water": "yes", "kind": "tap", "osm": "n9741587397"}}, {"type": "Feature", "geometry": {"type": "Point", "coordinates": [26.273187, 39.254182]}, "properties": {"drinking_water": "yes", "kind": "tap", "osm": "n9741610617"}}, {"type": "Feature", "geometry": {"type": "Point", "coordinates": [26.280423, 39.244694]}, "properties": {"drinking_water": "yes", "kind": "tap", "osm": "n9741610627"}}, {"type": "Feature", "geometry": {"type": "Point", "coordinates": [26.072411, 39.259274]}, "properties": {"drinking_water": "yes", "kind": "tap", "osm": "n9741610631"}}, {"type": "Feature", "geometry": {"type": "Point", "coordinates": [26.141394, 39.168889]}, "properties": {"drinking_water": "yes", "kind": "tap", "osm": "n9741610634"}}, {"type": "Feature", "geometry": {"type": "Point", "coordinates": [26.417424, 39.181789]}, "properties": {"drinking_water": "yes", "kind": "tap", "osm": "n9741610640"}}, {"type": "Feature", "geometry": {"type": "Point", "coordinates": [25.979364, 39.234429]}, "properties": {"drinking_water": "yes", "kind": "tap", "osm": "n9741610654"}}, {"type": "Feature", "geometry": {"type": "Point", "coordinates": [26.049389, 39.226516]}, "properties": {"drinking_water": "yes", "kind": "tap", "osm": "n9741610661"}}, {"type": "Feature", "geometry": {"type": "Point", "coordinates": [25.932845, 39.167368]}, "properties": {"drinking_water": "yes", "kind": "tap", "osm": "n9741610663"}}, {"type": "Feature", "geometry": {"type": "Point", "coordinates": [26.393351, 39.198317]}, "properties": {"drinking_water": "yes", "kind": "tap", "osm": "n9741610678"}}, {"type": "Feature", "geometry": {"type": "Point", "coordinates": [26.407428, 39.183598]}, "properties": {"drinking_water": "yes", "kind": "tap", "osm": "n9741610686"}}, {"type": "Feature", "geometry": {"type": "Point", "coordinates": [25.934455, 39.170255]}, "properties": {"drinking_water": "yes", "kind": "tap", "osm": "n9741610700"}}, {"type": "Feature", "geometry": {"type": "Point", "coordinates": [26.272421, 39.250474]}, "properties": {"drinking_water": "yes", "kind": "tap", "osm": "n9741610703"}}, {"type": "Feature", "geometry": {"type": "Point", "coordinates": [26.271751, 39.248944]}, "properties": {"drinking_water": "yes", "kind": "tap", "osm": "n9741610730"}}, {"type": "Feature", "geometry": {"type": "Point", "coordinates": [26.273818, 39.247154]}, "properties": {"drinking_water": "yes", "kind": "tap", "osm": "n9741610737"}}, {"type": "Feature", "geometry": {"type": "Point", "coordinates": [26.070194, 39.260061]}, "properties": {"drinking_water": "yes", "kind": "tap", "osm": "n9741610739"}}, {"type": "Feature", "geometry": {"type": "Point", "coordinates": [26.174784, 39.368845]}, "properties": {"drinking_water": "yes", "kind": "tap", "osm": "n9741610745"}}, {"type": "Feature", "geometry": {"type": "Point", "coordinates": [26.277558, 39.246108]}, "properties": {"drinking_water": "yes", "kind": "tap", "osm": "n9741610765"}}, {"type": "Feature", "geometry": {"type": "Point", "coordinates": [26.077148, 39.263345]}, "properties": {"drinking_water": "yes", "kind": "tap", "osm": "n9741610773"}}, {"type": "Feature", "geometry": {"type": "Point", "coordinates": [26.17476, 39.368868]}, "properties": {"kind": "fountain", "osm": "n9741742344"}}, {"type": "Feature", "geometry": {"type": "Point", "coordinates": [26.175006, 39.367762]}, "properties": {"kind": "fountain", "osm": "n9741746190"}}, {"type": "Feature", "geometry": {"type": "Point", "coordinates": [26.203547, 39.290972]}, "properties": {"kind": "fountain", "osm": "n9741757920"}}, {"type": "Feature", "geometry": {"type": "Point", "coordinates": [26.167517, 39.369366]}, "properties": {"kind": "fountain", "osm": "n9741758817"}}, {"type": "Feature", "geometry": {"type": "Point", "coordinates": [23.737804, 37.972458]}, "properties": {"bottle": "yes", "fee": "no", "opening_hours": "24/7", "kind": "fountain", "osm": "n9743184022"}}, {"type": "Feature", "geometry": {"type": "Point", "coordinates": [22.650089, 37.262537]}, "properties": {"kind": "fountain", "osm": "n9743223346"}}, {"type": "Feature", "geometry": {"type": "Point", "coordinates": [22.685331, 37.303258]}, "properties": {"kind": "fountain", "osm": "n9743223347"}}, {"type": "Feature", "geometry": {"type": "Point", "coordinates": [25.975244, 39.237902]}, "properties": {"kind": "fountain", "osm": "n9744986479"}}, {"type": "Feature", "geometry": {"type": "Point", "coordinates": [25.993541, 39.139296]}, "properties": {"kind": "fountain", "osm": "n9744990434"}}, {"type": "Feature", "geometry": {"type": "Point", "coordinates": [26.139601, 39.167124]}, "properties": {"kind": "fountain", "osm": "n9744990435"}}, {"type": "Feature", "geometry": {"type": "Point", "coordinates": [26.049444, 39.226608]}, "properties": {"kind": "fountain", "osm": "n9744993170"}}, {"type": "Feature", "geometry": {"type": "Point", "coordinates": [22.601042, 37.175181]}, "properties": {"kind": "fountain", "osm": "n9750836562"}}, {"type": "Feature", "geometry": {"type": "Point", "coordinates": [22.600726, 37.175064]}, "properties": {"kind": "fountain", "osm": "n9750836566"}}, {"type": "Feature", "geometry": {"type": "Point", "coordinates": [22.692827, 36.99584]}, "properties": {"kind": "fountain", "osm": "n9750836571"}}, {"type": "Feature", "geometry": {"type": "Point", "coordinates": [22.642582, 37.088203]}, "properties": {"kind": "fountain", "osm": "n9750836574"}}, {"type": "Feature", "geometry": {"type": "Point", "coordinates": [22.594448, 37.176328]}, "properties": {"kind": "fountain", "osm": "n9750836583"}}, {"type": "Feature", "geometry": {"type": "Point", "coordinates": [22.642359, 37.091659]}, "properties": {"kind": "fountain", "osm": "n9750836603"}}, {"type": "Feature", "geometry": {"type": "Point", "coordinates": [22.595286, 37.176153]}, "properties": {"kind": "fountain", "osm": "n9750867121"}}, {"type": "Feature", "geometry": {"type": "Point", "coordinates": [22.56569, 37.028948]}, "properties": {"kind": "fountain", "osm": "n9751328895"}}, {"type": "Feature", "geometry": {"type": "Point", "coordinates": [22.45754, 37.031038]}, "properties": {"kind": "fountain", "osm": "n9751517583"}}, {"type": "Feature", "geometry": {"type": "Point", "coordinates": [22.442668, 37.047045]}, "properties": {"kind": "fountain", "osm": "n9751517587"}}, {"type": "Feature", "geometry": {"type": "Point", "coordinates": [22.577944, 38.627119]}, "properties": {"kind": "fountain", "osm": "n9751654663"}}, {"type": "Feature", "geometry": {"type": "Point", "coordinates": [22.650778, 37.251626]}, "properties": {"kind": "fountain", "osm": "n9752258915"}}, {"type": "Feature", "geometry": {"type": "Point", "coordinates": [22.429231, 37.067797]}, "properties": {"kind": "fountain", "osm": "n9752385434"}}, {"type": "Feature", "geometry": {"type": "Point", "coordinates": [22.429203, 37.069967]}, "properties": {"kind": "fountain", "osm": "n9753950565"}}, {"type": "Feature", "geometry": {"type": "Point", "coordinates": [22.279957, 37.231574]}, "properties": {"kind": "fountain", "osm": "n9757604037"}}, {"type": "Feature", "geometry": {"type": "Point", "coordinates": [22.414165, 37.103624]}, "properties": {"kind": "fountain", "osm": "n9757604038"}}, {"type": "Feature", "geometry": {"type": "Point", "coordinates": [22.278869, 37.232168]}, "properties": {"kind": "fountain", "osm": "n9757604039"}}, {"type": "Feature", "geometry": {"type": "Point", "coordinates": [22.409781, 37.112529]}, "properties": {"kind": "fountain", "osm": "n9757604041"}}, {"type": "Feature", "geometry": {"type": "Point", "coordinates": [22.208415, 37.285542]}, "properties": {"kind": "fountain", "osm": "n9757604042"}}, {"type": "Feature", "geometry": {"type": "Point", "coordinates": [22.207741, 37.286307]}, "properties": {"kind": "fountain", "osm": "n9757604052"}}, {"type": "Feature", "geometry": {"type": "Point", "coordinates": [21.96221, 37.512264]}, "properties": {"kind": "fountain", "osm": "n9761166221"}}, {"type": "Feature", "geometry": {"type": "Point", "coordinates": [21.972189, 37.507113]}, "properties": {"kind": "fountain", "osm": "n9761166231"}}, {"type": "Feature", "geometry": {"type": "Point", "coordinates": [22.013661, 37.471102]}, "properties": {"kind": "fountain", "osm": "n9761166243"}}, {"type": "Feature", "geometry": {"type": "Point", "coordinates": [21.909251, 37.483843]}, "properties": {"kind": "fountain", "osm": "n9761166245"}}, {"type": "Feature", "geometry": {"type": "Point", "coordinates": [21.638447, 37.210187]}, "properties": {"kind": "fountain", "osm": "n9761404599"}}, {"type": "Feature", "geometry": {"type": "Point", "coordinates": [21.835255, 37.444034]}, "properties": {"kind": "fountain", "osm": "n9762078836"}}, {"type": "Feature", "geometry": {"type": "Point", "coordinates": [21.86368, 37.451497]}, "properties": {"kind": "fountain", "osm": "n9762078848"}}, {"type": "Feature", "geometry": {"type": "Point", "coordinates": [21.904485, 37.483776]}, "properties": {"drinking_water": "yes", "kind": "spring", "osm": "n9762078854"}}, {"type": "Feature", "geometry": {"type": "Point", "coordinates": [21.830664, 37.438228]}, "properties": {"kind": "fountain", "osm": "n9762078866"}}, {"type": "Feature", "geometry": {"type": "Point", "coordinates": [21.815401, 37.43377]}, "properties": {"kind": "fountain", "osm": "n9762078880"}}, {"type": "Feature", "geometry": {"type": "Point", "coordinates": [21.769395, 37.444307]}, "properties": {"kind": "fountain", "osm": "n9764061482"}}, {"type": "Feature", "geometry": {"type": "Point", "coordinates": [21.74795, 37.440131]}, "properties": {"kind": "fountain", "osm": "n9764451946"}}, {"type": "Feature", "geometry": {"type": "Point", "coordinates": [21.720672, 37.437205]}, "properties": {"kind": "fountain", "osm": "n9764743899"}}, {"type": "Feature", "geometry": {"type": "Point", "coordinates": [21.71231, 37.43554]}, "properties": {"kind": "fountain", "osm": "n9764743901"}}, {"type": "Feature", "geometry": {"type": "Point", "coordinates": [21.646482, 37.456603]}, "properties": {"kind": "fountain", "osm": "n9764743911"}}, {"type": "Feature", "geometry": {"type": "Point", "coordinates": [21.636419, 37.499282]}, "properties": {"kind": "fountain", "osm": "n9766385780"}}, {"type": "Feature", "geometry": {"type": "Point", "coordinates": [21.46159, 37.663616]}, "properties": {"kind": "fountain", "osm": "n9767757538"}}, {"type": "Feature", "geometry": {"type": "Point", "coordinates": [22.285297, 36.82327]}, "properties": {"drinking_water": "yes", "access": "yes", "kind": "fountain", "osm": "n9768742820"}}, {"type": "Feature", "geometry": {"type": "Point", "coordinates": [23.662717, 40.570461]}, "properties": {"kind": "fountain", "osm": "n9771769953"}}, {"type": "Feature", "geometry": {"type": "Point", "coordinates": [21.310889, 37.876399]}, "properties": {"kind": "fountain", "osm": "n9779182467"}}, {"type": "Feature", "geometry": {"type": "Point", "coordinates": [23.641546, 37.97012]}, "properties": {"kind": "tap", "osm": "n9779189779"}}, {"type": "Feature", "geometry": {"type": "Point", "coordinates": [21.525213, 38.145187]}, "properties": {"kind": "fountain", "osm": "n9785182292"}}, {"type": "Feature", "geometry": {"type": "Point", "coordinates": [21.525333, 38.144748]}, "properties": {"kind": "fountain", "osm": "n9785182293"}}, {"type": "Feature", "geometry": {"type": "Point", "coordinates": [21.48038, 38.141008]}, "properties": {"kind": "fountain", "osm": "n9785244331"}}, {"type": "Feature", "geometry": {"type": "Point", "coordinates": [21.724123, 38.344563]}, "properties": {"kind": "fountain", "osm": "n9785307203"}}, {"type": "Feature", "geometry": {"type": "Point", "coordinates": [21.615626, 38.474169]}, "properties": {"kind": "fountain", "osm": "n9786085169"}}, {"type": "Feature", "geometry": {"type": "Point", "coordinates": [21.37873, 39.533337]}, "properties": {"kind": "fountain", "osm": "n9789972334"}}, {"type": "Feature", "geometry": {"type": "Point", "coordinates": [21.62686, 38.485668]}, "properties": {"kind": "fountain", "osm": "n9789972587"}}, {"type": "Feature", "geometry": {"type": "Point", "coordinates": [21.638759, 38.496278]}, "properties": {"kind": "fountain", "osm": "n9789972592"}}, {"type": "Feature", "geometry": {"type": "Point", "coordinates": [21.658641, 38.509301]}, "properties": {"kind": "fountain", "osm": "n9789972601"}}, {"type": "Feature", "geometry": {"type": "Point", "coordinates": [21.651778, 38.518552]}, "properties": {"kind": "fountain", "osm": "n9789972604"}}, {"type": "Feature", "geometry": {"type": "Point", "coordinates": [21.631831, 38.483399]}, "properties": {"kind": "fountain", "osm": "n9790036724"}}, {"type": "Feature", "geometry": {"type": "Point", "coordinates": [21.617654, 38.471375]}, "properties": {"kind": "fountain", "osm": "n9790055495"}}, {"type": "Feature", "geometry": {"type": "Point", "coordinates": [21.656254, 38.364082]}, "properties": {"kind": "fountain", "osm": "n9790055496"}}, {"type": "Feature", "geometry": {"type": "Point", "coordinates": [21.642195, 38.49976]}, "properties": {"kind": "fountain", "osm": "n9790376131"}}, {"type": "Feature", "geometry": {"type": "Point", "coordinates": [21.613523, 38.624122]}, "properties": {"kind": "fountain", "osm": "n9790791793"}}, {"type": "Feature", "geometry": {"type": "Point", "coordinates": [21.646149, 38.580599]}, "properties": {"kind": "fountain", "osm": "n9790791808"}}, {"type": "Feature", "geometry": {"type": "Point", "coordinates": [21.649183, 38.582794]}, "properties": {"kind": "fountain", "osm": "n9795106495"}}, {"type": "Feature", "geometry": {"type": "Point", "coordinates": [21.612116, 38.638838]}, "properties": {"kind": "fountain", "osm": "n9795178503"}}, {"type": "Feature", "geometry": {"type": "Point", "coordinates": [21.613168, 38.866757]}, "properties": {"kind": "fountain", "osm": "n9795396601"}}, {"type": "Feature", "geometry": {"type": "Point", "coordinates": [21.603222, 38.95895]}, "properties": {"kind": "fountain", "osm": "n9795428627"}}, {"type": "Feature", "geometry": {"type": "Point", "coordinates": [21.607189, 38.712596]}, "properties": {"kind": "fountain", "osm": "n9795428660"}}, {"type": "Feature", "geometry": {"type": "Point", "coordinates": [21.600941, 38.960994]}, "properties": {"kind": "fountain", "osm": "n9796730639"}}, {"type": "Feature", "geometry": {"type": "Point", "coordinates": [21.597561, 38.968016]}, "properties": {"kind": "fountain", "osm": "n9796730649"}}, {"type": "Feature", "geometry": {"type": "Point", "coordinates": [21.553751, 39.018011]}, "properties": {"kind": "fountain", "osm": "n9798054409"}}, {"type": "Feature", "geometry": {"type": "Point", "coordinates": [21.605223, 38.696899]}, "properties": {"kind": "fountain", "osm": "n9801343566"}}, {"type": "Feature", "geometry": {"type": "Point", "coordinates": [21.341337, 39.266972]}, "properties": {"kind": "fountain", "osm": "n9802375479"}}, {"type": "Feature", "geometry": {"type": "Point", "coordinates": [21.338954, 39.270805]}, "properties": {"kind": "fountain", "osm": "n9803346159"}}, {"type": "Feature", "geometry": {"type": "Point", "coordinates": [21.159122, 39.251504]}, "properties": {"kind": "fountain", "osm": "n9803796093"}}, {"type": "Feature", "geometry": {"type": "Point", "coordinates": [21.381299, 39.146384]}, "properties": {"kind": "fountain", "osm": "n9803824385"}}, {"type": "Feature", "geometry": {"type": "Point", "coordinates": [21.498621, 39.082977]}, "properties": {"kind": "fountain", "osm": "n9803845210"}}, {"type": "Feature", "geometry": {"type": "Point", "coordinates": [21.44268, 39.07252]}, "properties": {"kind": "fountain", "osm": "n9803865019"}}, {"type": "Feature", "geometry": {"type": "Point", "coordinates": [21.439664, 39.078578]}, "properties": {"kind": "fountain", "osm": "n9803865020"}}, {"type": "Feature", "geometry": {"type": "Point", "coordinates": [21.535039, 39.067744]}, "properties": {"kind": "fountain", "osm": "n9803944902"}}, {"type": "Feature", "geometry": {"type": "Point", "coordinates": [21.821867, 39.980124]}, "properties": {"kind": "fountain", "osm": "n9805784589"}}, {"type": "Feature", "geometry": {"type": "Point", "coordinates": [20.968609, 39.17052]}, "properties": {"kind": "fountain", "osm": "n9806001934"}}, {"type": "Feature", "geometry": {"type": "Point", "coordinates": [21.183206, 39.256949]}, "properties": {"kind": "fountain", "osm": "n9806029112"}}, {"type": "Feature", "geometry": {"type": "Point", "coordinates": [21.209183, 39.262704]}, "properties": {"kind": "fountain", "osm": "n9806047821"}}, {"type": "Feature", "geometry": {"type": "Point", "coordinates": [24.625501, 41.386622]}, "properties": {"kind": "tap", "osm": "n9806915668"}}, {"type": "Feature", "geometry": {"type": "Point", "coordinates": [23.755088, 37.864681]}, "properties": {"kind": "fountain", "osm": "n9807331919"}}, {"type": "Feature", "geometry": {"type": "Point", "coordinates": [23.75463, 37.863979]}, "properties": {"kind": "fountain", "osm": "n9807335278"}}, {"type": "Feature", "geometry": {"type": "Point", "coordinates": [20.900691, 39.472262]}, "properties": {"kind": "fountain", "osm": "n9807343737"}}, {"type": "Feature", "geometry": {"type": "Point", "coordinates": [22.848351, 36.803923]}, "properties": {"kind": "fountain", "osm": "n9808961120"}}, {"type": "Feature", "geometry": {"type": "Point", "coordinates": [20.855789, 39.672794]}, "properties": {"kind": "fountain", "osm": "n9811255559"}}, {"type": "Feature", "geometry": {"type": "Point", "coordinates": [20.74496, 39.778799]}, "properties": {"kind": "fountain", "osm": "n9811255584"}}, {"type": "Feature", "geometry": {"type": "Point", "coordinates": [20.642368, 38.666167]}, "properties": {"kind": "spring", "osm": "n9812359534"}}, {"type": "Feature", "geometry": {"type": "Point", "coordinates": [20.646705, 38.679735]}, "properties": {"kind": "spring", "osm": "n9812361806"}}, {"type": "Feature", "geometry": {"type": "Point", "coordinates": [20.650337, 38.671017]}, "properties": {"kind": "spring", "osm": "n9812361883"}}, {"type": "Feature", "geometry": {"type": "Point", "coordinates": [20.671566, 39.933915]}, "properties": {"check_date": "2024-08-22", "kind": "fountain", "osm": "n9812419864"}}, {"type": "Feature", "geometry": {"type": "Point", "coordinates": [19.850334, 39.545587]}, "properties": {"kind": "tap", "osm": "n9812847321"}}, {"type": "Feature", "geometry": {"type": "Point", "coordinates": [20.645164, 38.67325]}, "properties": {"kind": "spring", "osm": "n9813730269"}}, {"type": "Feature", "geometry": {"type": "Point", "coordinates": [20.654608, 38.669612]}, "properties": {"kind": "spring", "osm": "n9813730273"}}, {"type": "Feature", "geometry": {"type": "Point", "coordinates": [20.558275, 40.007056]}, "properties": {"kind": "fountain", "osm": "n9814088848"}}, {"type": "Feature", "geometry": {"type": "Point", "coordinates": [20.586772, 39.977624]}, "properties": {"kind": "fountain", "osm": "n9814088855"}}, {"type": "Feature", "geometry": {"type": "Point", "coordinates": [20.563389, 40.015065]}, "properties": {"kind": "fountain", "osm": "n9814423107"}}, {"type": "Feature", "geometry": {"type": "Point", "coordinates": [20.621889, 40.04796]}, "properties": {"name": "Μάνα Νερού", "kind": "spring", "osm": "n9814423113"}}, {"type": "Feature", "geometry": {"type": "Point", "coordinates": [20.597235, 40.007975]}, "properties": {"kind": "fountain", "osm": "n9814482617"}}, {"type": "Feature", "geometry": {"type": "Point", "coordinates": [20.6208, 40.06346]}, "properties": {"check_date": "2024-08-21", "kind": "fountain", "osm": "n9819875965"}}, {"type": "Feature", "geometry": {"type": "Point", "coordinates": [22.821558, 39.812044]}, "properties": {"kind": "spring", "osm": "n9830482382"}}, {"type": "Feature", "geometry": {"type": "Point", "coordinates": [22.729762, 39.850476]}, "properties": {"kind": "spring", "osm": "n9830487320"}}, {"type": "Feature", "geometry": {"type": "Point", "coordinates": [22.648315, 39.797571]}, "properties": {"kind": "spring", "osm": "n9830490439"}}, {"type": "Feature", "geometry": {"type": "Point", "coordinates": [20.729218, 39.96696]}, "properties": {"kind": "spring", "osm": "n9830570618"}}, {"type": "Feature", "geometry": {"type": "Point", "coordinates": [20.628078, 39.970968]}, "properties": {"kind": "fountain", "osm": "n9830918151"}}, {"type": "Feature", "geometry": {"type": "Point", "coordinates": [22.87128, 39.715561]}, "properties": {"name": "Apa potabila", "kind": "fountain", "osm": "n9839907571"}}, {"type": "Feature", "geometry": {"type": "Point", "coordinates": [24.57442, 36.791527]}, "properties": {"kind": "fountain", "osm": "n9841638700"}}, {"type": "Feature", "geometry": {"type": "Point", "coordinates": [21.921989, 39.56257]}, "properties": {"name:en": "Water tap", "kind": "fountain", "osm": "n9853630517"}}, {"type": "Feature", "geometry": {"type": "Point", "coordinates": [25.474723, 36.371429]}, "properties": {"kind": "fountain", "osm": "n9864330817"}}, {"type": "Feature", "geometry": {"type": "Point", "coordinates": [24.745743, 41.061908]}, "properties": {"kind": "fountain", "osm": "n9865980518"}}, {"type": "Feature", "geometry": {"type": "Point", "coordinates": [21.621745, 39.719034]}, "properties": {"kind": "fountain", "osm": "n9876669817"}}, {"type": "Feature", "geometry": {"type": "Point", "coordinates": [25.438663, 35.118504]}, "properties": {"kind": "fountain", "osm": "n9890128719"}}, {"type": "Feature", "geometry": {"type": "Point", "coordinates": [25.539743, 35.083177]}, "properties": {"kind": "fountain", "osm": "n9890134717"}}, {"type": "Feature", "geometry": {"type": "Point", "coordinates": [25.36528, 35.118553]}, "properties": {"kind": "fountain", "osm": "n9890134817"}}, {"type": "Feature", "geometry": {"type": "Point", "coordinates": [25.655541, 35.144845]}, "properties": {"kind": "fountain", "osm": "n9890134818"}}, {"type": "Feature", "geometry": {"type": "Point", "coordinates": [25.147562, 37.08532]}, "properties": {"drinking_water": "yes", "bottle": "yes", "wheelchair": "yes", "dog": "no", "kind": "tap", "osm": "n9893258135"}}, {"type": "Feature", "geometry": {"type": "Point", "coordinates": [25.154035, 37.087429]}, "properties": {"drinking_water": "yes", "bottle": "yes", "wheelchair": "yes", "dog": "no", "kind": "tap", "osm": "n9893258136"}}, {"type": "Feature", "geometry": {"type": "Point", "coordinates": [20.639981, 38.661396]}, "properties": {"kind": "spring", "osm": "n9894988817"}}, {"type": "Feature", "geometry": {"type": "Point", "coordinates": [22.534099, 37.921205]}, "properties": {"drinking_water": "yes", "kind": "spring", "osm": "n9895359061"}}, {"type": "Feature", "geometry": {"type": "Point", "coordinates": [22.81167, 36.736297]}, "properties": {"kind": "spring", "osm": "n9895518717"}}, {"type": "Feature", "geometry": {"type": "Point", "coordinates": [22.798425, 37.5651]}, "properties": {"drinking_water": "yes", "kind": "tap", "osm": "n9895882640"}}, {"type": "Feature", "geometry": {"type": "Point", "coordinates": [25.828166, 35.01638]}, "properties": {"kind": "fountain", "osm": "n9897127437"}}, {"type": "Feature", "geometry": {"type": "Point", "coordinates": [21.383215, 39.26572]}, "properties": {"check_date": "2024-09-03", "kind": "fountain", "osm": "n9907096841"}}, {"type": "Feature", "geometry": {"type": "Point", "coordinates": [21.395318, 40.847412]}, "properties": {"kind": "fountain", "osm": "n9909733635"}}, {"type": "Feature", "geometry": {"type": "Point", "coordinates": [21.553904, 39.018158]}, "properties": {"kind": "fountain", "osm": "n9911143114"}}, {"type": "Feature", "geometry": {"type": "Point", "coordinates": [20.92138, 37.765434]}, "properties": {"kind": "tap", "osm": "n9913383136"}}, {"type": "Feature", "geometry": {"type": "Point", "coordinates": [26.374708, 41.293792]}, "properties": {"kind": "fountain", "osm": "n9914288617"}}, {"type": "Feature", "geometry": {"type": "Point", "coordinates": [21.265828, 40.517532]}, "properties": {"kind": "fountain", "osm": "n9914777764"}}, {"type": "Feature", "geometry": {"type": "Point", "coordinates": [21.263855, 40.522149]}, "properties": {"kind": "fountain", "osm": "n9915337247"}}, {"type": "Feature", "geometry": {"type": "Point", "coordinates": [21.4548, 40.689396]}, "properties": {"kind": "fountain", "osm": "n9915779655"}}, {"type": "Feature", "geometry": {"type": "Point", "coordinates": [21.458447, 40.691001]}, "properties": {"kind": "fountain", "osm": "n9915779664"}}, {"type": "Feature", "geometry": {"type": "Point", "coordinates": [21.459919, 40.722104]}, "properties": {"kind": "fountain", "osm": "n9915779670"}}, {"type": "Feature", "geometry": {"type": "Point", "coordinates": [21.445746, 40.736581]}, "properties": {"name": "Βρυσή Παπα Λεωνιδα", "kind": "fountain", "osm": "n9915779678"}}, {"type": "Feature", "geometry": {"type": "Point", "coordinates": [21.441456, 40.741527]}, "properties": {"kind": "fountain", "osm": "n9915779683"}}, {"type": "Feature", "geometry": {"type": "Point", "coordinates": [21.794441, 38.915105]}, "properties": {"kind": "fountain", "osm": "n9916873002"}}, {"type": "Feature", "geometry": {"type": "Point", "coordinates": [21.350602, 40.609908]}, "properties": {"kind": "fountain", "osm": "n9917116713"}}, {"type": "Feature", "geometry": {"type": "Point", "coordinates": [21.348634, 40.610271]}, "properties": {"kind": "fountain", "osm": "n9917116715"}}, {"type": "Feature", "geometry": {"type": "Point", "coordinates": [21.34516, 40.612254]}, "properties": {"kind": "fountain", "osm": "n9917116716"}}, {"type": "Feature", "geometry": {"type": "Point", "coordinates": [21.30356, 40.60545]}, "properties": {"kind": "fountain", "osm": "n9917169925"}}, {"type": "Feature", "geometry": {"type": "Point", "coordinates": [21.850655, 38.792955]}, "properties": {"kind": "fountain", "osm": "n9920442703"}}, {"type": "Feature", "geometry": {"type": "Point", "coordinates": [24.598481, 40.616225]}, "properties": {"kind": "tap", "osm": "n9920475636"}}, {"type": "Feature", "geometry": {"type": "Point", "coordinates": [21.848415, 38.759575]}, "properties": {"kind": "fountain", "osm": "n9920494855"}}, {"type": "Feature", "geometry": {"type": "Point", "coordinates": [21.25248, 40.50714]}, "properties": {"kind": "fountain", "osm": "n9920554766"}}, {"type": "Feature", "geometry": {"type": "Point", "coordinates": [21.293019, 40.419594]}, "properties": {"kind": "fountain", "osm": "n9920621807"}}, {"type": "Feature", "geometry": {"type": "Point", "coordinates": [21.305706, 40.415071]}, "properties": {"kind": "fountain", "osm": "n9920621809"}}, {"type": "Feature", "geometry": {"type": "Point", "coordinates": [21.304969, 40.415338]}, "properties": {"kind": "fountain", "osm": "n9920623117"}}, {"type": "Feature", "geometry": {"type": "Point", "coordinates": [21.279509, 40.42193]}, "properties": {"kind": "fountain", "osm": "n9920623199"}}, {"type": "Feature", "geometry": {"type": "Point", "coordinates": [21.277432, 40.426322]}, "properties": {"kind": "fountain", "osm": "n9920623203"}}, {"type": "Feature", "geometry": {"type": "Point", "coordinates": [24.72743, 40.730255]}, "properties": {"kind": "tap", "osm": "n9920720951"}}, {"type": "Feature", "geometry": {"type": "Point", "coordinates": [25.722508, 35.261861]}, "properties": {"access": "yes", "kind": "tap", "osm": "n9920925418"}}, {"type": "Feature", "geometry": {"type": "Point", "coordinates": [20.900645, 37.774754]}, "properties": {"kind": "tap", "osm": "n9921090501"}}, {"type": "Feature", "geometry": {"type": "Point", "coordinates": [21.339117, 40.221892]}, "properties": {"kind": "fountain", "osm": "n9921138154"}}, {"type": "Feature", "geometry": {"type": "Point", "coordinates": [21.323373, 40.260929]}, "properties": {"kind": "fountain", "osm": "n9921138163"}}, {"type": "Feature", "geometry": {"type": "Point", "coordinates": [21.345726, 40.235923]}, "properties": {"kind": "fountain", "osm": "n9921138170"}}, {"type": "Feature", "geometry": {"type": "Point", "coordinates": [21.345368, 40.235805]}, "properties": {"kind": "fountain", "osm": "n9921138176"}}, {"type": "Feature", "geometry": {"type": "Point", "coordinates": [21.338949, 40.222018]}, "properties": {"kind": "fountain", "osm": "n9921138179"}}, {"type": "Feature", "geometry": {"type": "Point", "coordinates": [21.900817, 38.660332]}, "properties": {"kind": "fountain", "osm": "n9921875802"}}, {"type": "Feature", "geometry": {"type": "Point", "coordinates": [21.264945, 40.145515]}, "properties": {"kind": "fountain", "osm": "n9921879351"}}, {"type": "Feature", "geometry": {"type": "Point", "coordinates": [21.30992, 40.38939]}, "properties": {"kind": "fountain", "osm": "n9922220751"}}, {"type": "Feature", "geometry": {"type": "Point", "coordinates": [21.31815, 40.29253]}, "properties": {"kind": "fountain", "osm": "n9922220829"}}, {"type": "Feature", "geometry": {"type": "Point", "coordinates": [21.327454, 40.274823]}, "properties": {"kind": "fountain", "osm": "n9922220887"}}, {"type": "Feature", "geometry": {"type": "Point", "coordinates": [21.25686, 40.518706]}, "properties": {"kind": "fountain", "osm": "n9922224722"}}, {"type": "Feature", "geometry": {"type": "Point", "coordinates": [21.264748, 40.113128]}, "properties": {"kind": "fountain", "osm": "n9922361122"}}, {"type": "Feature", "geometry": {"type": "Point", "coordinates": [21.264911, 40.112821]}, "properties": {"kind": "fountain", "osm": "n9922361126"}}, {"type": "Feature", "geometry": {"type": "Point", "coordinates": [24.071402, 34.87019]}, "properties": {"name": "Λαυρακάς", "drinking_water": "yes", "kind": "point", "osm": "n9922362224"}}, {"type": "Feature", "geometry": {"type": "Point", "coordinates": [21.279219, 40.059893]}, "properties": {"drinking_water": "yes", "kind": "spring", "osm": "n9922728422"}}, {"type": "Feature", "geometry": {"type": "Point", "coordinates": [21.276867, 40.058915]}, "properties": {"kind": "fountain", "osm": "n9922728425"}}, {"type": "Feature", "geometry": {"type": "Point", "coordinates": [21.282495, 40.085104]}, "properties": {"kind": "fountain", "osm": "n9922728431"}}, {"type": "Feature", "geometry": {"type": "Point", "coordinates": [21.278441, 40.063136]}, "properties": {"kind": "fountain", "osm": "n9922728437"}}, {"type": "Feature", "geometry": {"type": "Point", "coordinates": [21.270923, 40.109206]}, "properties": {"kind": "fountain", "osm": "n9922728445"}}, {"type": "Feature", "geometry": {"type": "Point", "coordinates": [21.268878, 40.030037]}, "properties": {"kind": "fountain", "osm": "n9922728453"}}, {"type": "Feature", "geometry": {"type": "Point", "coordinates": [22.976904, 37.59932]}, "properties": {"kind": "fountain", "osm": "n9923693318"}}, {"type": "Feature", "geometry": {"type": "Point", "coordinates": [22.969367, 36.901649]}, "properties": {"kind": "fountain", "osm": "n9923699317"}}, {"type": "Feature", "geometry": {"type": "Point", "coordinates": [24.770662, 37.928113]}, "properties": {"kind": "spring", "osm": "n9923839262"}}, {"type": "Feature", "geometry": {"type": "Point", "coordinates": [21.271876, 40.024384]}, "properties": {"kind": "fountain", "osm": "n9924478667"}}, {"type": "Feature", "geometry": {"type": "Point", "coordinates": [21.262977, 40.023226]}, "properties": {"kind": "fountain", "osm": "n9924478674"}}, {"type": "Feature", "geometry": {"type": "Point", "coordinates": [21.16172, 39.983612]}, "properties": {"kind": "fountain", "osm": "n9924478678"}}, {"type": "Feature", "geometry": {"type": "Point", "coordinates": [21.160067, 39.982396]}, "properties": {"kind": "fountain", "osm": "n9924478681"}}, {"type": "Feature", "geometry": {"type": "Point", "coordinates": [21.142991, 39.982483]}, "properties": {"kind": "fountain", "osm": "n9924478690"}}, {"type": "Feature", "geometry": {"type": "Point", "coordinates": [25.815121, 35.002684]}, "properties": {"kind": "tap", "osm": "n9927400803"}}, {"type": "Feature", "geometry": {"type": "Point", "coordinates": [25.241038, 37.051297]}, "properties": {"kind": "fountain", "osm": "n9928413118"}}, {"type": "Feature", "geometry": {"type": "Point", "coordinates": [21.125974, 39.940598]}, "properties": {"kind": "spring", "osm": "n9929165470"}}, {"type": "Feature", "geometry": {"type": "Point", "coordinates": [21.116568, 39.975568]}, "properties": {"kind": "fountain", "osm": "n9929165472"}}, {"type": "Feature", "geometry": {"type": "Point", "coordinates": [21.116138, 39.979091]}, "properties": {"kind": "fountain", "osm": "n9929165475"}}, {"type": "Feature", "geometry": {"type": "Point", "coordinates": [22.660125, 36.846519]}, "properties": {"kind": "tap", "osm": "n9929646120"}}, {"type": "Feature", "geometry": {"type": "Point", "coordinates": [21.182725, 39.770233]}, "properties": {"kind": "fountain", "osm": "n9929788696"}}, {"type": "Feature", "geometry": {"type": "Point", "coordinates": [21.173928, 39.764027]}, "properties": {"kind": "fountain", "osm": "n9929942223"}}, {"type": "Feature", "geometry": {"type": "Point", "coordinates": [21.127436, 39.735692]}, "properties": {"kind": "fountain", "osm": "n9931428813"}}, {"type": "Feature", "geometry": {"type": "Point", "coordinates": [21.090526, 39.741067]}, "properties": {"name": "Βρύση Κουστουρο", "kind": "fountain", "osm": "n9931482717"}}, {"type": "Feature", "geometry": {"type": "Point", "coordinates": [21.12805, 39.735245]}, "properties": {"kind": "fountain", "osm": "n9931482718"}}, {"type": "Feature", "geometry": {"type": "Point", "coordinates": [21.130151, 39.733598]}, "properties": {"kind": "fountain", "osm": "n9931482733"}}, {"type": "Feature", "geometry": {"type": "Point", "coordinates": [20.966525, 39.694993]}, "properties": {"kind": "fountain", "osm": "n9932953384"}}, {"type": "Feature", "geometry": {"type": "Point", "coordinates": [20.961438, 39.676204]}, "properties": {"kind": "fountain", "osm": "n9932953385"}}, {"type": "Feature", "geometry": {"type": "Point", "coordinates": [20.939569, 39.658122]}, "properties": {"kind": "fountain", "osm": "n9933059218"}}, {"type": "Feature", "geometry": {"type": "Point", "coordinates": [21.890494, 36.774454]}, "properties": {"drinking_water": "yes", "kind": "fountain", "osm": "n9933119331"}}, {"type": "Feature", "geometry": {"type": "Point", "coordinates": [20.874397, 39.645506]}, "properties": {"kind": "fountain", "osm": "n9933208693"}}, {"type": "Feature", "geometry": {"type": "Point", "coordinates": [20.688829, 39.775113]}, "properties": {"kind": "fountain", "osm": "n9934068775"}}, {"type": "Feature", "geometry": {"type": "Point", "coordinates": [20.693923, 39.772471]}, "properties": {"kind": "fountain", "osm": "n9934091229"}}, {"type": "Feature", "geometry": {"type": "Point", "coordinates": [23.400609, 40.133196]}, "properties": {"kind": "fountain", "osm": "n9935390525"}}, {"type": "Feature", "geometry": {"type": "Point", "coordinates": [21.10186, 39.74211]}, "properties": {"kind": "fountain", "osm": "n9935471700"}}, {"type": "Feature", "geometry": {"type": "Point", "coordinates": [20.572502, 39.855623]}, "properties": {"kind": "fountain", "osm": "n9939724833"}}, {"type": "Feature", "geometry": {"type": "Point", "coordinates": [20.524775, 39.869864]}, "properties": {"kind": "fountain", "osm": "n9941820533"}}, {"type": "Feature", "geometry": {"type": "Point", "coordinates": [20.520141, 39.873177]}, "properties": {"kind": "fountain", "osm": "n9942255656"}}, {"type": "Feature", "geometry": {"type": "Point", "coordinates": [20.4942, 39.893637]}, "properties": {"kind": "fountain", "osm": "n9942255660"}}, {"type": "Feature", "geometry": {"type": "Point", "coordinates": [20.522095, 39.870438]}, "properties": {"kind": "fountain", "osm": "n9942255662"}}, {"type": "Feature", "geometry": {"type": "Point", "coordinates": [20.500458, 39.886809]}, "properties": {"kind": "fountain", "osm": "n9942255663"}}, {"type": "Feature", "geometry": {"type": "Point", "coordinates": [23.594182, 40.485586]}, "properties": {"kind": "fountain", "osm": "n9942723675"}}, {"type": "Feature", "geometry": {"type": "Point", "coordinates": [26.302998, 37.662611]}, "properties": {"kind": "fountain", "osm": "n9943289717"}}, {"type": "Feature", "geometry": {"type": "Point", "coordinates": [21.44205, 40.67262]}, "properties": {"kind": "fountain", "osm": "n9944996385"}}, {"type": "Feature", "geometry": {"type": "Point", "coordinates": [20.74753, 39.751469]}, "properties": {"kind": "fountain", "osm": "n9945017094"}}, {"type": "Feature", "geometry": {"type": "Point", "coordinates": [25.370164, 40.957751]}, "properties": {"kind": "fountain", "osm": "n9947257985"}}, {"type": "Feature", "geometry": {"type": "Point", "coordinates": [25.716972, 40.852941]}, "properties": {"kind": "fountain", "osm": "n9948959312"}}, {"type": "Feature", "geometry": {"type": "Point", "coordinates": [22.680299, 38.053574]}, "properties": {"kind": "tap", "osm": "n9949380901"}}, {"type": "Feature", "geometry": {"type": "Point", "coordinates": [23.7217, 37.970028]}, "properties": {"bottle": "yes", "fee": "no", "access": "yes", "seasonal": "no", "opening_hours": "24/7", "wheelchair": "yes", "covered": "no", "kind": "fountain", "osm": "n9955273687"}}, {"type": "Feature", "geometry": {"type": "Point", "coordinates": [25.493356, 37.081109]}, "properties": {"kind": "fountain", "osm": "n9961480277"}}, {"type": "Feature", "geometry": {"type": "Point", "coordinates": [21.757496, 37.848356]}, "properties": {"access": "yes", "kind": "fountain", "osm": "n9964986021"}}, {"type": "Feature", "geometry": {"type": "Point", "coordinates": [21.784043, 37.847369]}, "properties": {"bottle": "yes", "operator": "Πηγή", "kind": "fountain", "osm": "n9964993269"}}, {"type": "Feature", "geometry": {"type": "Point", "coordinates": [21.753489, 37.851597]}, "properties": {"kind": "fountain", "osm": "n9965005156"}}, {"type": "Feature", "geometry": {"type": "Point", "coordinates": [21.752931, 37.852639]}, "properties": {"kind": "fountain", "osm": "n9965005157"}}, {"type": "Feature", "geometry": {"type": "Point", "coordinates": [21.761793, 37.853403]}, "properties": {"kind": "fountain", "osm": "n9965019203"}}, {"type": "Feature", "geometry": {"type": "Point", "coordinates": [21.762627, 37.850607]}, "properties": {"access": "yes", "kind": "fountain", "osm": "n9965029567"}}, {"type": "Feature", "geometry": {"type": "Point", "coordinates": [21.764563, 37.851663]}, "properties": {"kind": "fountain", "osm": "n9965029568"}}, {"type": "Feature", "geometry": {"type": "Point", "coordinates": [21.768266, 37.854755]}, "properties": {"operator": "Πηγή Ιτιάς", "kind": "fountain", "osm": "n9965041607"}}, {"type": "Feature", "geometry": {"type": "Point", "coordinates": [21.738098, 37.832769]}, "properties": {"kind": "fountain", "osm": "n9965061546"}}, {"type": "Feature", "geometry": {"type": "Point", "coordinates": [25.383818, 35.307777]}, "properties": {"kind": "tap", "osm": "n9966276002"}}, {"type": "Feature", "geometry": {"type": "Point", "coordinates": [25.274003, 36.723134]}, "properties": {"kind": "fountain", "osm": "n9966733882"}}, {"type": "Feature", "geometry": {"type": "Point", "coordinates": [20.53349, 39.946092]}, "properties": {"kind": "fountain", "osm": "n9967864117"}}, {"type": "Feature", "geometry": {"type": "Point", "coordinates": [20.572631, 39.590626]}, "properties": {"kind": "fountain", "osm": "n9972321706"}}, {"type": "Feature", "geometry": {"type": "Point", "coordinates": [21.232884, 38.457459]}, "properties": {"kind": "fountain", "osm": "n9983373167"}}, {"type": "Feature", "geometry": {"type": "Point", "coordinates": [21.54132, 38.369843]}, "properties": {"kind": "fountain", "osm": "n9985229152"}}, {"type": "Feature", "geometry": {"type": "Point", "coordinates": [21.568713, 38.385817]}, "properties": {"kind": "fountain", "osm": "n9985812847"}}, {"type": "Feature", "geometry": {"type": "Point", "coordinates": [24.435945, 35.239145]}, "properties": {"name": "Tap", "kind": "fountain", "osm": "n9987573915"}}, {"type": "Feature", "geometry": {"type": "Point", "coordinates": [24.56453, 35.192139]}, "properties": {"kind": "fountain", "osm": "n9987576805"}}, {"type": "Feature", "geometry": {"type": "Point", "coordinates": [24.353178, 35.286495]}, "properties": {"drinking_water": "yes", "kind": "spring", "osm": "n9987576806"}}, {"type": "Feature", "geometry": {"type": "Point", "coordinates": [24.615016, 35.220767]}, "properties": {"drinking_water": "yes", "kind": "spring", "osm": "n9987596176"}}, {"type": "Feature", "geometry": {"type": "Point", "coordinates": [24.543181, 35.204757]}, "properties": {"kind": "fountain", "osm": "n9987604000"}}, {"type": "Feature", "geometry": {"type": "Point", "coordinates": [24.211558, 35.20168]}, "properties": {"kind": "fountain", "osm": "n9987604001"}}, {"type": "Feature", "geometry": {"type": "Point", "coordinates": [24.536239, 35.215294]}, "properties": {"kind": "fountain", "osm": "n9987620175"}}, {"type": "Feature", "geometry": {"type": "Point", "coordinates": [24.651149, 35.226868]}, "properties": {"drinking_water": "yes", "kind": "spring", "osm": "n9987620903"}}, {"type": "Feature", "geometry": {"type": "Point", "coordinates": [24.136811, 35.201873]}, "properties": {"kind": "tap", "osm": "n9987626263"}}, {"type": "Feature", "geometry": {"type": "Point", "coordinates": [24.413288, 35.246689]}, "properties": {"kind": "fountain", "osm": "n9987627761"}}, {"type": "Feature", "geometry": {"type": "Point", "coordinates": [24.603245, 35.212245]}, "properties": {"name": "Empty valve", "kind": "tap", "osm": "n9987627853"}}, {"type": "Feature", "geometry": {"type": "Point", "coordinates": [24.337837, 35.258238]}, "properties": {"drinking_water": "yes", "kind": "spring", "osm": "n9987627936"}}, {"type": "Feature", "geometry": {"type": "Point", "coordinates": [24.607698, 35.212718]}, "properties": {"drinking_water": "yes", "kind": "spring", "osm": "n9987631941"}}, {"type": "Feature", "geometry": {"type": "Point", "coordinates": [24.348969, 35.279658]}, "properties": {"drinking_water": "yes", "kind": "spring", "osm": "n9987632994"}}, {"type": "Feature", "geometry": {"type": "Point", "coordinates": [22.408996, 38.089359]}, "properties": {"kind": "fountain", "osm": "n9989805245"}}, {"type": "Feature", "geometry": {"type": "Point", "coordinates": [22.394186, 38.074003]}, "properties": {"kind": "fountain", "osm": "n9989852552"}}, {"type": "Feature", "geometry": {"type": "Point", "coordinates": [22.392727, 38.070847]}, "properties": {"kind": "fountain", "osm": "n9989930048"}}, {"type": "Feature", "geometry": {"type": "Point", "coordinates": [20.682756, 38.722564]}, "properties": {"kind": "fountain", "osm": "n9990132717"}}, {"type": "Feature", "geometry": {"type": "Point", "coordinates": [22.951942, 40.619252]}, "properties": {"bottle": "yes", "fee": "no", "access": "yes", "kind": "fountain", "osm": "n9990152842"}}, {"type": "Feature", "geometry": {"type": "Point", "coordinates": [22.951794, 40.617631]}, "properties": {"bottle": "yes", "fee": "no", "access": "yes", "kind": "fountain", "osm": "n9990181018"}}, {"type": "Feature", "geometry": {"type": "Point", "coordinates": [22.950948, 40.610818]}, "properties": {"bottle": "yes", "fee": "no", "access": "yes", "kind": "fountain", "osm": "n9990419456"}}, {"type": "Feature", "geometry": {"type": "Point", "coordinates": [22.950825, 40.609854]}, "properties": {"bottle": "yes", "fee": "no", "access": "yes", "kind": "fountain", "osm": "n9990423534"}}, {"type": "Feature", "geometry": {"type": "Point", "coordinates": [22.348919, 37.956002]}, "properties": {"kind": "fountain", "osm": "n9990467445"}}, {"type": "Feature", "geometry": {"type": "Point", "coordinates": [22.345771, 37.94727]}, "properties": {"kind": "fountain", "osm": "n9990480579"}}, {"type": "Feature", "geometry": {"type": "Point", "coordinates": [23.881075, 40.400457]}, "properties": {"drinking_water": "yes", "kind": "tap", "osm": "n9994392770"}}, {"type": "Feature", "geometry": {"type": "Point", "coordinates": [23.93408, 40.382157]}, "properties": {"kind": "tap", "osm": "n9995437349"}}, {"type": "Feature", "geometry": {"type": "Point", "coordinates": [22.880164, 37.753707]}, "properties": {"kind": "fountain", "osm": "n9999044472"}}, {"type": "Feature", "geometry": {"type": "Point", "coordinates": [21.566545, 39.298216]}, "properties": {"kind": "tap", "osm": "n9999928049"}}, {"type": "Feature", "geometry": {"type": "Point", "coordinates": [21.263358, 39.482953]}, "properties": {"name": "Πηγή", "kind": "spring", "osm": "n9999962884"}}, {"type": "Feature", "geometry": {"type": "Point", "coordinates": [21.240459, 40.789632]}, "properties": {"drinking_water": "yes", "kind": "spring", "osm": "n10005102945"}}, {"type": "Feature", "geometry": {"type": "Point", "coordinates": [21.140405, 40.835646]}, "properties": {"fee": "yes", "kind": "fountain", "osm": "n10005102946"}}, {"type": "Feature", "geometry": {"type": "Point", "coordinates": [21.080544, 40.788514]}, "properties": {"kind": "fountain", "osm": "n10005102947"}}, {"type": "Feature", "geometry": {"type": "Point", "coordinates": [21.031259, 40.828758]}, "properties": {"kind": "fountain", "osm": "n10005102951"}}, {"type": "Feature", "geometry": {"type": "Point", "coordinates": [24.78053, 37.856885]}, "properties": {"kind": "spring", "osm": "n10005334425"}}, {"type": "Feature", "geometry": {"type": "Point", "coordinates": [22.307705, 39.08569]}, "properties": {"kind": "fountain", "osm": "n10008897734"}}, {"type": "Feature", "geometry": {"type": "Point", "coordinates": [23.942265, 40.042414]}, "properties": {"kind": "fountain", "osm": "n10010437742"}}, {"type": "Feature", "geometry": {"type": "Point", "coordinates": [21.271518, 40.515046]}, "properties": {"kind": "fountain", "osm": "n10010440507"}}, {"type": "Feature", "geometry": {"type": "Point", "coordinates": [23.914917, 40.155004]}, "properties": {"kind": "fountain", "osm": "n10010442402"}}, {"type": "Feature", "geometry": {"type": "Point", "coordinates": [24.008037, 41.026203]}, "properties": {"kind": "fountain", "osm": "n10010442403"}}, {"type": "Feature", "geometry": {"type": "Point", "coordinates": [23.830453, 40.141353]}, "properties": {"kind": "fountain", "osm": "n10010455431"}}, {"type": "Feature", "geometry": {"type": "Point", "coordinates": [23.915742, 40.153606]}, "properties": {"kind": "fountain", "osm": "n10010458643"}}, {"type": "Feature", "geometry": {"type": "Point", "coordinates": [21.278196, 40.509678]}, "properties": {"kind": "fountain", "osm": "n10010459158"}}, {"type": "Feature", "geometry": {"type": "Point", "coordinates": [23.916318, 40.152753]}, "properties": {"kind": "fountain", "osm": "n10010459160"}}, {"type": "Feature", "geometry": {"type": "Point", "coordinates": [24.012996, 41.025892]}, "properties": {"kind": "fountain", "osm": "n10010459161"}}, {"type": "Feature", "geometry": {"type": "Point", "coordinates": [22.052104, 40.801005]}, "properties": {"kind": "fountain", "osm": "n10010460572"}}, {"type": "Feature", "geometry": {"type": "Point", "coordinates": [23.706117, 40.327479]}, "properties": {"kind": "fountain", "osm": "n10010461774"}}, {"type": "Feature", "geometry": {"type": "Point", "coordinates": [22.053635, 40.801803]}, "properties": {"kind": "fountain", "osm": "n10010462282"}}, {"type": "Feature", "geometry": {"type": "Point", "coordinates": [23.915533, 40.153822]}, "properties": {"kind": "fountain", "osm": "n10010462283"}}, {"type": "Feature", "geometry": {"type": "Point", "coordinates": [22.05528, 40.803681]}, "properties": {"kind": "fountain", "osm": "n10010462814"}}, {"type": "Feature", "geometry": {"type": "Point", "coordinates": [21.491073, 40.587576]}, "properties": {"kind": "fountain", "osm": "n10010463794"}}, {"type": "Feature", "geometry": {"type": "Point", "coordinates": [23.915, 40.152666]}, "properties": {"kind": "fountain", "osm": "n10010463796"}}, {"type": "Feature", "geometry": {"type": "Point", "coordinates": [22.054796, 40.803867]}, "properties": {"kind": "fountain", "osm": "n10010470798"}}, {"type": "Feature", "geometry": {"type": "Point", "coordinates": [22.004221, 40.804559]}, "properties": {"kind": "fountain", "osm": "n10010472008"}}, {"type": "Feature", "geometry": {"type": "Point", "coordinates": [23.915421, 40.152619]}, "properties": {"kind": "fountain", "osm": "n10010472009"}}, {"type": "Feature", "geometry": {"type": "Point", "coordinates": [21.26991, 40.51457]}, "properties": {"kind": "fountain", "osm": "n10010476961"}}, {"type": "Feature", "geometry": {"type": "Point", "coordinates": [23.916884, 40.15243]}, "properties": {"kind": "fountain", "osm": "n10010480042"}}, {"type": "Feature", "geometry": {"type": "Point", "coordinates": [23.966511, 41.068063]}, "properties": {"kind": "fountain", "osm": "n10010481519"}}, {"type": "Feature", "geometry": {"type": "Point", "coordinates": [23.916254, 40.152092]}, "properties": {"kind": "fountain", "osm": "n10010481617"}}, {"type": "Feature", "geometry": {"type": "Point", "coordinates": [20.784137, 39.556706]}, "properties": {"bottle": "no", "fee": "no", "access": "permissive", "kind": "fountain", "osm": "n10012224733"}}, {"type": "Feature", "geometry": {"type": "Point", "coordinates": [22.600194, 40.003253]}, "properties": {"bottle": "yes", "fee": "no", "access": "yes", "kind": "fountain", "osm": "n10012738377"}}, {"type": "Feature", "geometry": {"type": "Point", "coordinates": [21.497761, 40.838547]}, "properties": {"kind": "fountain", "osm": "n10015144336"}}, {"type": "Feature", "geometry": {"type": "Point", "coordinates": [22.802279, 37.562361]}, "properties": {"kind": "fountain", "osm": "n10019123432"}}, {"type": "Feature", "geometry": {"type": "Point", "coordinates": [21.487363, 40.780785]}, "properties": {"kind": "fountain", "osm": "n10020293742"}}, {"type": "Feature", "geometry": {"type": "Point", "coordinates": [21.484854, 40.781846]}, "properties": {"kind": "fountain", "osm": "n10020300402"}}, {"type": "Feature", "geometry": {"type": "Point", "coordinates": [20.689845, 38.082397]}, "properties": {"kind": "fountain", "osm": "n10020417526"}}, {"type": "Feature", "geometry": {"type": "Point", "coordinates": [21.678466, 40.690302]}, "properties": {"kind": "fountain", "osm": "n10024090590"}}, {"type": "Feature", "geometry": {"type": "Point", "coordinates": [21.962784, 40.875243]}, "properties": {"kind": "fountain", "osm": "n10026747632"}}, {"type": "Feature", "geometry": {"type": "Point", "coordinates": [21.928644, 40.950612]}, "properties": {"kind": "fountain", "osm": "n10026801509"}}, {"type": "Feature", "geometry": {"type": "Point", "coordinates": [21.926461, 40.951666]}, "properties": {"kind": "fountain", "osm": "n10026846833"}}, {"type": "Feature", "geometry": {"type": "Point", "coordinates": [22.160822, 41.057894]}, "properties": {"kind": "fountain", "osm": "n10029216852"}}, {"type": "Feature", "geometry": {"type": "Point", "coordinates": [22.162847, 41.057601]}, "properties": {"kind": "fountain", "osm": "n10029221022"}}, {"type": "Feature", "geometry": {"type": "Point", "coordinates": [22.209211, 41.102167]}, "properties": {"kind": "fountain", "osm": "n10029536659"}}, {"type": "Feature", "geometry": {"type": "Point", "coordinates": [22.264988, 41.101339]}, "properties": {"kind": "fountain", "osm": "n10029617401"}}, {"type": "Feature", "geometry": {"type": "Point", "coordinates": [20.662641, 39.199159]}, "properties": {"kind": "fountain", "osm": "n10030956217"}}, {"type": "Feature", "geometry": {"type": "Point", "coordinates": [22.498609, 41.010442]}, "properties": {"kind": "fountain", "osm": "n10031493876"}}, {"type": "Feature", "geometry": {"type": "Point", "coordinates": [22.504214, 41.005896]}, "properties": {"kind": "fountain", "osm": "n10031497181"}}, {"type": "Feature", "geometry": {"type": "Point", "coordinates": [22.791168, 41.037388]}, "properties": {"kind": "fountain", "osm": "n10033365414"}}, {"type": "Feature", "geometry": {"type": "Point", "coordinates": [23.066231, 40.753783]}, "properties": {"kind": "fountain", "osm": "n10035898202"}}, {"type": "Feature", "geometry": {"type": "Point", "coordinates": [23.585792, 40.670378]}, "properties": {"kind": "fountain", "osm": "n10036702333"}}, {"type": "Feature", "geometry": {"type": "Point", "coordinates": [23.931669, 40.751703]}, "properties": {"kind": "fountain", "osm": "n10039081894"}}, {"type": "Feature", "geometry": {"type": "Point", "coordinates": [24.912888, 37.831277]}, "properties": {"name": "Παραδοσιακή Κρήνη Λαμυρών", "fee": "no", "access": "yes", "covered": "yes", "kind": "fountain", "osm": "n10039826315"}}, {"type": "Feature", "geometry": {"type": "Point", "coordinates": [24.912802, 37.8345]}, "properties": {"kind": "fountain", "osm": "n10039868457"}}, {"type": "Feature", "geometry": {"type": "Point", "coordinates": [24.914283, 37.835584]}, "properties": {"name": "Παραδοσιακή Κρήνη Μπρούτου Μεσαθούρι", "fee": "no", "access": "yes", "covered": "yes", "kind": "fountain", "osm": "n10039868470"}}, {"type": "Feature", "geometry": {"type": "Point", "coordinates": [24.915986, 37.836901]}, "properties": {"name": "Παραδοσιακη Κρηνη Υψηλου", "fee": "no", "access": "yes", "covered": "yes", "kind": "fountain", "osm": "n10039868471"}}, {"type": "Feature", "geometry": {"type": "Point", "coordinates": [24.918602, 37.838805]}, "properties": {"kind": "fountain", "osm": "n10039868482"}}, {"type": "Feature", "geometry": {"type": "Point", "coordinates": [24.950555, 37.818491]}, "properties": {"fee": "no", "access": "yes", "kind": "fountain", "osm": "n10042826098"}}, {"type": "Feature", "geometry": {"type": "Point", "coordinates": [24.760648, 41.092393]}, "properties": {"kind": "fountain", "osm": "n10044187607"}}, {"type": "Feature", "geometry": {"type": "Point", "coordinates": [23.669502, 39.127419]}, "properties": {"name": "Πλατανακια", "name:el": "Πλατανακια", "name:en": "Platanakia", "kind": "spring", "osm": "n10044235951"}}, {"type": "Feature", "geometry": {"type": "Point", "coordinates": [23.050312, 40.62727]}, "properties": {"name": "Πηγές ξηροπόταμου", "kind": "spring", "osm": "n10047369040"}}, {"type": "Feature", "geometry": {"type": "Point", "coordinates": [24.938064, 37.837365]}, "properties": {"fee": "no", "access": "yes", "kind": "fountain", "osm": "n10049127534"}}, {"type": "Feature", "geometry": {"type": "Point", "coordinates": [27.215501, 35.506851]}, "properties": {"kind": "fountain", "osm": "n10050620926"}}, {"type": "Feature", "geometry": {"type": "Point", "coordinates": [27.233605, 35.501338]}, "properties": {"kind": "fountain", "osm": "n10050631517"}}, {"type": "Feature", "geometry": {"type": "Point", "coordinates": [27.198568, 35.519526]}, "properties": {"kind": "fountain", "osm": "n10051686819"}}, {"type": "Feature", "geometry": {"type": "Point", "coordinates": [27.211558, 35.508486]}, "properties": {"kind": "fountain", "osm": "n10051686917"}}, {"type": "Feature", "geometry": {"type": "Point", "coordinates": [27.202746, 35.511292]}, "properties": {"kind": "fountain", "osm": "n10051687017"}}, {"type": "Feature", "geometry": {"type": "Point", "coordinates": [24.940131, 37.838707]}, "properties": {"kind": "fountain", "osm": "n10052063065"}}, {"type": "Feature", "geometry": {"type": "Point", "coordinates": [24.938911, 37.838315]}, "properties": {"kind": "fountain", "osm": "n10052063069"}}, {"type": "Feature", "geometry": {"type": "Point", "coordinates": [22.770352, 41.243837]}, "properties": {"kind": "fountain", "osm": "n10055409016"}}, {"type": "Feature", "geometry": {"type": "Point", "coordinates": [27.179313, 35.737958]}, "properties": {"name:en": "Mesa Vrisi", "kind": "fountain", "osm": "n10056479917"}}, {"type": "Feature", "geometry": {"type": "Point", "coordinates": [23.418618, 38.165353]}, "properties": {"name": "ΟΙΝΟΗ", "operator": "Δημόσιο", "kind": "fountain", "osm": "n10058007017"}}, {"type": "Feature", "geometry": {"type": "Point", "coordinates": [28.226067, 36.443795]}, "properties": {"kind": "fountain", "osm": "n10060319717"}}, {"type": "Feature", "geometry": {"type": "Point", "coordinates": [20.700096, 38.715195]}, "properties": {"kind": "fountain", "osm": "n10060846218"}}, {"type": "Feature", "geometry": {"type": "Point", "coordinates": [20.715565, 39.945471]}, "properties": {"name": "Πηγές Βοϊδομάτη", "kind": "spring", "osm": "n10060872692"}}, {"type": "Feature", "geometry": {"type": "Point", "coordinates": [24.437167, 38.107845]}, "properties": {"fee": "no", "access": "yes", "wheelchair": "yes", "kind": "fountain", "osm": "n10063675319"}}, {"type": "Feature", "geometry": {"type": "Point", "coordinates": [22.951498, 40.615287]}, "properties": {"kind": "fountain", "osm": "n10064056753"}}, {"type": "Feature", "geometry": {"type": "Point", "coordinates": [28.059429, 36.121888]}, "properties": {"kind": "fountain", "osm": "n10066742922"}}, {"type": "Feature", "geometry": {"type": "Point", "coordinates": [24.939523, 37.838018]}, "properties": {"kind": "fountain", "osm": "n10068801653"}}, {"type": "Feature", "geometry": {"type": "Point", "coordinates": [24.940384, 37.838248]}, "properties": {"kind": "fountain", "osm": "n10068801660"}}, {"type": "Feature", "geometry": {"type": "Point", "coordinates": [24.940921, 37.838388]}, "properties": {"kind": "fountain", "osm": "n10068801663"}}, {"type": "Feature", "geometry": {"type": "Point", "coordinates": [24.941296, 37.838625]}, "properties": {"kind": "fountain", "osm": "n10068801665"}}, {"type": "Feature", "geometry": {"type": "Point", "coordinates": [24.941264, 37.839047]}, "properties": {"kind": "fountain", "osm": "n10068801690"}}, {"type": "Feature", "geometry": {"type": "Point", "coordinates": [20.538173, 39.949468]}, "properties": {"drinking_water": "yes", "kind": "point", "osm": "n10069089511"}}, {"type": "Feature", "geometry": {"type": "Point", "coordinates": [25.344233, 41.200562]}, "properties": {"kind": "fountain", "osm": "n10076375027"}}, {"type": "Feature", "geometry": {"type": "Point", "coordinates": [25.324525, 41.214806]}, "properties": {"kind": "fountain", "osm": "n10076388456"}}, {"type": "Feature", "geometry": {"type": "Point", "coordinates": [25.338951, 41.200092]}, "properties": {"kind": "fountain", "osm": "n10076450791"}}, {"type": "Feature", "geometry": {"type": "Point", "coordinates": [27.258834, 36.876528]}, "properties": {"kind": "fountain", "osm": "n10081497133"}}, {"type": "Feature", "geometry": {"type": "Point", "coordinates": [26.848482, 37.784308]}, "properties": {"kind": "fountain", "osm": "n10087379232"}}, {"type": "Feature", "geometry": {"type": "Point", "coordinates": [26.855224, 37.773665]}, "properties": {"kind": "fountain", "osm": "n10087379518"}}, {"type": "Feature", "geometry": {"type": "Point", "coordinates": [27.008584, 37.761483]}, "properties": {"kind": "fountain", "osm": "n10090079625"}}, {"type": "Feature", "geometry": {"type": "Point", "coordinates": [21.074452, 39.929979]}, "properties": {"name": "Νερό", "kind": "spring", "osm": "n10092298168"}}, {"type": "Feature", "geometry": {"type": "Point", "coordinates": [21.07667, 39.934344]}, "properties": {"name": "Τζουμέρκα Βρύση", "kind": "spring", "osm": "n10094780909"}}, {"type": "Feature", "geometry": {"type": "Point", "coordinates": [21.625763, 39.705854]}, "properties": {"kind": "fountain", "osm": "n10095829017"}}, {"type": "Feature", "geometry": {"type": "Point", "coordinates": [21.630188, 39.711089]}, "properties": {"kind": "fountain", "osm": "n10095829019"}}, {"type": "Feature", "geometry": {"type": "Point", "coordinates": [21.626558, 39.709884]}, "properties": {"kind": "fountain", "osm": "n10095829020"}}, {"type": "Feature", "geometry": {"type": "Point", "coordinates": [26.253522, 39.231037]}, "properties": {"kind": "fountain", "osm": "n10097345785"}}, {"type": "Feature", "geometry": {"type": "Point", "coordinates": [21.621876, 39.719089]}, "properties": {"kind": "fountain", "osm": "n10100102018"}}, {"type": "Feature", "geometry": {"type": "Point", "coordinates": [21.625171, 39.70305]}, "properties": {"kind": "fountain", "osm": "n10100102024"}}, {"type": "Feature", "geometry": {"type": "Point", "coordinates": [22.640477, 38.075209]}, "properties": {"kind": "fountain", "osm": "n10107898702"}}, {"type": "Feature", "geometry": {"type": "Point", "coordinates": [21.613195, 38.504112]}, "properties": {"kind": "fountain", "osm": "n10110657417"}}, {"type": "Feature", "geometry": {"type": "Point", "coordinates": [21.111985, 39.044573]}, "properties": {"kind": "fountain", "osm": "n10110657418"}}, {"type": "Feature", "geometry": {"type": "Point", "coordinates": [20.659516, 38.684228]}, "properties": {"drinking_water": "yes", "kind": "spring", "osm": "n10116861700"}}, {"type": "Feature", "geometry": {"type": "Point", "coordinates": [19.866119, 39.525933]}, "properties": {"name": "Πηγή Κάτω Παυλιάνας", "name:el": "Πηγή Κάτω Παυλιάνας", "kind": "spring", "osm": "n10121829994"}}, {"type": "Feature", "geometry": {"type": "Point", "coordinates": [24.473332, 35.366464]}, "properties": {"bottle": "yes", "access": "yes", "kind": "fountain", "osm": "n10121947755"}}, {"type": "Feature", "geometry": {"type": "Point", "coordinates": [23.74229, 41.127169]}, "properties": {"access": "yes", "kind": "tap", "osm": "n10125938674"}}, {"type": "Feature", "geometry": {"type": "Point", "coordinates": [23.743512, 41.127192]}, "properties": {"access": "yes", "kind": "tap", "osm": "n10129880025"}}, {"type": "Feature", "geometry": {"type": "Point", "coordinates": [23.743481, 41.127045]}, "properties": {"access": "yes", "kind": "tap", "osm": "n10129880026"}}, {"type": "Feature", "geometry": {"type": "Point", "coordinates": [20.34969, 39.331799]}, "properties": {"drinking_water": "yes", "kind": "spring", "osm": "n10137293059"}}, {"type": "Feature", "geometry": {"type": "Point", "coordinates": [24.215218, 35.368917]}, "properties": {"kind": "fountain", "osm": "n10137813446"}}, {"type": "Feature", "geometry": {"type": "Point", "coordinates": [22.996076, 36.943365]}, "properties": {"kind": "fountain", "osm": "n10142724261"}}, {"type": "Feature", "geometry": {"type": "Point", "coordinates": [23.934342, 40.831722]}, "properties": {"kind": "tap", "osm": "n10144678384"}}, {"type": "Feature", "geometry": {"type": "Point", "coordinates": [26.637462, 37.76924]}, "properties": {"drinking_water": "yes", "kind": "tap", "osm": "n10145074700"}}, {"type": "Feature", "geometry": {"type": "Point", "coordinates": [22.419542, 37.076781]}, "properties": {"kind": "fountain", "osm": "n10146785834"}}, {"type": "Feature", "geometry": {"type": "Point", "coordinates": [22.409252, 37.078642]}, "properties": {"kind": "fountain", "osm": "n10146793323"}}, {"type": "Feature", "geometry": {"type": "Point", "coordinates": [22.389791, 37.085599]}, "properties": {"kind": "fountain", "osm": "n10146819452"}}, {"type": "Feature", "geometry": {"type": "Point", "coordinates": [22.358126, 37.092172]}, "properties": {"kind": "fountain", "osm": "n10146867035"}}, {"type": "Feature", "geometry": {"type": "Point", "coordinates": [22.353356, 37.092208]}, "properties": {"kind": "fountain", "osm": "n10146868450"}}, {"type": "Feature", "geometry": {"type": "Point", "coordinates": [22.350145, 37.093426]}, "properties": {"kind": "fountain", "osm": "n10146875753"}}, {"type": "Feature", "geometry": {"type": "Point", "coordinates": [22.354693, 37.092336]}, "properties": {"kind": "fountain", "osm": "n10146876299"}}, {"type": "Feature", "geometry": {"type": "Point", "coordinates": [23.933219, 40.83028]}, "properties": {"kind": "tap", "osm": "n10147876167"}}, {"type": "Feature", "geometry": {"type": "Point", "coordinates": [23.871746, 35.477926]}, "properties": {"kind": "spring", "osm": "n10147952791"}}, {"type": "Feature", "geometry": {"type": "Point", "coordinates": [22.259689, 36.9771]}, "properties": {"name": "Quelle", "kind": "spring", "osm": "n10157358618"}}, {"type": "Feature", "geometry": {"type": "Point", "coordinates": [21.647251, 37.484222]}, "properties": {"kind": "fountain", "osm": "n10159051157"}}, {"type": "Feature", "geometry": {"type": "Point", "coordinates": [22.58511, 39.87939]}, "properties": {"kind": "fountain", "osm": "n10163919522"}}, {"type": "Feature", "geometry": {"type": "Point", "coordinates": [23.046019, 40.480779]}, "properties": {"kind": "fountain", "osm": "n10177952615"}}, {"type": "Feature", "geometry": {"type": "Point", "coordinates": [21.019216, 39.848638]}, "properties": {"kind": "spring", "osm": "n10182251453"}}, {"type": "Feature", "geometry": {"type": "Point", "coordinates": [21.407758, 40.775232]}, "properties": {"kind": "spring", "osm": "n10186321116"}}, {"type": "Feature", "geometry": {"type": "Point", "coordinates": [22.57071, 39.99139]}, "properties": {"kind": "fountain", "osm": "n10200923720"}}, {"type": "Feature", "geometry": {"type": "Point", "coordinates": [22.59632, 39.99389]}, "properties": {"kind": "fountain", "osm": "n10200927618"}}, {"type": "Feature", "geometry": {"type": "Point", "coordinates": [20.899749, 38.924654]}, "properties": {"kind": "fountain", "osm": "n10201713281"}}, {"type": "Feature", "geometry": {"type": "Point", "coordinates": [22.49078, 40.10392]}, "properties": {"kind": "fountain", "osm": "n10202979835"}}, {"type": "Feature", "geometry": {"type": "Point", "coordinates": [22.59607, 40.00363]}, "properties": {"kind": "fountain", "osm": "n10202980117"}}, {"type": "Feature", "geometry": {"type": "Point", "coordinates": [23.661242, 35.238324]}, "properties": {"bottle": "yes", "fee": "no", "wheelchair": "limited", "kind": "fountain", "osm": "n10210227895"}}, {"type": "Feature", "geometry": {"type": "Point", "coordinates": [23.813456, 35.248514]}, "properties": {"bottle": "yes", "fee": "no", "access": "yes", "wheelchair": "limited", "kind": "fountain", "osm": "n10210227906"}}, {"type": "Feature", "geometry": {"type": "Point", "coordinates": [23.305897, 40.459476]}, "properties": {"kind": "spring", "osm": "n10211470803"}}, {"type": "Feature", "geometry": {"type": "Point", "coordinates": [21.925406, 39.947558]}, "properties": {"kind": "tap", "osm": "n10211545235"}}, {"type": "Feature", "geometry": {"type": "Point", "coordinates": [26.567709, 41.564968]}, "properties": {"kind": "fountain", "osm": "n10221737018"}}, {"type": "Feature", "geometry": {"type": "Point", "coordinates": [26.568113, 41.593631]}, "properties": {"kind": "fountain", "osm": "n10221740017"}}, {"type": "Feature", "geometry": {"type": "Point", "coordinates": [23.284647, 41.066847]}, "properties": {"access": "yes", "kind": "tap", "osm": "n10221998548"}}, {"type": "Feature", "geometry": {"type": "Point", "coordinates": [22.65096, 39.97684]}, "properties": {"kind": "fountain", "osm": "n10222403319"}}, {"type": "Feature", "geometry": {"type": "Point", "coordinates": [22.990208, 36.973941]}, "properties": {"drinking_water": "yes", "kind": "tap", "osm": "n10225474847"}}, {"type": "Feature", "geometry": {"type": "Point", "coordinates": [22.341057, 37.761649]}, "properties": {"name": "Σίντζι", "name:el": "Σίντζι", "name:en": "Sintzi Spring", "kind": "spring", "osm": "n10226891374"}}, {"type": "Feature", "geometry": {"type": "Point", "coordinates": [19.928268, 39.610804]}, "properties": {"kind": "fountain", "osm": "n10264695972"}}, {"type": "Feature", "geometry": {"type": "Point", "coordinates": [23.604635, 41.265033]}, "properties": {"kind": "tap", "osm": "n10271156393"}}, {"type": "Feature", "geometry": {"type": "Point", "coordinates": [23.93586, 38.038172]}, "properties": {"name": "Προσωρινή Δεξαμενή Αγίου Σπυρίδωνα", "drinking_water": "yes", "operator": "Υπηρεσία ύδερευσης δήμος Ραφηνας-Πικερμίου", "kind": "point", "osm": "n10273322794"}}, {"type": "Feature", "geometry": {"type": "Point", "coordinates": [20.997006, 39.146608]}, "properties": {"kind": "tap", "osm": "n10277790229"}}, {"type": "Feature", "geometry": {"type": "Point", "coordinates": [20.276301, 39.449958]}, "properties": {"kind": "fountain", "osm": "n10280636776"}}, {"type": "Feature", "geometry": {"type": "Point", "coordinates": [22.02917, 37.682454]}, "properties": {"kind": "spring", "osm": "n10291846210"}}, {"type": "Feature", "geometry": {"type": "Point", "coordinates": [22.470452, 37.997193]}, "properties": {"kind": "spring", "osm": "n10292696360"}}, {"type": "Feature", "geometry": {"type": "Point", "coordinates": [23.483865, 39.182407]}, "properties": {"drinking_water": "yes", "kind": "spring", "osm": "n10300481170"}}, {"type": "Feature", "geometry": {"type": "Point", "coordinates": [26.547204, 39.102288]}, "properties": {"kind": "tap", "osm": "n10300621664"}}, {"type": "Feature", "geometry": {"type": "Point", "coordinates": [26.546986, 39.102366]}, "properties": {"kind": "tap", "osm": "n10300664372"}}, {"type": "Feature", "geometry": {"type": "Point", "coordinates": [26.547869, 39.102245]}, "properties": {"kind": "tap", "osm": "n10300666236"}}, {"type": "Feature", "geometry": {"type": "Point", "coordinates": [26.547582, 39.10214]}, "properties": {"kind": "tap", "osm": "n10300675327"}}, {"type": "Feature", "geometry": {"type": "Point", "coordinates": [23.708679, 40.645967]}, "properties": {"fee": "no", "kind": "fountain", "osm": "n10305165857"}}, {"type": "Feature", "geometry": {"type": "Point", "coordinates": [23.709347, 40.642239]}, "properties": {"name": "Του Πούλιου το Νερό", "kind": "spring", "osm": "n10305165858"}}, {"type": "Feature", "geometry": {"type": "Point", "coordinates": [21.476343, 37.684207]}, "properties": {"kind": "spring", "osm": "n10306362762"}}, {"type": "Feature", "geometry": {"type": "Point", "coordinates": [21.396747, 37.733618]}, "properties": {"kind": "spring", "osm": "n10306668915"}}, {"type": "Feature", "geometry": {"type": "Point", "coordinates": [22.996796, 36.984474]}, "properties": {"fee": "no", "kind": "fountain", "osm": "n10542822283"}}, {"type": "Feature", "geometry": {"type": "Point", "coordinates": [26.166877, 40.895245]}, "properties": {"fee": "no", "access": "yes", "kind": "fountain", "osm": "n10554872590"}}, {"type": "Feature", "geometry": {"type": "Point", "coordinates": [19.874701, 39.570969]}, "properties": {"fee": "no", "access": "yes", "kind": "fountain", "osm": "n10556570689"}}, {"type": "Feature", "geometry": {"type": "Point", "coordinates": [19.874813, 39.572415]}, "properties": {"kind": "tap", "osm": "n10556610240"}}, {"type": "Feature", "geometry": {"type": "Point", "coordinates": [19.875813, 39.569864]}, "properties": {"fee": "no", "access": "yes", "kind": "fountain", "osm": "n10556610246"}}, {"type": "Feature", "geometry": {"type": "Point", "coordinates": [19.874572, 39.568733]}, "properties": {"fee": "no", "access": "yes", "kind": "fountain", "osm": "n10556610247"}}, {"type": "Feature", "geometry": {"type": "Point", "coordinates": [19.866855, 39.563439]}, "properties": {"fee": "no", "access": "permit", "kind": "fountain", "osm": "n10556610248"}}, {"type": "Feature", "geometry": {"type": "Point", "coordinates": [24.790285, 35.033225]}, "properties": {"kind": "fountain", "osm": "n10584184837"}}, {"type": "Feature", "geometry": {"type": "Point", "coordinates": [23.819637, 38.074562]}, "properties": {"drinking_water": "yes", "operator": "Δήμος Αθηνών", "kind": "fountain", "osm": "n10599184466"}}, {"type": "Feature", "geometry": {"type": "Point", "coordinates": [25.282414, 41.164369]}, "properties": {"kind": "tap", "osm": "n10601309092"}}, {"type": "Feature", "geometry": {"type": "Point", "coordinates": [22.195078, 38.799211]}, "properties": {"kind": "fountain", "osm": "n10606061795"}}, {"type": "Feature", "geometry": {"type": "Point", "coordinates": [22.211674, 38.879237]}, "properties": {"kind": "fountain", "osm": "n10606088302"}}, {"type": "Feature", "geometry": {"type": "Point", "coordinates": [22.275422, 38.896127]}, "properties": {"kind": "fountain", "osm": "n10606092838"}}, {"type": "Feature", "geometry": {"type": "Point", "coordinates": [22.212596, 38.846023]}, "properties": {"fee": "no", "access": "yes", "kind": "fountain", "osm": "n10606111993"}}, {"type": "Feature", "geometry": {"type": "Point", "coordinates": [22.19894, 38.864126]}, "properties": {"kind": "fountain", "osm": "n10606112942"}}, {"type": "Feature", "geometry": {"type": "Point", "coordinates": [22.16279, 38.88271]}, "properties": {"kind": "fountain", "osm": "n10606131812"}}, {"type": "Feature", "geometry": {"type": "Point", "coordinates": [22.314906, 38.88447]}, "properties": {"kind": "fountain", "osm": "n10606139747"}}, {"type": "Feature", "geometry": {"type": "Point", "coordinates": [22.203747, 38.796476]}, "properties": {"kind": "fountain", "osm": "n10606141962"}}, {"type": "Feature", "geometry": {"type": "Point", "coordinates": [22.200072, 38.79739]}, "properties": {"kind": "fountain", "osm": "n10606145921"}}, {"type": "Feature", "geometry": {"type": "Point", "coordinates": [22.200108, 38.797692]}, "properties": {"kind": "fountain", "osm": "n10606145922"}}, {"type": "Feature", "geometry": {"type": "Point", "coordinates": [22.240934, 38.871634]}, "properties": {"kind": "fountain", "osm": "n10606155522"}}, {"type": "Feature", "geometry": {"type": "Point", "coordinates": [22.212414, 38.803616]}, "properties": {"kind": "tap", "osm": "n10606321786"}}, {"type": "Feature", "geometry": {"type": "Point", "coordinates": [22.395173, 38.833028]}, "properties": {"kind": "tap", "osm": "n10606322499"}}, {"type": "Feature", "geometry": {"type": "Point", "coordinates": [22.223812, 38.804787]}, "properties": {"kind": "tap", "osm": "n10606322500"}}, {"type": "Feature", "geometry": {"type": "Point", "coordinates": [22.207758, 38.852347]}, "properties": {"kind": "tap", "osm": "n10606336417"}}, {"type": "Feature", "geometry": {"type": "Point", "coordinates": [22.203726, 38.867515]}, "properties": {"kind": "tap", "osm": "n10606346392"}}, {"type": "Feature", "geometry": {"type": "Point", "coordinates": [23.937001, 41.037507]}, "properties": {"kind": "spring", "osm": "n10608501290"}}, {"type": "Feature", "geometry": {"type": "Point", "coordinates": [23.937062, 41.037481]}, "properties": {"kind": "tap", "osm": "n10608501291"}}, {"type": "Feature", "geometry": {"type": "Point", "coordinates": [23.912198, 41.028275]}, "properties": {"kind": "tap", "osm": "n10608502324"}}, {"type": "Feature", "geometry": {"type": "Point", "coordinates": [23.911305, 41.02841]}, "properties": {"kind": "tap", "osm": "n10608502325"}}, {"type": "Feature", "geometry": {"type": "Point", "coordinates": [22.411549, 40.9289]}, "properties": {"access": "yes", "kind": "fountain", "osm": "n10610652536"}}, {"type": "Feature", "geometry": {"type": "Point", "coordinates": [23.948059, 37.937352]}, "properties": {"bottle": "no", "kind": "fountain", "osm": "n10653149105"}}, {"type": "Feature", "geometry": {"type": "Point", "coordinates": [23.724192, 37.975538]}, "properties": {"kind": "fountain", "osm": "n10655506215"}}, {"type": "Feature", "geometry": {"type": "Point", "coordinates": [21.599598, 40.203647]}, "properties": {"kind": "fountain", "osm": "n10657583664"}}, {"type": "Feature", "geometry": {"type": "Point", "coordinates": [25.569941, 37.103755]}, "properties": {"kind": "spring", "osm": "n10669403084"}}, {"type": "Feature", "geometry": {"type": "Point", "coordinates": [23.302403, 41.105283]}, "properties": {"kind": "tap", "osm": "n10670773654"}}, {"type": "Feature", "geometry": {"type": "Point", "coordinates": [23.302603, 41.105053]}, "properties": {"kind": "tap", "osm": "n10670773655"}}, {"type": "Feature", "geometry": {"type": "Point", "coordinates": [28.097738, 36.300344]}, "properties": {"drinking_water": "yes", "kind": "tap", "osm": "n10673751877"}}, {"type": "Feature", "geometry": {"type": "Point", "coordinates": [22.87821, 37.905334]}, "properties": {"kind": "fountain", "osm": "n10685725805"}}, {"type": "Feature", "geometry": {"type": "Point", "coordinates": [23.723045, 38.045582]}, "properties": {"name": "Πάρκο Αντώνης Τρίτσης", "name:el": "Πάρκο Αντώνης Τρίτσης", "kind": "fountain", "osm": "n10688316606"}}, {"type": "Feature", "geometry": {"type": "Point", "coordinates": [23.164575, 36.463442]}, "properties": {"kind": "spring", "osm": "n10699592288"}}, {"type": "Feature", "geometry": {"type": "Point", "coordinates": [25.872081, 40.84251]}, "properties": {"kind": "fountain", "osm": "n10718845205"}}, {"type": "Feature", "geometry": {"type": "Point", "coordinates": [22.509732, 40.270146]}, "properties": {"kind": "fountain", "osm": "n10721064605"}}, {"type": "Feature", "geometry": {"type": "Point", "coordinates": [22.510888, 40.276208]}, "properties": {"kind": "fountain", "osm": "n10721064805"}}, {"type": "Feature", "geometry": {"type": "Point", "coordinates": [26.556264, 37.347892]}, "properties": {"drinking_water": "yes", "opening_hours": "closed in winter", "kind": "tap", "osm": "n10722843755"}}, {"type": "Feature", "geometry": {"type": "Point", "coordinates": [23.137755, 36.441414]}, "properties": {"drinking_water": "yes", "kind": "tap", "osm": "n10727878664"}}, {"type": "Feature", "geometry": {"type": "Point", "coordinates": [26.217903, 40.928829]}, "properties": {"kind": "fountain", "osm": "n10732845405"}}, {"type": "Feature", "geometry": {"type": "Point", "coordinates": [23.032944, 39.333285]}, "properties": {"kind": "fountain", "osm": "n10734447837"}}, {"type": "Feature", "geometry": {"type": "Point", "coordinates": [23.084044, 39.350678]}, "properties": {"kind": "fountain", "osm": "n10734447838"}}, {"type": "Feature", "geometry": {"type": "Point", "coordinates": [22.951988, 36.3591]}, "properties": {"name": "Πηγή Κροκόδειλου", "drinking_water": "yes", "kind": "spring", "osm": "n10746847304"}}, {"type": "Feature", "geometry": {"type": "Point", "coordinates": [22.947433, 36.353317]}, "properties": {"name": "Κρυονερί", "drinking_water": "yes", "kind": "spring", "osm": "n10746865810"}}, {"type": "Feature", "geometry": {"type": "Point", "coordinates": [22.978262, 36.299469]}, "properties": {"name": "Βρύση Τριφυλλιανίκων", "opening_hours": "24/7", "kind": "fountain", "osm": "n10747955024"}}, {"type": "Feature", "geometry": {"type": "Point", "coordinates": [23.760219, 37.975412]}, "properties": {"name": "Ιλισια", "name:el": "Ιλισια", "name:en": "Ilisia", "operator": "Δημοσιο", "kind": "fountain", "osm": "n10753649005"}}, {"type": "Feature", "geometry": {"type": "Point", "coordinates": [22.893593, 37.146792]}, "properties": {"drinking_water": "yes", "kind": "tap", "osm": "n10758126467"}}, {"type": "Feature", "geometry": {"type": "Point", "coordinates": [22.819122, 37.146983]}, "properties": {"kind": "tap", "osm": "n10759751101"}}, {"type": "Feature", "geometry": {"type": "Point", "coordinates": [26.21915, 39.310826]}, "properties": {"kind": "tap", "osm": "n10761536024"}}, {"type": "Feature", "geometry": {"type": "Point", "coordinates": [25.40803, 41.224241]}, "properties": {"kind": "fountain", "osm": "n10761931909"}}, {"type": "Feature", "geometry": {"type": "Point", "coordinates": [26.246655, 39.31465]}, "properties": {"kind": "tap", "osm": "n10764155799"}}, {"type": "Feature", "geometry": {"type": "Point", "coordinates": [22.955002, 40.629137]}, "properties": {"kind": "fountain", "osm": "n10765874907"}}, {"type": "Feature", "geometry": {"type": "Point", "coordinates": [25.532475, 36.972597]}, "properties": {"kind": "spring", "osm": "n10768914711"}}, {"type": "Feature", "geometry": {"type": "Point", "coordinates": [28.154708, 36.399807]}, "properties": {"fee": "no", "kind": "tap", "osm": "n10778130661"}}, {"type": "Feature", "geometry": {"type": "Point", "coordinates": [23.949915, 37.938566]}, "properties": {"fee": "no", "kind": "fountain", "osm": "n10779113768"}}, {"type": "Feature", "geometry": {"type": "Point", "coordinates": [26.219699, 39.310457]}, "properties": {"kind": "tap", "osm": "n10779593235"}}, {"type": "Feature", "geometry": {"type": "Point", "coordinates": [26.213678, 39.309567]}, "properties": {"kind": "tap", "osm": "n10779606957"}}, {"type": "Feature", "geometry": {"type": "Point", "coordinates": [20.63457, 39.701833]}, "properties": {"kind": "fountain", "osm": "n10780392905"}}, {"type": "Feature", "geometry": {"type": "Point", "coordinates": [22.714375, 37.407694]}, "properties": {"drinking_water": "yes", "fee": "no", "access": "yes", "covered": "no", "kind": "fountain", "osm": "n10781098447"}}, {"type": "Feature", "geometry": {"type": "Point", "coordinates": [23.273703, 40.623246]}, "properties": {"kind": "spring", "osm": "n10781572201"}}, {"type": "Feature", "geometry": {"type": "Point", "coordinates": [24.120804, 40.339629]}, "properties": {"fee": "no", "kind": "fountain", "osm": "n10784072766"}}, {"type": "Feature", "geometry": {"type": "Point", "coordinates": [25.704032, 35.26998]}, "properties": {"kind": "tap", "osm": "n10797022456"}}, {"type": "Feature", "geometry": {"type": "Point", "coordinates": [19.841239, 39.720913]}, "properties": {"access": "yes", "operator": "Spartilas", "kind": "fountain", "osm": "n10801066008"}}, {"type": "Feature", "geometry": {"type": "Point", "coordinates": [23.225409, 38.151123]}, "properties": {"access": "yes", "kind": "tap", "osm": "n10801076026"}}, {"type": "Feature", "geometry": {"type": "Point", "coordinates": [20.781978, 39.900225]}, "properties": {"kind": "fountain", "osm": "n10806947605"}}, {"type": "Feature", "geometry": {"type": "Point", "coordinates": [26.488838, 39.17818]}, "properties": {"bottle": "yes", "fee": "no", "access": "yes", "wheelchair": "yes", "kind": "fountain", "osm": "n10822329730"}}, {"type": "Feature", "geometry": {"type": "Point", "coordinates": [22.424723, 39.636981]}, "properties": {"access": "yes", "kind": "fountain", "osm": "n10822682979"}}, {"type": "Feature", "geometry": {"type": "Point", "coordinates": [22.424693, 39.63698]}, "properties": {"access": "yes", "kind": "fountain", "osm": "n10822682980"}}, {"type": "Feature", "geometry": {"type": "Point", "coordinates": [24.008832, 35.51691]}, "properties": {"kind": "tap", "osm": "n10827303559"}}, {"type": "Feature", "geometry": {"type": "Point", "coordinates": [23.225107, 38.151674]}, "properties": {"wheelchair": "limited", "kind": "fountain", "osm": "n10828772814"}}, {"type": "Feature", "geometry": {"type": "Point", "coordinates": [25.643716, 35.044934]}, "properties": {"drinking_water": "yes", "kind": "spring", "osm": "n10833412597"}}, {"type": "Feature", "geometry": {"type": "Point", "coordinates": [22.874069, 37.159272]}, "properties": {"drinking_water": "yes", "kind": "tap", "osm": "n10833989403"}}, {"type": "Feature", "geometry": {"type": "Point", "coordinates": [24.259842, 35.362717]}, "properties": {"bottle": "yes", "kind": "fountain", "osm": "n10841342287"}}, {"type": "Feature", "geometry": {"type": "Point", "coordinates": [24.024134, 35.512663]}, "properties": {"bottle": "yes", "kind": "fountain", "osm": "n10842290428"}}, {"type": "Feature", "geometry": {"type": "Point", "coordinates": [22.475214, 38.755803]}, "properties": {"kind": "fountain", "osm": "n10857478899"}}, {"type": "Feature", "geometry": {"type": "Point", "coordinates": [22.472529, 38.758704]}, "properties": {"kind": "fountain", "osm": "n10857540618"}}, {"type": "Feature", "geometry": {"type": "Point", "coordinates": [23.890046, 38.618067]}, "properties": {"drinking_water": "yes", "access": "yes", "kind": "tap", "osm": "n10858299985"}}, {"type": "Feature", "geometry": {"type": "Point", "coordinates": [26.209814, 39.205722]}, "properties": {"fee": "no", "access": "yes", "wheelchair": "yes", "kind": "fountain", "osm": "n10860644740"}}, {"type": "Feature", "geometry": {"type": "Point", "coordinates": [22.18608, 39.900115]}, "properties": {"kind": "fountain", "osm": "n10863775647"}}, {"type": "Feature", "geometry": {"type": "Point", "coordinates": [22.648745, 38.008633]}, "properties": {"name": "Πηγές Σιέ", "kind": "spring", "osm": "n10865031098"}}, {"type": "Feature", "geometry": {"type": "Point", "coordinates": [26.295081, 39.361533]}, "properties": {"kind": "fountain", "osm": "n10865206543"}}, {"type": "Feature", "geometry": {"type": "Point", "coordinates": [26.295431, 39.361351]}, "properties": {"fee": "no", "access": "yes", "kind": "fountain", "osm": "n10865215046"}}, {"type": "Feature", "geometry": {"type": "Point", "coordinates": [26.294532, 39.361322]}, "properties": {"kind": "fountain", "osm": "n10865219560"}}, {"type": "Feature", "geometry": {"type": "Point", "coordinates": [23.23013, 40.539736]}, "properties": {"kind": "fountain", "osm": "n10870237740"}}, {"type": "Feature", "geometry": {"type": "Point", "coordinates": [23.233214, 40.527468]}, "properties": {"name:el": "Τσιαπατηρούδα", "kind": "fountain", "osm": "n10870264725"}}, {"type": "Feature", "geometry": {"type": "Point", "coordinates": [24.00633, 35.512654]}, "properties": {"bottle": "yes", "fee": "no", "kind": "fountain", "osm": "n10870983032"}}, {"type": "Feature", "geometry": {"type": "Point", "coordinates": [22.422553, 39.629853]}, "properties": {"kind": "fountain", "osm": "n10871717072"}}, {"type": "Feature", "geometry": {"type": "Point", "coordinates": [25.623848, 40.865642]}, "properties": {"name": "Fontaine", "kind": "tap", "osm": "n10872908524"}}, {"type": "Feature", "geometry": {"type": "Point", "coordinates": [26.548526, 39.02507]}, "properties": {"kind": "fountain", "osm": "n10873551533"}}, {"type": "Feature", "geometry": {"type": "Point", "coordinates": [21.603754, 39.450231]}, "properties": {"bottle": "no", "wheelchair": "no", "kind": "spring", "osm": "n10874268052"}}, {"type": "Feature", "geometry": {"type": "Point", "coordinates": [23.958929, 35.291663]}, "properties": {"bottle": "yes", "fee": "no", "kind": "fountain", "osm": "n10878945752"}}, {"type": "Feature", "geometry": {"type": "Point", "coordinates": [21.678105, 38.643594]}, "properties": {"kind": "fountain", "osm": "n10880251794"}}, {"type": "Feature", "geometry": {"type": "Point", "coordinates": [22.109025, 38.033388]}, "properties": {"kind": "fountain", "osm": "n10880618319"}}, {"type": "Feature", "geometry": {"type": "Point", "coordinates": [23.966219, 35.245117]}, "properties": {"bottle": "yes", "fee": "no", "kind": "fountain", "osm": "n10881073427"}}, {"type": "Feature", "geometry": {"type": "Point", "coordinates": [23.966999, 35.258199]}, "properties": {"bottle": "yes", "fee": "no", "kind": "fountain", "osm": "n10881178466"}}, {"type": "Feature", "geometry": {"type": "Point", "coordinates": [21.829875, 38.393538]}, "properties": {"kind": "fountain", "osm": "n10885829016"}}, {"type": "Feature", "geometry": {"type": "Point", "coordinates": [21.995733, 37.013639]}, "properties": {"drinking_water": "yes", "kind": "tap", "osm": "n10886020223"}}, {"type": "Feature", "geometry": {"type": "Point", "coordinates": [22.108039, 37.075177]}, "properties": {"kind": "tap", "osm": "n10893006253"}}, {"type": "Feature", "geometry": {"type": "Point", "coordinates": [20.722301, 40.006237]}, "properties": {"kind": "spring", "osm": "n10893695184"}}, {"type": "Feature", "geometry": {"type": "Point", "coordinates": [27.006953, 37.75058]}, "properties": {"drinking_water": "yes", "access": "yes", "kind": "tap", "osm": "n10893948699"}}, {"type": "Feature", "geometry": {"type": "Point", "coordinates": [23.91935, 41.331967]}, "properties": {"kind": "fountain", "osm": "n10895604406"}}, {"type": "Feature", "geometry": {"type": "Point", "coordinates": [22.996374, 36.245075]}, "properties": {"kind": "fountain", "osm": "n10896503146"}}, {"type": "Feature", "geometry": {"type": "Point", "coordinates": [20.899674, 40.367415]}, "properties": {"kind": "spring", "osm": "n10896523633"}}, {"type": "Feature", "geometry": {"type": "Point", "coordinates": [23.812945, 40.118831]}, "properties": {"kind": "tap", "osm": "n10908054237"}}, {"type": "Feature", "geometry": {"type": "Point", "coordinates": [23.813061, 40.119895]}, "properties": {"drinking_water": "yes", "kind": "tap", "osm": "n10908131885"}}, {"type": "Feature", "geometry": {"type": "Point", "coordinates": [24.091578, 35.259571]}, "properties": {"kind": "fountain", "osm": "n10916295805"}}, {"type": "Feature", "geometry": {"type": "Point", "coordinates": [22.428531, 37.078991]}, "properties": {"name": "Wasserspender", "kind": "fountain", "osm": "n10921166870"}}, {"type": "Feature", "geometry": {"type": "Point", "coordinates": [24.001282, 35.51168]}, "properties": {"bottle": "yes", "fee": "no", "kind": "fountain", "osm": "n10926388808"}}, {"type": "Feature", "geometry": {"type": "Point", "coordinates": [20.606194, 38.62654]}, "properties": {"drinking_water": "yes", "fee": "yes", "access": "customers", "kind": "point", "osm": "n10926962423"}}, {"type": "Feature", "geometry": {"type": "Point", "coordinates": [20.606344, 38.62643]}, "properties": {"drinking_water": "yes", "fee": "yes", "access": "customers", "kind": "point", "osm": "n10926962426"}}, {"type": "Feature", "geometry": {"type": "Point", "coordinates": [20.606639, 38.626214]}, "properties": {"drinking_water": "yes", "fee": "yes", "access": "customers", "kind": "point", "osm": "n10926962427"}}, {"type": "Feature", "geometry": {"type": "Point", "coordinates": [24.167454, 35.382147]}, "properties": {"kind": "spring", "osm": "n10929772466"}}, {"type": "Feature", "geometry": {"type": "Point", "coordinates": [19.865896, 39.563947]}, "properties": {"fee": "no", "access": "permit", "kind": "fountain", "osm": "n10933940505"}}, {"type": "Feature", "geometry": {"type": "Point", "coordinates": [26.998886, 37.738296]}, "properties": {"kind": "tap", "osm": "n10936253005"}}, {"type": "Feature", "geometry": {"type": "Point", "coordinates": [25.133859, 39.99026]}, "properties": {"kind": "tap", "osm": "n10940053173"}}, {"type": "Feature", "geometry": {"type": "Point", "coordinates": [23.940931, 40.039286]}, "properties": {"kind": "tap", "osm": "n10941860222"}}, {"type": "Feature", "geometry": {"type": "Point", "coordinates": [22.940687, 40.632033]}, "properties": {"bottle": "yes", "fee": "no", "access": "yes", "kind": "fountain", "osm": "n10944739963"}}, {"type": "Feature", "geometry": {"type": "Point", "coordinates": [20.728583, 39.968888]}, "properties": {"kind": "tap", "osm": "n10951367381"}}, {"type": "Feature", "geometry": {"type": "Point", "coordinates": [21.63543, 39.71322]}, "properties": {"bottle": "yes", "fee": "no", "access": "customers", "kind": "fountain", "osm": "n10951603946"}}, {"type": "Feature", "geometry": {"type": "Point", "coordinates": [22.1424, 37.704313]}, "properties": {"name": "Βρύση Παύλου", "kind": "spring", "osm": "n10951858801"}}, {"type": "Feature", "geometry": {"type": "Point", "coordinates": [21.627293, 39.710137]}, "properties": {"kind": "fountain", "osm": "n10956679209"}}, {"type": "Feature", "geometry": {"type": "Point", "coordinates": [22.141453, 37.705616]}, "properties": {"kind": "spring", "osm": "n10956734910"}}, {"type": "Feature", "geometry": {"type": "Point", "coordinates": [23.593377, 38.467268]}, "properties": {"kind": "fountain", "osm": "n10958207823"}}, {"type": "Feature", "geometry": {"type": "Point", "coordinates": [22.243762, 39.312819]}, "properties": {"bottle": "yes", "fee": "no", "access": "yes", "covered": "yes", "kind": "fountain", "osm": "n10960533225"}}, {"type": "Feature", "geometry": {"type": "Point", "coordinates": [22.243751, 39.313349]}, "properties": {"bottle": "yes", "fee": "no", "access": "yes", "covered": "yes", "kind": "fountain", "osm": "n10960533231"}}, {"type": "Feature", "geometry": {"type": "Point", "coordinates": [22.243914, 39.312847]}, "properties": {"bottle": "yes", "fee": "no", "access": "yes", "covered": "yes", "kind": "fountain", "osm": "n10960533237"}}, {"type": "Feature", "geometry": {"type": "Point", "coordinates": [22.243601, 39.31332]}, "properties": {"bottle": "yes", "fee": "no", "access": "yes", "covered": "yes", "kind": "fountain", "osm": "n10960533244"}}, {"type": "Feature", "geometry": {"type": "Point", "coordinates": [22.251562, 36.877602]}, "properties": {"kind": "spring", "osm": "n10961362461"}}, {"type": "Feature", "geometry": {"type": "Point", "coordinates": [22.252415, 36.88553]}, "properties": {"kind": "spring", "osm": "n10962181446"}}, {"type": "Feature", "geometry": {"type": "Point", "coordinates": [21.417346, 38.476728]}, "properties": {"kind": "spring", "osm": "n10962976625"}}, {"type": "Feature", "geometry": {"type": "Point", "coordinates": [21.773896, 36.810659]}, "properties": {"kind": "fountain", "osm": "n10963402625"}}, {"type": "Feature", "geometry": {"type": "Point", "coordinates": [22.279798, 36.910353]}, "properties": {"kind": "spring", "osm": "n10965053025"}}, {"type": "Feature", "geometry": {"type": "Point", "coordinates": [22.272195, 36.905859]}, "properties": {"kind": "fountain", "osm": "n10966285644"}}, {"type": "Feature", "geometry": {"type": "Point", "coordinates": [23.232532, 40.935209]}, "properties": {"kind": "fountain", "osm": "n10970851670"}}, {"type": "Feature", "geometry": {"type": "Point", "coordinates": [23.104867, 40.887419]}, "properties": {"kind": "fountain", "osm": "n10973446365"}}, {"type": "Feature", "geometry": {"type": "Point", "coordinates": [23.043627, 40.916064]}, "properties": {"kind": "fountain", "osm": "n10973519668"}}, {"type": "Feature", "geometry": {"type": "Point", "coordinates": [23.044803, 40.916633]}, "properties": {"kind": "fountain", "osm": "n10973585338"}}, {"type": "Feature", "geometry": {"type": "Point", "coordinates": [23.10873, 40.852898]}, "properties": {"kind": "fountain", "osm": "n10973640971"}}, {"type": "Feature", "geometry": {"type": "Point", "coordinates": [22.253264, 36.960544]}, "properties": {"kind": "fountain", "osm": "n10973739934"}}, {"type": "Feature", "geometry": {"type": "Point", "coordinates": [22.042878, 37.596586]}, "properties": {"kind": "fountain", "osm": "n10973739935"}}, {"type": "Feature", "geometry": {"type": "Point", "coordinates": [28.030705, 36.185207]}, "properties": {"kind": "fountain", "osm": "n10973756981"}}, {"type": "Feature", "geometry": {"type": "Point", "coordinates": [27.946921, 36.284753]}, "properties": {"kind": "fountain", "osm": "n10973850363"}}, {"type": "Feature", "geometry": {"type": "Point", "coordinates": [23.22819, 40.883679]}, "properties": {"kind": "fountain", "osm": "n10976608876"}}, {"type": "Feature", "geometry": {"type": "Point", "coordinates": [22.042057, 40.609189]}, "properties": {"name": "Πηγές Αράπιτσας", "kind": "spring", "osm": "n10982355268"}}, {"type": "Feature", "geometry": {"type": "Point", "coordinates": [20.855284, 40.310742]}, "properties": {"name": "Βρύση", "kind": "fountain", "osm": "n10983013549"}}, {"type": "Feature", "geometry": {"type": "Point", "coordinates": [22.368685, 37.601601]}, "properties": {"name": "Πηγή του Πανός", "kind": "spring", "osm": "n10983586755"}}, {"type": "Feature", "geometry": {"type": "Point", "coordinates": [28.097106, 36.315046]}, "properties": {"drinking_water": "yes", "kind": "tap", "osm": "n10989648332"}}, {"type": "Feature", "geometry": {"type": "Point", "coordinates": [21.849114, 38.967626]}, "properties": {"kind": "fountain", "osm": "n10989981865"}}, {"type": "Feature", "geometry": {"type": "Point", "coordinates": [21.910554, 39.066885]}, "properties": {"kind": "fountain", "osm": "n10989981867"}}, {"type": "Feature", "geometry": {"type": "Point", "coordinates": [21.904228, 39.059625]}, "properties": {"kind": "fountain", "osm": "n10989981868"}}, {"type": "Feature", "geometry": {"type": "Point", "coordinates": [21.88553, 39.034778]}, "properties": {"kind": "fountain", "osm": "n10989981869"}}, {"type": "Feature", "geometry": {"type": "Point", "coordinates": [21.948948, 39.076898]}, "properties": {"kind": "fountain", "osm": "n10989981871"}}, {"type": "Feature", "geometry": {"type": "Point", "coordinates": [21.939145, 39.068967]}, "properties": {"kind": "fountain", "osm": "n10989981872"}}, {"type": "Feature", "geometry": {"type": "Point", "coordinates": [21.432915, 39.529493]}, "properties": {"kind": "fountain", "osm": "n10989981873"}}, {"type": "Feature", "geometry": {"type": "Point", "coordinates": [21.87904, 37.734615]}, "properties": {"drinking_water": "yes", "kind": "spring", "osm": "n10996137943"}}, {"type": "Feature", "geometry": {"type": "Point", "coordinates": [24.017746, 35.515121]}, "properties": {"kind": "fountain", "osm": "n11001250444"}}, {"type": "Feature", "geometry": {"type": "Point", "coordinates": [23.588378, 38.46923]}, "properties": {"kind": "tap", "osm": "n11004530167"}}, {"type": "Feature", "geometry": {"type": "Point", "coordinates": [23.736027, 37.991314]}, "properties": {"kind": "fountain", "osm": "n11005926731"}}, {"type": "Feature", "geometry": {"type": "Point", "coordinates": [23.73825, 37.993554]}, "properties": {"kind": "fountain", "osm": "n11005926742"}}, {"type": "Feature", "geometry": {"type": "Point", "coordinates": [23.738345, 37.993372]}, "properties": {"kind": "fountain", "osm": "n11005926773"}}, {"type": "Feature", "geometry": {"type": "Point", "coordinates": [23.942745, 37.931402]}, "properties": {"kind": "fountain", "osm": "n11007144221"}}, {"type": "Feature", "geometry": {"type": "Point", "coordinates": [23.943583, 37.930902]}, "properties": {"kind": "fountain", "osm": "n11007144224"}}, {"type": "Feature", "geometry": {"type": "Point", "coordinates": [24.030722, 38.180517]}, "properties": {"bottle": "yes", "fee": "no", "kind": "fountain", "osm": "n11008810343"}}, {"type": "Feature", "geometry": {"type": "Point", "coordinates": [25.439147, 41.259635]}, "properties": {"kind": "fountain", "osm": "n11009787853"}}, {"type": "Feature", "geometry": {"type": "Point", "coordinates": [21.268806, 40.522042]}, "properties": {"kind": "fountain", "osm": "n11012601844"}}, {"type": "Feature", "geometry": {"type": "Point", "coordinates": [21.331847, 40.453471]}, "properties": {"kind": "fountain", "osm": "n11012604680"}}, {"type": "Feature", "geometry": {"type": "Point", "coordinates": [23.353761, 40.568327]}, "properties": {"kind": "fountain", "osm": "n11013474932"}}, {"type": "Feature", "geometry": {"type": "Point", "coordinates": [23.355123, 40.818508]}, "properties": {"kind": "fountain", "osm": "n11013727432"}}, {"type": "Feature", "geometry": {"type": "Point", "coordinates": [26.684797, 37.792584]}, "properties": {"kind": "fountain", "osm": "n11014660781"}}, {"type": "Feature", "geometry": {"type": "Point", "coordinates": [20.887187, 39.999589]}, "properties": {"kind": "fountain", "osm": "n11015473541"}}, {"type": "Feature", "geometry": {"type": "Point", "coordinates": [26.97037, 37.758682]}, "properties": {"kind": "fountain", "osm": "n11017725730"}}, {"type": "Feature", "geometry": {"type": "Point", "coordinates": [22.928598, 40.768067]}, "properties": {"kind": "fountain", "osm": "n11021719850"}}, {"type": "Feature", "geometry": {"type": "Point", "coordinates": [20.981639, 39.490654]}, "properties": {"kind": "fountain", "osm": "n11025804270"}}, {"type": "Feature", "geometry": {"type": "Point", "coordinates": [20.98117, 39.491026]}, "properties": {"kind": "fountain", "osm": "n11025804271"}}, {"type": "Feature", "geometry": {"type": "Point", "coordinates": [21.107241, 39.594207]}, "properties": {"kind": "fountain", "osm": "n11025872144"}}, {"type": "Feature", "geometry": {"type": "Point", "coordinates": [21.275582, 39.572926]}, "properties": {"kind": "fountain", "osm": "n11025872145"}}, {"type": "Feature", "geometry": {"type": "Point", "coordinates": [23.039589, 38.05334]}, "properties": {"kind": "fountain", "osm": "n11025907933"}}, {"type": "Feature", "geometry": {"type": "Point", "coordinates": [23.314125, 38.170481]}, "properties": {"kind": "fountain", "osm": "n11025907934"}}, {"type": "Feature", "geometry": {"type": "Point", "coordinates": [22.537933, 38.637822]}, "properties": {"kind": "fountain", "osm": "n11025907935"}}, {"type": "Feature", "geometry": {"type": "Point", "coordinates": [22.544717, 38.627497]}, "properties": {"kind": "fountain", "osm": "n11025907936"}}, {"type": "Feature", "geometry": {"type": "Point", "coordinates": [21.851723, 38.944464]}, "properties": {"kind": "fountain", "osm": "n11025907937"}}, {"type": "Feature", "geometry": {"type": "Point", "coordinates": [21.124627, 39.584232]}, "properties": {"kind": "fountain", "osm": "n11025907938"}}, {"type": "Feature", "geometry": {"type": "Point", "coordinates": [21.121955, 39.584825]}, "properties": {"kind": "fountain", "osm": "n11025907939"}}, {"type": "Feature", "geometry": {"type": "Point", "coordinates": [21.121923, 39.584775]}, "properties": {"kind": "fountain", "osm": "n11025907940"}}, {"type": "Feature", "geometry": {"type": "Point", "coordinates": [21.121038, 39.58523]}, "properties": {"kind": "fountain", "osm": "n11025907941"}}, {"type": "Feature", "geometry": {"type": "Point", "coordinates": [21.117683, 39.585749]}, "properties": {"kind": "fountain", "osm": "n11025907942"}}, {"type": "Feature", "geometry": {"type": "Point", "coordinates": [28.210777, 36.382651]}, "properties": {"kind": "tap", "osm": "n11034818257"}}, {"type": "Feature", "geometry": {"type": "Point", "coordinates": [23.136519, 39.326372]}, "properties": {"kind": "tap", "osm": "n11035519150"}}, {"type": "Feature", "geometry": {"type": "Point", "coordinates": [20.599556, 38.116496]}, "properties": {"kind": "fountain", "osm": "n11041984159"}}, {"type": "Feature", "geometry": {"type": "Point", "coordinates": [20.630598, 38.254588]}, "properties": {"kind": "fountain", "osm": "n11041988811"}}, {"type": "Feature", "geometry": {"type": "Point", "coordinates": [24.345964, 37.670054]}, "properties": {"name": "public modern fountain", "drinking_water": "yes", "description": "Public modern water fontain Non drinkable and drinkable water. Drinkable : use the right fontain. No need to put coins, just press the button to get water", "kind": "fountain", "osm": "n11046002589"}}, {"type": "Feature", "geometry": {"type": "Point", "coordinates": [24.769466, 41.087319]}, "properties": {"kind": "fountain", "osm": "n11047079106"}}, {"type": "Feature", "geometry": {"type": "Point", "coordinates": [23.610373, 39.192079]}, "properties": {"drinking_water": "yes", "seasonal": "wet_season", "kind": "spring", "osm": "n11056487583"}}, {"type": "Feature", "geometry": {"type": "Point", "coordinates": [23.037328, 41.294648]}, "properties": {"kind": "fountain", "osm": "n11059834505"}}, {"type": "Feature", "geometry": {"type": "Point", "coordinates": [24.702229, 40.662271]}, "properties": {"bottle": "yes", "fee": "no", "access": "yes", "kind": "fountain", "osm": "n11062164400"}}, {"type": "Feature", "geometry": {"type": "Point", "coordinates": [22.136435, 37.993264]}, "properties": {"kind": "fountain", "osm": "n11064496207"}}, {"type": "Feature", "geometry": {"type": "Point", "coordinates": [20.774363, 37.840102]}, "properties": {"kind": "fountain", "osm": "n11065098387"}}, {"type": "Feature", "geometry": {"type": "Point", "coordinates": [21.623063, 39.706517]}, "properties": {"kind": "fountain", "osm": "n11069274424"}}, {"type": "Feature", "geometry": {"type": "Point", "coordinates": [21.208052, 39.658905]}, "properties": {"kind": "fountain", "osm": "n11073583122"}}, {"type": "Feature", "geometry": {"type": "Point", "coordinates": [21.183314, 39.640971]}, "properties": {"kind": "fountain", "osm": "n11079318552"}}, {"type": "Feature", "geometry": {"type": "Point", "coordinates": [24.438629, 38.035716]}, "properties": {"name": "Πηγές Αγίων Θεοδώρων", "drinking_water": "yes", "kind": "spring", "osm": "n11080504954"}}, {"type": "Feature", "geometry": {"type": "Point", "coordinates": [24.243345, 38.155229]}, "properties": {"name": "Μεγάλη Βρύση", "kind": "fountain", "osm": "n11091108765"}}, {"type": "Feature", "geometry": {"type": "Point", "coordinates": [22.935092, 36.313962]}, "properties": {"drinking_water": "yes", "kind": "spring", "osm": "n11091166119"}}, {"type": "Feature", "geometry": {"type": "Point", "coordinates": [22.923371, 36.316759]}, "properties": {"name": "Πηγή Σιδηρόνερου", "drinking_water": "yes", "kind": "spring", "osm": "n11091166194"}}, {"type": "Feature", "geometry": {"type": "Point", "coordinates": [22.948087, 36.341142]}, "properties": {"name": "Πηγή Κεραμαρί", "kind": "spring", "osm": "n11091194118"}}, {"type": "Feature", "geometry": {"type": "Point", "coordinates": [23.798472, 37.960742]}, "properties": {"name": "Κρήνη με κεφάλι κριού", "fee": "no", "access": "yes", "kind": "fountain", "osm": "n11093054974"}}, {"type": "Feature", "geometry": {"type": "Point", "coordinates": [25.551387, 37.182042]}, "properties": {"bottle": "yes", "fee": "no", "access": "yes", "covered": "no", "kind": "fountain", "osm": "n11093170570"}}, {"type": "Feature", "geometry": {"type": "Point", "coordinates": [25.376401, 37.099763]}, "properties": {"kind": "tap", "osm": "n11093443685"}}, {"type": "Feature", "geometry": {"type": "Point", "coordinates": [22.95431, 40.641793]}, "properties": {"kind": "fountain", "osm": "n11094171894"}}, {"type": "Feature", "geometry": {"type": "Point", "coordinates": [23.918382, 40.364222]}, "properties": {"kind": "fountain", "osm": "n11094574305"}}, {"type": "Feature", "geometry": {"type": "Point", "coordinates": [24.28775, 41.01264]}, "properties": {"kind": "fountain", "osm": "n11094574306"}}, {"type": "Feature", "geometry": {"type": "Point", "coordinates": [24.2846, 41.01233]}, "properties": {"kind": "fountain", "osm": "n11094574307"}}, {"type": "Feature", "geometry": {"type": "Point", "coordinates": [23.70792, 40.71672]}, "properties": {"kind": "fountain", "osm": "n11100315405"}}, {"type": "Feature", "geometry": {"type": "Point", "coordinates": [23.70808, 40.717]}, "properties": {"kind": "fountain", "osm": "n11100315406"}}, {"type": "Feature", "geometry": {"type": "Point", "coordinates": [26.075207, 38.298444]}, "properties": {"kind": "fountain", "osm": "n11101349952"}}, {"type": "Feature", "geometry": {"type": "Point", "coordinates": [23.69829, 40.66571]}, "properties": {"kind": "fountain", "osm": "n11102314911"}}, {"type": "Feature", "geometry": {"type": "Point", "coordinates": [26.136524, 38.37427]}, "properties": {"kind": "fountain", "osm": "n11105653768"}}, {"type": "Feature", "geometry": {"type": "Point", "coordinates": [24.261285, 35.364041]}, "properties": {"kind": "fountain", "osm": "n11118975178"}}, {"type": "Feature", "geometry": {"type": "Point", "coordinates": [21.724098, 38.23295]}, "properties": {"kind": "fountain", "osm": "n11123457805"}}, {"type": "Feature", "geometry": {"type": "Point", "coordinates": [20.729295, 40.294325]}, "properties": {"name": "Mpristouri spring", "name:en": "Mpristouri spring", "kind": "spring", "osm": "n11124594405"}}, {"type": "Feature", "geometry": {"type": "Point", "coordinates": [20.805317, 39.831066]}, "properties": {"kind": "fountain", "osm": "n11125386907"}}, {"type": "Feature", "geometry": {"type": "Point", "coordinates": [21.08116, 40.061575]}, "properties": {"kind": "fountain", "osm": "n11125456144"}}, {"type": "Feature", "geometry": {"type": "Point", "coordinates": [20.968574, 40.034355]}, "properties": {"kind": "fountain", "osm": "n11125456145"}}, {"type": "Feature", "geometry": {"type": "Point", "coordinates": [20.913633, 40.034087]}, "properties": {"kind": "fountain", "osm": "n11125456146"}}, {"type": "Feature", "geometry": {"type": "Point", "coordinates": [23.691575, 38.168605]}, "properties": {"name": "Πηγή Αντύπα", "kind": "tap", "osm": "n11134333661"}}, {"type": "Feature", "geometry": {"type": "Point", "coordinates": [26.911302, 35.412696]}, "properties": {"kind": "tap", "osm": "n11134412506"}}, {"type": "Feature", "geometry": {"type": "Point", "coordinates": [23.982552, 38.09025]}, "properties": {"bottle": "yes", "fee": "no", "kind": "fountain", "osm": "n11137278716"}}, {"type": "Feature", "geometry": {"type": "Point", "coordinates": [23.633296, 40.774538]}, "properties": {"drinking_water": "yes", "kind": "point", "osm": "n11139180588"}}, {"type": "Feature", "geometry": {"type": "Point", "coordinates": [22.956315, 40.582769]}, "properties": {"bottle": "yes", "fee": "no", "access": "yes", "covered": "no", "kind": "fountain", "osm": "n11140646080"}}, {"type": "Feature", "geometry": {"type": "Point", "coordinates": [22.955981, 40.58269]}, "properties": {"bottle": "yes", "fee": "no", "access": "yes", "wheelchair": "yes", "covered": "no", "kind": "fountain", "osm": "n11140646100"}}, {"type": "Feature", "geometry": {"type": "Point", "coordinates": [21.090173, 40.034254]}, "properties": {"drinking_water": "yes", "kind": "spring", "osm": "n11142819107"}}, {"type": "Feature", "geometry": {"type": "Point", "coordinates": [21.090303, 40.033682]}, "properties": {"name": "Γαλανή", "drinking_water": "yes", "kind": "spring", "osm": "n11142819108"}}, {"type": "Feature", "geometry": {"type": "Point", "coordinates": [23.17811, 39.404952]}, "properties": {"bottle": "yes", "fee": "no", "wheelchair": "yes", "covered": "no", "kind": "fountain", "osm": "n11145897435"}}, {"type": "Feature", "geometry": {"type": "Point", "coordinates": [22.950111, 40.642164]}, "properties": {"kind": "fountain", "osm": "n11146467136"}}, {"type": "Feature", "geometry": {"type": "Point", "coordinates": [25.635846, 40.494376]}, "properties": {"access": "customers", "kind": "fountain", "osm": "n11146702535"}}, {"type": "Feature", "geometry": {"type": "Point", "coordinates": [25.616872, 40.501066]}, "properties": {"kind": "fountain", "osm": "n11147036785"}}, {"type": "Feature", "geometry": {"type": "Point", "coordinates": [25.603357, 40.497605]}, "properties": {"kind": "fountain", "osm": "n11147050963"}}, {"type": "Feature", "geometry": {"type": "Point", "coordinates": [21.973025, 40.942214]}, "properties": {"kind": "fountain", "osm": "n11150285290"}}, {"type": "Feature", "geometry": {"type": "Point", "coordinates": [21.833729, 40.787697]}, "properties": {"kind": "fountain", "osm": "n11150349501"}}, {"type": "Feature", "geometry": {"type": "Point", "coordinates": [21.60913, 39.460985]}, "properties": {"drinking_water": "yes", "bottle": "yes", "fee": "no", "access": "yes", "wheelchair": "yes", "covered": "no", "kind": "fountain", "osm": "n11152181743"}}, {"type": "Feature", "geometry": {"type": "Point", "coordinates": [24.479067, 35.366685]}, "properties": {"check_date": "2026-09-17", "kind": "fountain", "osm": "n11153321307"}}, {"type": "Feature", "geometry": {"type": "Point", "coordinates": [24.470841, 35.36934]}, "properties": {"kind": "fountain", "osm": "n11153321313"}}, {"type": "Feature", "geometry": {"type": "Point", "coordinates": [24.472481, 35.366311]}, "properties": {"kind": "fountain", "osm": "n11153321609"}}, {"type": "Feature", "geometry": {"type": "Point", "coordinates": [25.528394, 40.502741]}, "properties": {"kind": "fountain", "osm": "n11155825953"}}, {"type": "Feature", "geometry": {"type": "Point", "coordinates": [25.165092, 37.590395]}, "properties": {"fee": "no", "kind": "fountain", "osm": "n11158867978"}}, {"type": "Feature", "geometry": {"type": "Point", "coordinates": [25.472025, 40.474934]}, "properties": {"kind": "fountain", "osm": "n11159053564"}}, {"type": "Feature", "geometry": {"type": "Point", "coordinates": [28.120889, 36.213706]}, "properties": {"name:en": "chapel", "kind": "fountain", "osm": "n11159113505"}}, {"type": "Feature", "geometry": {"type": "Point", "coordinates": [28.118622, 36.211952]}, "properties": {"kind": "fountain", "osm": "n11159113506"}}, {"type": "Feature", "geometry": {"type": "Point", "coordinates": [24.949914, 37.755083]}, "properties": {"kind": "fountain", "osm": "n11159429500"}}, {"type": "Feature", "geometry": {"type": "Point", "coordinates": [25.138406, 35.336129]}, "properties": {"kind": "fountain", "osm": "n11162425313"}}, {"type": "Feature", "geometry": {"type": "Point", "coordinates": [25.133356, 35.339812]}, "properties": {"kind": "fountain", "osm": "n11162474805"}}, {"type": "Feature", "geometry": {"type": "Point", "coordinates": [27.939538, 36.155186]}, "properties": {"kind": "fountain", "osm": "n11162833206"}}, {"type": "Feature", "geometry": {"type": "Point", "coordinates": [27.851324, 36.168621]}, "properties": {"kind": "fountain", "osm": "n11162875806"}}, {"type": "Feature", "geometry": {"type": "Point", "coordinates": [21.97597, 37.691228]}, "properties": {"drinking_water": "conditional", "kind": "fountain", "osm": "n11164678446"}}, {"type": "Feature", "geometry": {"type": "Point", "coordinates": [21.061602, 39.133966]}, "properties": {"kind": "fountain", "osm": "n11170141516"}}, {"type": "Feature", "geometry": {"type": "Point", "coordinates": [27.90339, 36.271877]}, "properties": {"name:en": "Water behind the building", "kind": "fountain", "osm": "n11180658244"}}, {"type": "Feature", "geometry": {"type": "Point", "coordinates": [27.76947, 36.170198]}, "properties": {"name:en": "Fire hydrant not locked. Can use for drink", "kind": "fountain", "osm": "n11180658342"}}, {"type": "Feature", "geometry": {"type": "Point", "coordinates": [27.729939, 36.12919]}, "properties": {"kind": "fountain", "osm": "n11180658344"}}, {"type": "Feature", "geometry": {"type": "Point", "coordinates": [27.727359, 36.123548]}, "properties": {"kind": "fountain", "osm": "n11180658347"}}, {"type": "Feature", "geometry": {"type": "Point", "coordinates": [27.73596, 36.129625]}, "properties": {"kind": "fountain", "osm": "n11180658348"}}, {"type": "Feature", "geometry": {"type": "Point", "coordinates": [27.911908, 36.267912]}, "properties": {"name:en": "Water spring along the road, good water", "kind": "spring", "osm": "n11180658356"}}, {"type": "Feature", "geometry": {"type": "Point", "coordinates": [27.944158, 36.277053]}, "properties": {"kind": "fountain", "osm": "n11180658358"}}, {"type": "Feature", "geometry": {"type": "Point", "coordinates": [27.844452, 36.213041]}, "properties": {"kind": "spring", "osm": "n11180659137"}}, {"type": "Feature", "geometry": {"type": "Point", "coordinates": [27.854766, 36.226548]}, "properties": {"kind": "fountain", "osm": "n11180659237"}}, {"type": "Feature", "geometry": {"type": "Point", "coordinates": [27.855302, 36.228162]}, "properties": {"kind": "tap", "osm": "n11180659239"}}, {"type": "Feature", "geometry": {"type": "Point", "coordinates": [27.729733, 36.125077]}, "properties": {"kind": "fountain", "osm": "n11180659245"}}, {"type": "Feature", "geometry": {"type": "Point", "coordinates": [27.830844, 36.249839]}, "properties": {"name:en": "Fontain", "kind": "fountain", "osm": "n11180659256"}}, {"type": "Feature", "geometry": {"type": "Point", "coordinates": [25.479745, 37.101823]}, "properties": {"kind": "tap", "osm": "n11182006866"}}, {"type": "Feature", "geometry": {"type": "Point", "coordinates": [25.478633, 37.101061]}, "properties": {"name": "ΚΟΥΡΕΜΕΝΟΥ", "kind": "tap", "osm": "n11182006926"}}, {"type": "Feature", "geometry": {"type": "Point", "coordinates": [25.360542, 37.086681]}, "properties": {"kind": "spring", "osm": "n11182136407"}}, {"type": "Feature", "geometry": {"type": "Point", "coordinates": [24.729858, 40.733323]}, "properties": {"kind": "fountain", "osm": "n11190128202"}}, {"type": "Feature", "geometry": {"type": "Point", "coordinates": [27.078652, 35.585386]}, "properties": {"kind": "tap", "osm": "n11190567874"}}, {"type": "Feature", "geometry": {"type": "Point", "coordinates": [23.982769, 38.089568]}, "properties": {"bottle": "yes", "fee": "no", "kind": "fountain", "osm": "n11191310934"}}, {"type": "Feature", "geometry": {"type": "Point", "coordinates": [23.982882, 38.0891]}, "properties": {"bottle": "yes", "fee": "no", "kind": "fountain", "osm": "n11191310935"}}, {"type": "Feature", "geometry": {"type": "Point", "coordinates": [24.66438, 35.184428]}, "properties": {"drinking_water": "yes", "kind": "point", "osm": "n11195318675"}}, {"type": "Feature", "geometry": {"type": "Point", "coordinates": [24.660981, 35.187233]}, "properties": {"drinking_water": "yes", "kind": "point", "osm": "n11195329219"}}, {"type": "Feature", "geometry": {"type": "Point", "coordinates": [22.242758, 40.423133]}, "properties": {"kind": "fountain", "osm": "n11199428176"}}, {"type": "Feature", "geometry": {"type": "Point", "coordinates": [22.239656, 40.419891]}, "properties": {"kind": "fountain", "osm": "n11199470185"}}, {"type": "Feature", "geometry": {"type": "Point", "coordinates": [22.228494, 40.406117]}, "properties": {"kind": "fountain", "osm": "n11199527014"}}, {"type": "Feature", "geometry": {"type": "Point", "coordinates": [22.212906, 40.387384]}, "properties": {"kind": "fountain", "osm": "n11199529662"}}, {"type": "Feature", "geometry": {"type": "Point", "coordinates": [22.206974, 40.325217]}, "properties": {"kind": "fountain", "osm": "n11199546743"}}, {"type": "Feature", "geometry": {"type": "Point", "coordinates": [22.318776, 40.249806]}, "properties": {"kind": "fountain", "osm": "n11199571860"}}, {"type": "Feature", "geometry": {"type": "Point", "coordinates": [22.251909, 40.243348]}, "properties": {"kind": "fountain", "osm": "n11199575112"}}, {"type": "Feature", "geometry": {"type": "Point", "coordinates": [22.270778, 40.285881]}, "properties": {"kind": "fountain", "osm": "n11199611358"}}, {"type": "Feature", "geometry": {"type": "Point", "coordinates": [22.285713, 40.288823]}, "properties": {"kind": "fountain", "osm": "n11199902241"}}, {"type": "Feature", "geometry": {"type": "Point", "coordinates": [22.351195, 40.294975]}, "properties": {"kind": "fountain", "osm": "n11199941046"}}, {"type": "Feature", "geometry": {"type": "Point", "coordinates": [22.464887, 40.285434]}, "properties": {"kind": "fountain", "osm": "n11199964076"}}, {"type": "Feature", "geometry": {"type": "Point", "coordinates": [22.505541, 40.105828]}, "properties": {"kind": "fountain", "osm": "n11200016909"}}, {"type": "Feature", "geometry": {"type": "Point", "coordinates": [27.769259, 36.084586]}, "properties": {"kind": "fountain", "osm": "n11204194837"}}, {"type": "Feature", "geometry": {"type": "Point", "coordinates": [27.762147, 36.058413]}, "properties": {"kind": "fountain", "osm": "n11204194839"}}, {"type": "Feature", "geometry": {"type": "Point", "coordinates": [27.768743, 36.139493]}, "properties": {"kind": "spring", "osm": "n11204194840"}}, {"type": "Feature", "geometry": {"type": "Point", "coordinates": [27.208892, 35.771344]}, "properties": {"kind": "spring", "osm": "n11204195038"}}, {"type": "Feature", "geometry": {"type": "Point", "coordinates": [25.525442, 40.473799]}, "properties": {"kind": "fountain", "osm": "n11208683276"}}, {"type": "Feature", "geometry": {"type": "Point", "coordinates": [25.526209, 40.474122]}, "properties": {"kind": "fountain", "osm": "n11208683331"}}, {"type": "Feature", "geometry": {"type": "Point", "coordinates": [25.525361, 40.47414]}, "properties": {"kind": "fountain", "osm": "n11208683393"}}, {"type": "Feature", "geometry": {"type": "Point", "coordinates": [19.874515, 39.572494]}, "properties": {"kind": "tap", "osm": "n11209921364"}}, {"type": "Feature", "geometry": {"type": "Point", "coordinates": [27.180597, 35.773775]}, "properties": {"kind": "fountain", "osm": "n11212055443"}}, {"type": "Feature", "geometry": {"type": "Point", "coordinates": [27.141101, 35.650118]}, "properties": {"access": "unknown", "kind": "fountain", "osm": "n11215490338"}}, {"type": "Feature", "geometry": {"type": "Point", "coordinates": [27.14163, 35.638682]}, "properties": {"name:en": "Water for drink down the stairs big fountain", "kind": "spring", "osm": "n11215490537"}}, {"type": "Feature", "geometry": {"type": "Point", "coordinates": [22.472115, 39.973699]}, "properties": {"kind": "fountain", "osm": "n11216073687"}}, {"type": "Feature", "geometry": {"type": "Point", "coordinates": [23.688571, 37.927315]}, "properties": {"bottle": "yes", "fee": "no", "access": "yes", "kind": "fountain", "osm": "n11218237298"}}, {"type": "Feature", "geometry": {"type": "Point", "coordinates": [23.814891, 37.916408]}, "properties": {"drinking_water": "yes", "kind": "point", "osm": "n11218822011"}}, {"type": "Feature", "geometry": {"type": "Point", "coordinates": [22.14467, 38.091155]}, "properties": {"name": "Σμολενά", "drinking_water": "yes", "kind": "spring", "osm": "n11219522945"}}, {"type": "Feature", "geometry": {"type": "Point", "coordinates": [22.122744, 38.081248]}, "properties": {"name": "Κεφαλόβρυσο", "drinking_water": "yes", "kind": "spring", "osm": "n11220264765"}}, {"type": "Feature", "geometry": {"type": "Point", "coordinates": [22.135531, 38.081934]}, "properties": {"name": "Γεφύρι", "drinking_water": "yes", "kind": "spring", "osm": "n11220264766"}}, {"type": "Feature", "geometry": {"type": "Point", "coordinates": [22.126492, 38.082222]}, "properties": {"name": "Υδρομάστευση Σκαλτσούς", "drinking_water": "yes", "access": "permit", "operator": "Δήμος Καλαβρύτων", "kind": "point", "osm": "n11220264779"}}, {"type": "Feature", "geometry": {"type": "Point", "coordinates": [22.122999, 38.076743]}, "properties": {"name": "Βερσός", "drinking_water": "yes", "kind": "spring", "osm": "n11220264780"}}, {"type": "Feature", "geometry": {"type": "Point", "coordinates": [27.075837, 35.58859]}, "properties": {"kind": "fountain", "osm": "n11221907939"}}, {"type": "Feature", "geometry": {"type": "Point", "coordinates": [27.144886, 35.576772]}, "properties": {"kind": "fountain", "osm": "n11221907942"}}, {"type": "Feature", "geometry": {"type": "Point", "coordinates": [27.088065, 35.600409]}, "properties": {"kind": "fountain", "osm": "n11221923539"}}, {"type": "Feature", "geometry": {"type": "Point", "coordinates": [27.11326, 35.595922]}, "properties": {"kind": "fountain", "osm": "n11221923543"}}, {"type": "Feature", "geometry": {"type": "Point", "coordinates": [22.132896, 38.080879]}, "properties": {"name": "Λιστέρνα", "bottle": "yes", "access": "yes", "kind": "spring", "osm": "n11221935124"}}, {"type": "Feature", "geometry": {"type": "Point", "coordinates": [22.135633, 38.081947]}, "properties": {"bottle": "yes", "fee": "no", "access": "yes", "kind": "fountain", "osm": "n11221935125"}}, {"type": "Feature", "geometry": {"type": "Point", "coordinates": [22.129825, 38.078494]}, "properties": {"name": "Δεσποτική", "bottle": "yes", "fee": "no", "access": "yes", "kind": "spring", "osm": "n11221935126"}}, {"type": "Feature", "geometry": {"type": "Point", "coordinates": [22.134567, 38.078624]}, "properties": {"name": "Μύλος", "drinking_water": "yes", "kind": "spring", "osm": "n11221935127"}}, {"type": "Feature", "geometry": {"type": "Point", "coordinates": [22.135287, 38.079983]}, "properties": {"name": "Περδικαρέϊκη", "drinking_water": "yes", "kind": "spring", "osm": "n11221935128"}}, {"type": "Feature", "geometry": {"type": "Point", "coordinates": [22.130957, 38.088653]}, "properties": {"name": "Λευκούλα", "drinking_water": "yes", "kind": "spring", "osm": "n11221935129"}}, {"type": "Feature", "geometry": {"type": "Point", "coordinates": [20.62935, 38.254736]}, "properties": {"kind": "spring", "osm": "n11223296758"}}, {"type": "Feature", "geometry": {"type": "Point", "coordinates": [21.175424, 38.870635]}, "properties": {"kind": "spring", "osm": "n11223296993"}}, {"type": "Feature", "geometry": {"type": "Point", "coordinates": [20.62634, 39.326551]}, "properties": {"drinking_water": "yes", "kind": "spring", "osm": "n11223297052"}}, {"type": "Feature", "geometry": {"type": "Point", "coordinates": [20.625133, 39.327029]}, "properties": {"drinking_water": "yes", "kind": "spring", "osm": "n11223297053"}}, {"type": "Feature", "geometry": {"type": "Point", "coordinates": [20.623167, 39.328501]}, "properties": {"drinking_water": "yes", "kind": "spring", "osm": "n11223297061"}}, {"type": "Feature", "geometry": {"type": "Point", "coordinates": [20.402348, 39.281995]}, "properties": {"kind": "tap", "osm": "n11223297249"}}, {"type": "Feature", "geometry": {"type": "Point", "coordinates": [20.319343, 39.600912]}, "properties": {"kind": "fountain", "osm": "n11223297337"}}, {"type": "Feature", "geometry": {"type": "Point", "coordinates": [22.137941, 38.083563]}, "properties": {"name": "Κηπουργέικα", "drinking_water": "yes", "kind": "spring", "osm": "n11224433908"}}, {"type": "Feature", "geometry": {"type": "Point", "coordinates": [22.129137, 38.079841]}, "properties": {"name": "Πουπουνέικα", "drinking_water": "yes", "kind": "spring", "osm": "n11224433909"}}, {"type": "Feature", "geometry": {"type": "Point", "coordinates": [27.165732, 35.575628]}, "properties": {"kind": "spring", "osm": "n11225411237"}}, {"type": "Feature", "geometry": {"type": "Point", "coordinates": [25.382809, 41.247741]}, "properties": {"kind": "tap", "osm": "n11226952748"}}, {"type": "Feature", "geometry": {"type": "Point", "coordinates": [25.3654, 41.255607]}, "properties": {"name": "Ηλία Γκαϊφύλλια", "name:en": "Ilia Gkayfyllia", "kind": "tap", "osm": "n11229160921"}}, {"type": "Feature", "geometry": {"type": "Point", "coordinates": [24.759677, 35.188139]}, "properties": {"kind": "spring", "osm": "n11229568750"}}, {"type": "Feature", "geometry": {"type": "Point", "coordinates": [23.737346, 37.970207]}, "properties": {"kind": "fountain", "osm": "n11235505062"}}, {"type": "Feature", "geometry": {"type": "Point", "coordinates": [22.460493, 36.674742]}, "properties": {"kind": "fountain", "osm": "n11241210378"}}, {"type": "Feature", "geometry": {"type": "Point", "coordinates": [27.146086, 35.684836]}, "properties": {"kind": "spring", "osm": "n11248375237"}}, {"type": "Feature", "geometry": {"type": "Point", "coordinates": [24.90483, 35.132119]}, "properties": {"kind": "fountain", "osm": "n11250875237"}}, {"type": "Feature", "geometry": {"type": "Point", "coordinates": [22.414645, 36.731948]}, "properties": {"name": "Quelle", "drinking_water": "yes", "kind": "spring", "osm": "n11252741884"}}, {"type": "Feature", "geometry": {"type": "Point", "coordinates": [20.948329, 38.667665]}, "properties": {"access": "yes", "kind": "tap", "osm": "n11254945458"}}, {"type": "Feature", "geometry": {"type": "Point", "coordinates": [20.777641, 38.665716]}, "properties": {"drinking_water": "yes", "kind": "tap", "osm": "n11256696244"}}, {"type": "Feature", "geometry": {"type": "Point", "coordinates": [20.777732, 38.666055]}, "properties": {"drinking_water": "yes", "kind": "tap", "osm": "n11256711174"}}, {"type": "Feature", "geometry": {"type": "Point", "coordinates": [20.675897, 40.040724]}, "properties": {"kind": "fountain", "osm": "n11262158238"}}, {"type": "Feature", "geometry": {"type": "Point", "coordinates": [20.720154, 38.761186]}, "properties": {"description": "On Pier with hose", "kind": "tap", "osm": "n11263688430"}}, {"type": "Feature", "geometry": {"type": "Point", "coordinates": [20.719819, 38.761103]}, "properties": {"kind": "tap", "osm": "n11263869372"}}, {"type": "Feature", "geometry": {"type": "Point", "coordinates": [20.838084, 39.68053]}, "properties": {"kind": "fountain", "osm": "n11264657570"}}, {"type": "Feature", "geometry": {"type": "Point", "coordinates": [20.886421, 40.000724]}, "properties": {"bottle": "yes", "fee": "no", "access": "yes", "covered": "yes", "kind": "fountain", "osm": "n11267912850"}}, {"type": "Feature", "geometry": {"type": "Point", "coordinates": [20.647372, 38.253382]}, "properties": {"description": "below yellow cover on pier floor", "kind": "tap", "osm": "n11270873881"}}, {"type": "Feature", "geometry": {"type": "Point", "coordinates": [25.658824, 35.097682]}, "properties": {"kind": "spring", "osm": "n11271876270"}}, {"type": "Feature", "geometry": {"type": "Point", "coordinates": [25.765768, 35.077514]}, "properties": {"kind": "spring", "osm": "n11271876471"}}, {"type": "Feature", "geometry": {"type": "Point", "coordinates": [25.736665, 35.078202]}, "properties": {"kind": "spring", "osm": "n11271876569"}}, {"type": "Feature", "geometry": {"type": "Point", "coordinates": [25.499346, 35.10507]}, "properties": {"kind": "spring", "osm": "n11271876669"}}, {"type": "Feature", "geometry": {"type": "Point", "coordinates": [21.601321, 39.509876]}, "properties": {"bottle": "yes", "fee": "no", "access": "yes", "wheelchair": "yes", "kind": "fountain", "osm": "n11277312721"}}, {"type": "Feature", "geometry": {"type": "Point", "coordinates": [21.594882, 39.505431]}, "properties": {"bottle": "yes", "fee": "no", "access": "yes", "wheelchair": "limited", "kind": "fountain", "osm": "n11277373870"}}, {"type": "Feature", "geometry": {"type": "Point", "coordinates": [21.208038, 39.658858]}, "properties": {"kind": "fountain", "osm": "n11277807837"}}, {"type": "Feature", "geometry": {"type": "Point", "coordinates": [21.597803, 39.507586]}, "properties": {"bottle": "yes", "fee": "no", "access": "yes", "wheelchair": "limited", "kind": "fountain", "osm": "n11278306638"}}, {"type": "Feature", "geometry": {"type": "Point", "coordinates": [21.074302, 39.74981]}, "properties": {"kind": "fountain", "osm": "n11281169269"}}, {"type": "Feature", "geometry": {"type": "Point", "coordinates": [23.935171, 41.288871]}, "properties": {"kind": "fountain", "osm": "n11284332869"}}, {"type": "Feature", "geometry": {"type": "Point", "coordinates": [23.578946, 41.051428]}, "properties": {"kind": "fountain", "osm": "n11284478697"}}, {"type": "Feature", "geometry": {"type": "Point", "coordinates": [23.68338, 40.618306]}, "properties": {"bottle": "yes", "fee": "no", "kind": "fountain", "osm": "n11286862037"}}, {"type": "Feature", "geometry": {"type": "Point", "coordinates": [23.738861, 37.969025]}, "properties": {"kind": "fountain", "osm": "n11288252942"}}, {"type": "Feature", "geometry": {"type": "Point", "coordinates": [21.077089, 39.751963]}, "properties": {"kind": "fountain", "osm": "n11288932528"}}, {"type": "Feature", "geometry": {"type": "Point", "coordinates": [21.383033, 39.753957]}, "properties": {"kind": "fountain", "osm": "n11288959264"}}, {"type": "Feature", "geometry": {"type": "Point", "coordinates": [21.369537, 39.758982]}, "properties": {"kind": "tap", "osm": "n11288977313"}}, {"type": "Feature", "geometry": {"type": "Point", "coordinates": [24.147294, 40.971095]}, "properties": {"kind": "fountain", "osm": "n11290578340"}}, {"type": "Feature", "geometry": {"type": "Point", "coordinates": [24.712627, 40.932215]}, "properties": {"kind": "fountain", "osm": "n11291203746"}}, {"type": "Feature", "geometry": {"type": "Point", "coordinates": [22.460542, 39.963299]}, "properties": {"kind": "fountain", "osm": "n11291325469"}}, {"type": "Feature", "geometry": {"type": "Point", "coordinates": [25.505939, 41.225142]}, "properties": {"name": "Κιόσκι με βρύση", "kind": "tap", "osm": "n11292635273"}}, {"type": "Feature", "geometry": {"type": "Point", "coordinates": [22.968133, 40.639261]}, "properties": {"kind": "fountain", "osm": "n11293583369"}}, {"type": "Feature", "geometry": {"type": "Point", "coordinates": [23.630019, 41.14957]}, "properties": {"name": "Βρύση", "drinking_water": "yes", "kind": "tap", "osm": "n11297312113"}}, {"type": "Feature", "geometry": {"type": "Point", "coordinates": [24.760272, 41.092531]}, "properties": {"kind": "fountain", "osm": "n11298361840"}}, {"type": "Feature", "geometry": {"type": "Point", "coordinates": [23.77126, 41.162784]}, "properties": {"kind": "fountain", "osm": "n11299369390"}}, {"type": "Feature", "geometry": {"type": "Point", "coordinates": [23.253798, 40.671895]}, "properties": {"kind": "fountain", "osm": "n11299391269"}}, {"type": "Feature", "geometry": {"type": "Point", "coordinates": [26.103673, 38.287466]}, "properties": {"kind": "tap", "osm": "n11299533765"}}, {"type": "Feature", "geometry": {"type": "Point", "coordinates": [23.842315, 40.794119]}, "properties": {"kind": "fountain", "osm": "n11299972970"}}, {"type": "Feature", "geometry": {"type": "Point", "coordinates": [23.793929, 41.176714]}, "properties": {"kind": "fountain", "osm": "n11301561785"}}, {"type": "Feature", "geometry": {"type": "Point", "coordinates": [23.803151, 41.185106]}, "properties": {"kind": "fountain", "osm": "n11301568694"}}, {"type": "Feature", "geometry": {"type": "Point", "coordinates": [25.866103, 40.842035]}, "properties": {"kind": "fountain", "osm": "n11302492108"}}, {"type": "Feature", "geometry": {"type": "Point", "coordinates": [22.168566, 37.872569]}, "properties": {"kind": "fountain", "osm": "n11303959824"}}, {"type": "Feature", "geometry": {"type": "Point", "coordinates": [24.707759, 41.023167]}, "properties": {"kind": "fountain", "osm": "n11303995169"}}, {"type": "Feature", "geometry": {"type": "Point", "coordinates": [24.870343, 41.081364]}, "properties": {"kind": "fountain", "osm": "n11304327871"}}, {"type": "Feature", "geometry": {"type": "Point", "coordinates": [24.686052, 35.214356]}, "properties": {"kind": "spring", "osm": "n11309040969"}}, {"type": "Feature", "geometry": {"type": "Point", "coordinates": [26.521017, 39.156173]}, "properties": {"drinking_water": "yes", "access": "yes", "kind": "tap", "osm": "n11310026716"}}, {"type": "Feature", "geometry": {"type": "Point", "coordinates": [22.013805, 37.883205]}, "properties": {"name": "Βρύση Ραμαντάνη", "drinking_water": "yes", "kind": "spring", "osm": "n11328032263"}}, {"type": "Feature", "geometry": {"type": "Point", "coordinates": [22.01542, 37.886536]}, "properties": {"name": "Βρύση Α'Γιώργη", "drinking_water": "yes", "kind": "spring", "osm": "n11329237225"}}, {"type": "Feature", "geometry": {"type": "Point", "coordinates": [22.018291, 37.885866]}, "properties": {"name": "Βρύση Καρμογιάννη", "drinking_water": "yes", "fee": "no", "kind": "spring", "osm": "n11329237256"}}, {"type": "Feature", "geometry": {"type": "Point", "coordinates": [22.022521, 37.887926]}, "properties": {"name": "Πηγή Κεραμίδι", "drinking_water": "yes", "kind": "spring", "osm": "n11329237257"}}, {"type": "Feature", "geometry": {"type": "Point", "coordinates": [22.012019, 37.884136]}, "properties": {"name": "Βαγενίτης", "drinking_water": "yes", "kind": "spring", "osm": "n11329237266"}}, {"type": "Feature", "geometry": {"type": "Point", "coordinates": [22.012765, 37.88384]}, "properties": {"name": "Βρύση Τσακιρέικη", "drinking_water": "yes", "kind": "spring", "osm": "n11329237267"}}, {"type": "Feature", "geometry": {"type": "Point", "coordinates": [22.01363, 37.888976]}, "properties": {"kind": "tap", "osm": "n11329237309"}}, {"type": "Feature", "geometry": {"type": "Point", "coordinates": [22.205296, 38.031038]}, "properties": {"name": "Κρύα Βρύση", "drinking_water": "yes", "kind": "spring", "osm": "n11329669821"}}, {"type": "Feature", "geometry": {"type": "Point", "coordinates": [22.920988, 40.381566]}, "properties": {"kind": "fountain", "osm": "n11330622969"}}, {"type": "Feature", "geometry": {"type": "Point", "coordinates": [22.012008, 37.88514]}, "properties": {"access": "yes", "kind": "tap", "osm": "n11334898203"}}, {"type": "Feature", "geometry": {"type": "Point", "coordinates": [22.010534, 37.883277]}, "properties": {"drinking_water": "yes", "access": "yes", "kind": "tap", "osm": "n11336865657"}}, {"type": "Feature", "geometry": {"type": "Point", "coordinates": [22.012256, 37.884899]}, "properties": {"kind": "tap", "osm": "n11336865658"}}, {"type": "Feature", "geometry": {"type": "Point", "coordinates": [22.014616, 37.887065]}, "properties": {"name": "Πηγή Ακόνι", "drinking_water": "yes", "kind": "spring", "osm": "n11336865659"}}, {"type": "Feature", "geometry": {"type": "Point", "coordinates": [22.01137, 37.884462]}, "properties": {"name": "Γούβα", "kind": "spring", "osm": "n11336865660"}}, {"type": "Feature", "geometry": {"type": "Point", "coordinates": [22.014057, 37.886726]}, "properties": {"name": "Ζαχαρή", "kind": "spring", "osm": "n11336865661"}}, {"type": "Feature", "geometry": {"type": "Point", "coordinates": [22.014779, 37.882677]}, "properties": {"name": "Κεφαλόβρυσο", "kind": "spring", "osm": "n11336865662"}}, {"type": "Feature", "geometry": {"type": "Point", "coordinates": [22.014473, 37.882447]}, "properties": {"name": "Θύμιου Βρύση", "kind": "spring", "osm": "n11336865663"}}, {"type": "Feature", "geometry": {"type": "Point", "coordinates": [22.016848, 37.886287]}, "properties": {"name": "Βρύση Σοφού", "drinking_water": "yes", "kind": "spring", "osm": "n11336865665"}}, {"type": "Feature", "geometry": {"type": "Point", "coordinates": [22.01201, 37.8833]}, "properties": {"kind": "tap", "osm": "n11336865671"}}, {"type": "Feature", "geometry": {"type": "Point", "coordinates": [22.012087, 37.883609]}, "properties": {"access": "yes", "kind": "tap", "osm": "n11336865672"}}, {"type": "Feature", "geometry": {"type": "Point", "coordinates": [22.010628, 37.885594]}, "properties": {"drinking_water": "yes", "kind": "tap", "osm": "n11336865673"}}, {"type": "Feature", "geometry": {"type": "Point", "coordinates": [24.556094, 35.293575]}, "properties": {"drinking_water": "yes", "kind": "spring", "osm": "n11338971273"}}, {"type": "Feature", "geometry": {"type": "Point", "coordinates": [21.83706, 38.269409]}, "properties": {"name": "Νερομάνα", "kind": "spring", "osm": "n11338980246"}}, {"type": "Feature", "geometry": {"type": "Point", "coordinates": [21.839376, 38.260943]}, "properties": {"kind": "spring", "osm": "n11338980249"}}, {"type": "Feature", "geometry": {"type": "Point", "coordinates": [23.758493, 38.015817]}, "properties": {"name": "Tap", "kind": "fountain", "osm": "n11341322085"}}, {"type": "Feature", "geometry": {"type": "Point", "coordinates": [20.635952, 38.467521]}, "properties": {"name": "Βρύση του Καλαμου", "kind": "fountain", "osm": "n11342695064"}}, {"type": "Feature", "geometry": {"type": "Point", "coordinates": [22.665457, 39.891279]}, "properties": {"kind": "fountain", "osm": "n11342934569"}}, {"type": "Feature", "geometry": {"type": "Point", "coordinates": [23.873377, 38.074405]}, "properties": {"name": "Πηγή Κομματά", "name:el": "Πηγή Κομματά", "bottle": "yes", "fee": "no", "access": "yes", "kind": "fountain", "osm": "n11343019976"}}, {"type": "Feature", "geometry": {"type": "Point", "coordinates": [23.819443, 38.080505]}, "properties": {"bottle": "yes", "fee": "no", "access": "yes", "operator": "Δήμος Κηφισιάς", "kind": "fountain", "osm": "n11343073897"}}, {"type": "Feature", "geometry": {"type": "Point", "coordinates": [23.875639, 38.102666]}, "properties": {"fee": "no", "access": "yes", "operator": "Εξωραϊστικός Σύλλογος Διονύσου", "wheelchair": "no", "kind": "fountain", "osm": "n11343598043"}}, {"type": "Feature", "geometry": {"type": "Point", "coordinates": [23.822723, 38.077687]}, "properties": {"bottle": "yes", "fee": "no", "access": "yes", "operator": "Άγιος Τιμόθεος", "wheelchair": "limited", "kind": "fountain", "osm": "n11345841066"}}, {"type": "Feature", "geometry": {"type": "Point", "coordinates": [23.801497, 38.092303]}, "properties": {"bottle": "yes", "fee": "no", "access": "yes", "wheelchair": "yes", "kind": "fountain", "osm": "n11348000909"}}, {"type": "Feature", "geometry": {"type": "Point", "coordinates": [23.68607, 40.633456]}, "properties": {"name": "Κρυονέρι", "name:el": "Κρυονέρι", "name:en": "Kryoneri", "kind": "spring", "osm": "n11349122787"}}, {"type": "Feature", "geometry": {"type": "Point", "coordinates": [23.773824, 37.9704]}, "properties": {"fee": "no", "access": "yes", "wheelchair": "no", "kind": "fountain", "osm": "n11351447652"}}, {"type": "Feature", "geometry": {"type": "Point", "coordinates": [23.669658, 40.44769]}, "properties": {"kind": "fountain", "osm": "n11353408914"}}, {"type": "Feature", "geometry": {"type": "Point", "coordinates": [23.564954, 40.622406]}, "properties": {"kind": "fountain", "osm": "n11353409405"}}, {"type": "Feature", "geometry": {"type": "Point", "coordinates": [25.45393, 40.995624]}, "properties": {"kind": "fountain", "osm": "n11353409406"}}, {"type": "Feature", "geometry": {"type": "Point", "coordinates": [23.694134, 40.414252]}, "properties": {"kind": "fountain", "osm": "n11353410183"}}, {"type": "Feature", "geometry": {"type": "Point", "coordinates": [21.611357, 40.76818]}, "properties": {"kind": "fountain", "osm": "n11353410739"}}, {"type": "Feature", "geometry": {"type": "Point", "coordinates": [24.702685, 40.985044]}, "properties": {"kind": "fountain", "osm": "n11353415202"}}, {"type": "Feature", "geometry": {"type": "Point", "coordinates": [23.144172, 40.278136]}, "properties": {"kind": "fountain", "osm": "n11353426096"}}, {"type": "Feature", "geometry": {"type": "Point", "coordinates": [25.748842, 40.856781]}, "properties": {"kind": "fountain", "osm": "n11353426097"}}, {"type": "Feature", "geometry": {"type": "Point", "coordinates": [22.954482, 40.641647]}, "properties": {"bottle": "yes", "fee": "no", "access": "yes", "covered": "no", "kind": "fountain", "osm": "n11353427523"}}, {"type": "Feature", "geometry": {"type": "Point", "coordinates": [26.159962, 40.889511]}, "properties": {"kind": "fountain", "osm": "n11353427524"}}, {"type": "Feature", "geometry": {"type": "Point", "coordinates": [22.935687, 40.425925]}, "properties": {"kind": "fountain", "osm": "n11353430552"}}, {"type": "Feature", "geometry": {"type": "Point", "coordinates": [22.602054, 40.732395]}, "properties": {"kind": "fountain", "osm": "n11353436517"}}, {"type": "Feature", "geometry": {"type": "Point", "coordinates": [21.614102, 40.765359]}, "properties": {"kind": "fountain", "osm": "n11353440395"}}, {"type": "Feature", "geometry": {"type": "Point", "coordinates": [22.953237, 40.633866]}, "properties": {"kind": "fountain", "osm": "n11353440549"}}, {"type": "Feature", "geometry": {"type": "Point", "coordinates": [23.537178, 35.309197]}, "properties": {"kind": "fountain", "osm": "n11355603682"}}, {"type": "Feature", "geometry": {"type": "Point", "coordinates": [22.950544, 38.883203]}, "properties": {"kind": "fountain", "osm": "n11355626269"}}, {"type": "Feature", "geometry": {"type": "Point", "coordinates": [23.814104, 38.072981]}, "properties": {"bottle": "yes", "fee": "no", "access": "yes", "wheelchair": "yes", "kind": "fountain", "osm": "n11364538065"}}, {"type": "Feature", "geometry": {"type": "Point", "coordinates": [23.814114, 38.072994]}, "properties": {"bottle": "yes", "fee": "no", "access": "yes", "wheelchair": "yes", "kind": "fountain", "osm": "n11364538066"}}, {"type": "Feature", "geometry": {"type": "Point", "coordinates": [24.509948, 38.0249]}, "properties": {"kind": "fountain", "osm": "n11368102570"}}, {"type": "Feature", "geometry": {"type": "Point", "coordinates": [22.485653, 40.16975]}, "properties": {"kind": "fountain", "osm": "n11374071225"}}, {"type": "Feature", "geometry": {"type": "Point", "coordinates": [24.422245, 38.012832]}, "properties": {"kind": "fountain", "osm": "n11375359870"}}, {"type": "Feature", "geometry": {"type": "Point", "coordinates": [26.968814, 37.015459]}, "properties": {"operator": "temak", "kind": "fountain", "osm": "n11397466425"}}, {"type": "Feature", "geometry": {"type": "Point", "coordinates": [23.782827, 40.593211]}, "properties": {"kind": "fountain", "osm": "n11405216212"}}, {"type": "Feature", "geometry": {"type": "Point", "coordinates": [20.749626, 38.139417]}, "properties": {"name": "Πηγή Τζανάτων", "name:el": "Πηγή Τζανάτων", "name:en": "Tzanata Spring", "drinking_water": "yes", "kind": "spring", "osm": "n11417270242"}}, {"type": "Feature", "geometry": {"type": "Point", "coordinates": [24.348649, 37.644207]}, "properties": {"name": "Βρύση Βενιαμιν", "name:el": "Βρύση Βενιαμιν", "name:en": "Benjamin Spring", "kind": "fountain", "osm": "n11435362260"}}, {"type": "Feature", "geometry": {"type": "Point", "coordinates": [24.017283, 37.845373]}, "properties": {"name": "Evaggelistrias Spring", "kind": "spring", "osm": "n11435907997"}}, {"type": "Feature", "geometry": {"type": "Point", "coordinates": [23.173818, 37.432133]}, "properties": {"kind": "fountain", "osm": "n11436640069"}}, {"type": "Feature", "geometry": {"type": "Point", "coordinates": [19.877855, 39.570257]}, "properties": {"kind": "tap", "osm": "n11438803488"}}, {"type": "Feature", "geometry": {"type": "Point", "coordinates": [24.422187, 38.012815]}, "properties": {"name": "Watertap", "kind": "tap", "osm": "n11439262415"}}, {"type": "Feature", "geometry": {"type": "Point", "coordinates": [24.931632, 37.835209]}, "properties": {"kind": "fountain", "osm": "n11442968643"}}, {"type": "Feature", "geometry": {"type": "Point", "coordinates": [24.898882, 37.820705]}, "properties": {"name": "Menites Spring", "drinking_water": "yes", "kind": "spring", "osm": "n11445921195"}}, {"type": "Feature", "geometry": {"type": "Point", "coordinates": [24.911439, 37.733913]}, "properties": {"kind": "fountain", "osm": "n11446300029"}}, {"type": "Feature", "geometry": {"type": "Point", "coordinates": [21.853987, 36.805268]}, "properties": {"drinking_water": "yes", "description": "Spring tested for ecoli bacteria from the government. Theres is a certificate above the spring.", "kind": "spring", "osm": "n11446851149"}}, {"type": "Feature", "geometry": {"type": "Point", "coordinates": [21.856154, 36.806743]}, "properties": {"access": "yes", "kind": "tap", "osm": "n11446866468"}}, {"type": "Feature", "geometry": {"type": "Point", "coordinates": [21.233495, 38.453271]}, "properties": {"name:en": "Fountain", "kind": "fountain", "osm": "n11456200569"}}, {"type": "Feature", "geometry": {"type": "Point", "coordinates": [21.707179, 36.888857]}, "properties": {"kind": "fountain", "osm": "n11462351480"}}, {"type": "Feature", "geometry": {"type": "Point", "coordinates": [22.504875, 40.275149]}, "properties": {"fee": "no", "access": "yes", "kind": "fountain", "osm": "n11476666669"}}, {"type": "Feature", "geometry": {"type": "Point", "coordinates": [23.810544, 38.064028]}, "properties": {"bottle": "yes", "fee": "no", "access": "yes", "operator": "ΙΓΕ", "kind": "fountain", "osm": "n11479360884"}}, {"type": "Feature", "geometry": {"type": "Point", "coordinates": [19.923143, 39.611354]}, "properties": {"fee": "no", "access": "yes", "kind": "fountain", "osm": "n11492326433"}}, {"type": "Feature", "geometry": {"type": "Point", "coordinates": [19.923125, 39.611313]}, "properties": {"fee": "no", "access": "yes", "kind": "fountain", "osm": "n11492326436"}}, {"type": "Feature", "geometry": {"type": "Point", "coordinates": [19.92311, 39.611347]}, "properties": {"fee": "no", "access": "yes", "kind": "fountain", "osm": "n11492326439"}}, {"type": "Feature", "geometry": {"type": "Point", "coordinates": [19.923105, 39.611327]}, "properties": {"fee": "no", "access": "yes", "kind": "fountain", "osm": "n11492326442"}}, {"type": "Feature", "geometry": {"type": "Point", "coordinates": [19.923151, 39.611318]}, "properties": {"fee": "no", "access": "yes", "kind": "fountain", "osm": "n11492326446"}}, {"type": "Feature", "geometry": {"type": "Point", "coordinates": [19.92316, 39.611337]}, "properties": {"fee": "no", "access": "yes", "kind": "fountain", "osm": "n11492326449"}}, {"type": "Feature", "geometry": {"type": "Point", "coordinates": [23.414702, 38.954182]}, "properties": {"kind": "spring", "osm": "n11492526669"}}, {"type": "Feature", "geometry": {"type": "Point", "coordinates": [21.555582, 40.661138]}, "properties": {"kind": "fountain", "osm": "n11497877865"}}, {"type": "Feature", "geometry": {"type": "Point", "coordinates": [28.095943, 36.316321]}, "properties": {"drinking_water": "yes", "access": "yes", "kind": "tap", "osm": "n11499706922"}}, {"type": "Feature", "geometry": {"type": "Point", "coordinates": [28.097393, 36.312347]}, "properties": {"name": "Fasouli Spring", "name:el": "Πηγή Φασούλι", "drinking_water": "yes", "access": "yes", "kind": "spring", "osm": "n11499816816"}}, {"type": "Feature", "geometry": {"type": "Point", "coordinates": [24.570237, 35.26616]}, "properties": {"drinking_water": "yes", "kind": "spring", "osm": "n11509584717"}}, {"type": "Feature", "geometry": {"type": "Point", "coordinates": [21.788236, 38.281582]}, "properties": {"drinking_water": "yes", "kind": "tap", "osm": "n11534679971"}}, {"type": "Feature", "geometry": {"type": "Point", "coordinates": [22.368837, 40.032655]}, "properties": {"kind": "fountain", "osm": "n11535748657"}}, {"type": "Feature", "geometry": {"type": "Point", "coordinates": [22.199154, 38.051213]}, "properties": {"kind": "spring", "osm": "n11536493734"}}, {"type": "Feature", "geometry": {"type": "Point", "coordinates": [22.195299, 38.057246]}, "properties": {"kind": "spring", "osm": "n11536493735"}}, {"type": "Feature", "geometry": {"type": "Point", "coordinates": [22.190778, 38.059404]}, "properties": {"name": "Αλινίσια", "kind": "spring", "osm": "n11536493736"}}, {"type": "Feature", "geometry": {"type": "Point", "coordinates": [22.252713, 37.935077]}, "properties": {"kind": "spring", "osm": "n11541102417"}}, {"type": "Feature", "geometry": {"type": "Point", "coordinates": [22.212636, 38.062797]}, "properties": {"name": "Φλομουριτσα", "kind": "spring", "osm": "n11541370595"}}, {"type": "Feature", "geometry": {"type": "Point", "coordinates": [25.373804, 37.101036]}, "properties": {"fee": "no", "kind": "fountain", "osm": "n11553265671"}}, {"type": "Feature", "geometry": {"type": "Point", "coordinates": [25.380632, 37.108644]}, "properties": {"fee": "no", "kind": "fountain", "osm": "n11553572063"}}, {"type": "Feature", "geometry": {"type": "Point", "coordinates": [25.374871, 37.106765]}, "properties": {"fee": "no", "kind": "fountain", "osm": "n11553603884"}}, {"type": "Feature", "geometry": {"type": "Point", "coordinates": [25.383477, 37.109462]}, "properties": {"fee": "no", "kind": "fountain", "osm": "n11553623376"}}, {"type": "Feature", "geometry": {"type": "Point", "coordinates": [25.382072, 37.10904]}, "properties": {"fee": "no", "kind": "fountain", "osm": "n11553623377"}}, {"type": "Feature", "geometry": {"type": "Point", "coordinates": [25.376183, 37.106249]}, "properties": {"fee": "no", "kind": "fountain", "osm": "n11553890839"}}, {"type": "Feature", "geometry": {"type": "Point", "coordinates": [25.377819, 37.106294]}, "properties": {"fee": "no", "kind": "fountain", "osm": "n11554070089"}}, {"type": "Feature", "geometry": {"type": "Point", "coordinates": [25.376448, 37.106409]}, "properties": {"kind": "fountain", "osm": "n11554070090"}}, {"type": "Feature", "geometry": {"type": "Point", "coordinates": [25.49802, 37.052076]}, "properties": {"fee": "no", "kind": "fountain", "osm": "n11556230500"}}, {"type": "Feature", "geometry": {"type": "Point", "coordinates": [25.499288, 37.052009]}, "properties": {"fee": "no", "kind": "fountain", "osm": "n11557180823"}}, {"type": "Feature", "geometry": {"type": "Point", "coordinates": [25.509846, 37.039503]}, "properties": {"name:en": "Levgassa Spring", "kind": "spring", "osm": "n11557196671"}}, {"type": "Feature", "geometry": {"type": "Point", "coordinates": [25.375032, 37.102281]}, "properties": {"fee": "no", "kind": "fountain", "osm": "n11559375177"}}, {"type": "Feature", "geometry": {"type": "Point", "coordinates": [22.233841, 37.998102]}, "properties": {"name": "Βρύση Γκόλφως", "kind": "spring", "osm": "n11560831401"}}, {"type": "Feature", "geometry": {"type": "Point", "coordinates": [22.247705, 37.985047]}, "properties": {"kind": "spring", "osm": "n11560975083"}}, {"type": "Feature", "geometry": {"type": "Point", "coordinates": [23.7292, 37.969822]}, "properties": {"kind": "tap", "osm": "n11583859016"}}, {"type": "Feature", "geometry": {"type": "Point", "coordinates": [24.352102, 35.286956]}, "properties": {"drinking_water": "yes", "kind": "spring", "osm": "n11584239916"}}, {"type": "Feature", "geometry": {"type": "Point", "coordinates": [24.424046, 35.178712]}, "properties": {"kind": "spring", "osm": "n11591348375"}}, {"type": "Feature", "geometry": {"type": "Point", "coordinates": [22.335269, 40.94833]}, "properties": {"kind": "fountain", "osm": "n11601873828"}}, {"type": "Feature", "geometry": {"type": "Point", "coordinates": [22.792604, 37.712489]}, "properties": {"kind": "fountain", "osm": "n11610697441"}}, {"type": "Feature", "geometry": {"type": "Point", "coordinates": [22.792605, 37.71262]}, "properties": {"kind": "tap", "osm": "n11610697442"}}, {"type": "Feature", "geometry": {"type": "Point", "coordinates": [22.197291, 38.191866]}, "properties": {"kind": "fountain", "osm": "n11613228244"}}, {"type": "Feature", "geometry": {"type": "Point", "coordinates": [22.881195, 36.650251]}, "properties": {"name:en": "Drinking water", "kind": "fountain", "osm": "n11618139370"}}, {"type": "Feature", "geometry": {"type": "Point", "coordinates": [22.777045, 36.840818]}, "properties": {"kind": "fountain", "osm": "n11618157769"}}, {"type": "Feature", "geometry": {"type": "Point", "coordinates": [22.519346, 38.476876]}, "properties": {"kind": "spring", "osm": "n11637746698"}}, {"type": "Feature", "geometry": {"type": "Point", "coordinates": [22.238608, 37.088898]}, "properties": {"kind": "fountain", "osm": "n11656418969"}}, {"type": "Feature", "geometry": {"type": "Point", "coordinates": [24.868494, 37.782382]}, "properties": {"kind": "fountain", "osm": "n11657251643"}}, {"type": "Feature", "geometry": {"type": "Point", "coordinates": [22.11379, 38.029161]}, "properties": {"kind": "fountain", "osm": "n11663080169"}}, {"type": "Feature", "geometry": {"type": "Point", "coordinates": [21.5518, 37.680973]}, "properties": {"kind": "tap", "osm": "n11687339169"}}, {"type": "Feature", "geometry": {"type": "Point", "coordinates": [21.442171, 37.897322]}, "properties": {"kind": "tap", "osm": "n11687339269"}}, {"type": "Feature", "geometry": {"type": "Point", "coordinates": [21.675292, 37.184169]}, "properties": {"kind": "tap", "osm": "n11687339369"}}, {"type": "Feature", "geometry": {"type": "Point", "coordinates": [21.710518, 37.046554]}, "properties": {"kind": "tap", "osm": "n11687339370"}}, {"type": "Feature", "geometry": {"type": "Point", "coordinates": [21.928176, 36.807596]}, "properties": {"kind": "tap", "osm": "n11687339371"}}, {"type": "Feature", "geometry": {"type": "Point", "coordinates": [21.853617, 36.805258]}, "properties": {"kind": "fountain", "osm": "n11687339470"}}, {"type": "Feature", "geometry": {"type": "Point", "coordinates": [21.856083, 36.806775]}, "properties": {"kind": "tap", "osm": "n11687339569"}}, {"type": "Feature", "geometry": {"type": "Point", "coordinates": [24.705501, 41.19903]}, "properties": {"kind": "fountain", "osm": "n11690518971"}}, {"type": "Feature", "geometry": {"type": "Point", "coordinates": [21.683078, 39.671562]}, "properties": {"kind": "fountain", "osm": "n11696833869"}}, {"type": "Feature", "geometry": {"type": "Point", "coordinates": [19.6868, 39.678262]}, "properties": {"kind": "fountain", "osm": "n11697188163"}}, {"type": "Feature", "geometry": {"type": "Point", "coordinates": [20.656187, 39.686957]}, "properties": {"name": "Πηγή Κεφαλής", "kind": "spring", "osm": "n11701199230"}}, {"type": "Feature", "geometry": {"type": "Point", "coordinates": [19.919465, 39.591434]}, "properties": {"kind": "fountain", "osm": "n11704772325"}}, {"type": "Feature", "geometry": {"type": "Point", "coordinates": [22.935105, 40.66124]}, "properties": {"kind": "fountain", "osm": "n11733942386"}}, {"type": "Feature", "geometry": {"type": "Point", "coordinates": [20.689395, 38.745546]}, "properties": {"kind": "spring", "osm": "n11741494680"}}, {"type": "Feature", "geometry": {"type": "Point", "coordinates": [22.067825, 40.966237]}, "properties": {"kind": "fountain", "osm": "n11744867669"}}, {"type": "Feature", "geometry": {"type": "Point", "coordinates": [20.718574, 39.969194]}, "properties": {"kind": "fountain", "osm": "n11750735276"}}, {"type": "Feature", "geometry": {"type": "Point", "coordinates": [20.431506, 39.669083]}, "properties": {"kind": "fountain", "osm": "n11753192230"}}, {"type": "Feature", "geometry": {"type": "Point", "coordinates": [23.896682, 38.060961]}, "properties": {"fee": "no", "access": "yes", "kind": "fountain", "osm": "n11757465839"}}, {"type": "Feature", "geometry": {"type": "Point", "coordinates": [23.873678, 38.075673]}, "properties": {"name": "Βρύση Κομματά", "name:el": "Βρύση Κομματά", "fee": "no", "kind": "fountain", "osm": "n11757837776"}}, {"type": "Feature", "geometry": {"type": "Point", "coordinates": [23.89057, 38.114044]}, "properties": {"name": "Zeno fountain", "name:el": "Κρήνη Ζήνωνα", "bottle": "yes", "fee": "no", "access": "yes", "covered": "no", "kind": "fountain", "osm": "n11757837777"}}, {"type": "Feature", "geometry": {"type": "Point", "coordinates": [23.900182, 38.060177]}, "properties": {"name": "Πηγή Βαγιάτι", "name:el": "Πηγή Βαγιάτι", "bottle": "yes", "fee": "no", "access": "yes", "wheelchair": "no", "kind": "fountain", "osm": "n11757837778"}}, {"type": "Feature", "geometry": {"type": "Point", "coordinates": [23.947052, 38.040394]}, "properties": {"bottle": "yes", "fee": "no", "access": "permissive", "operator": "Μονή Παντοκράτορα", "kind": "fountain", "osm": "n11757871119"}}, {"type": "Feature", "geometry": {"type": "Point", "coordinates": [23.968543, 38.031425]}, "properties": {"name": "Πηγή του Κίτσου", "name:el": "Πηγή του Κίτσου", "fee": "no", "access": "yes", "wheelchair": "no", "kind": "fountain", "osm": "n11758472359"}}, {"type": "Feature", "geometry": {"type": "Point", "coordinates": [23.944023, 38.061986]}, "properties": {"name": "Πηγή Κακό Μελίσσι", "name:el": "Πηγή Κακό Μελίσσι", "bottle": "yes", "fee": "no", "access": "yes", "kind": "fountain", "osm": "n11758472360"}}, {"type": "Feature", "geometry": {"type": "Point", "coordinates": [23.816626, 38.088728]}, "properties": {"drinking_water": "yes", "access": "yes", "kind": "tap", "osm": "n11758744753"}}, {"type": "Feature", "geometry": {"type": "Point", "coordinates": [21.815214, 37.346942]}, "properties": {"name:en": "Drinking water", "kind": "fountain", "osm": "n11765762769"}}, {"type": "Feature", "geometry": {"type": "Point", "coordinates": [22.428192, 37.454794]}, "properties": {"name:en": "Drinking water", "kind": "fountain", "osm": "n11801826969"}}, {"type": "Feature", "geometry": {"type": "Point", "coordinates": [22.322038, 37.512262]}, "properties": {"name:en": "Drinking water", "kind": "fountain", "osm": "n11801827069"}}, {"type": "Feature", "geometry": {"type": "Point", "coordinates": [22.145999, 37.693033]}, "properties": {"kind": "fountain", "osm": "n11804337320"}}, {"type": "Feature", "geometry": {"type": "Point", "coordinates": [22.40673, 40.618339]}, "properties": {"kind": "fountain", "osm": "n11808067198"}}, {"type": "Feature", "geometry": {"type": "Point", "coordinates": [24.923787, 37.82273]}, "properties": {"drinking_water": "yes", "bottle": "yes", "kind": "fountain", "osm": "n11811086033"}}, {"type": "Feature", "geometry": {"type": "Point", "coordinates": [25.585945, 35.080482]}, "properties": {"kind": "tap", "osm": "n11825130569"}}, {"type": "Feature", "geometry": {"type": "Point", "coordinates": [22.405051, 38.01509]}, "properties": {"name:en": "Spring", "kind": "spring", "osm": "n11827005487"}}, {"type": "Feature", "geometry": {"type": "Point", "coordinates": [25.905187, 36.827121]}, "properties": {"kind": "spring", "osm": "n11834596373"}}, {"type": "Feature", "geometry": {"type": "Point", "coordinates": [22.149174, 37.890959]}, "properties": {"kind": "spring", "osm": "n11834704092"}}, {"type": "Feature", "geometry": {"type": "Point", "coordinates": [21.604443, 38.592097]}, "properties": {"kind": "fountain", "osm": "n11837627769"}}, {"type": "Feature", "geometry": {"type": "Point", "coordinates": [22.707714, 39.077005]}, "properties": {"kind": "fountain", "osm": "n11838828447"}}, {"type": "Feature", "geometry": {"type": "Point", "coordinates": [23.460322, 40.485963]}, "properties": {"kind": "fountain", "osm": "n11845038260"}}, {"type": "Feature", "geometry": {"type": "Point", "coordinates": [23.187191, 40.58484]}, "properties": {"kind": "fountain", "osm": "n11851223802"}}, {"type": "Feature", "geometry": {"type": "Point", "coordinates": [23.183518, 40.594644]}, "properties": {"kind": "fountain", "osm": "n11851223818"}}, {"type": "Feature", "geometry": {"type": "Point", "coordinates": [23.729699, 37.969755]}, "properties": {"kind": "fountain", "osm": "n11854252670"}}, {"type": "Feature", "geometry": {"type": "Point", "coordinates": [22.418969, 37.015369]}, "properties": {"kind": "fountain", "osm": "n11862552769"}}, {"type": "Feature", "geometry": {"type": "Point", "coordinates": [22.416441, 37.029561]}, "properties": {"kind": "fountain", "osm": "n11862552869"}}, {"type": "Feature", "geometry": {"type": "Point", "coordinates": [22.135593, 37.346285]}, "properties": {"kind": "fountain", "osm": "n11867179169"}}, {"type": "Feature", "geometry": {"type": "Point", "coordinates": [22.406376, 36.885019]}, "properties": {"kind": "tap", "osm": "n11871106978"}}, {"type": "Feature", "geometry": {"type": "Point", "coordinates": [22.369681, 37.0349]}, "properties": {"kind": "tap", "osm": "n11871109136"}}, {"type": "Feature", "geometry": {"type": "Point", "coordinates": [22.413254, 36.880113]}, "properties": {"kind": "tap", "osm": "n11871130976"}}, {"type": "Feature", "geometry": {"type": "Point", "coordinates": [22.365809, 37.01952]}, "properties": {"kind": "spring", "osm": "n11871139300"}}, {"type": "Feature", "geometry": {"type": "Point", "coordinates": [21.790519, 38.555448]}, "properties": {"drinking_water": "yes", "kind": "spring", "osm": "n11873589769"}}, {"type": "Feature", "geometry": {"type": "Point", "coordinates": [21.817217, 38.549783]}, "properties": {"drinking_water": "yes", "kind": "spring", "osm": "n11873614469"}}, {"type": "Feature", "geometry": {"type": "Point", "coordinates": [23.72003, 37.970603]}, "properties": {"bottle": "yes", "fee": "no", "access": "yes", "kind": "fountain", "osm": "n11873724518"}}, {"type": "Feature", "geometry": {"type": "Point", "coordinates": [21.85059, 38.645032]}, "properties": {"name:en": "Spring", "kind": "spring", "osm": "n11873739670"}}, {"type": "Feature", "geometry": {"type": "Point", "coordinates": [21.791034, 38.605544]}, "properties": {"drinking_water": "yes", "kind": "spring", "osm": "n11873741969"}}, {"type": "Feature", "geometry": {"type": "Point", "coordinates": [21.838206, 38.685477]}, "properties": {"drinking_water": "yes", "kind": "spring", "osm": "n11873862770"}}, {"type": "Feature", "geometry": {"type": "Point", "coordinates": [24.051646, 35.295163]}, "properties": {"name": "Στέρνα", "name:el": "Στέρνα", "name:en": "Water Tank", "kind": "tap", "osm": "n11879457270"}}, {"type": "Feature", "geometry": {"type": "Point", "coordinates": [22.243146, 36.890609]}, "properties": {"kind": "spring", "osm": "n11883643527"}}, {"type": "Feature", "geometry": {"type": "Point", "coordinates": [22.041901, 40.797979]}, "properties": {"bottle": "yes", "fee": "no", "access": "yes", "kind": "fountain", "osm": "n11888515921"}}, {"type": "Feature", "geometry": {"type": "Point", "coordinates": [21.688636, 40.782312]}, "properties": {"fee": "no", "access": "yes", "kind": "fountain", "osm": "n11888542438"}}, {"type": "Feature", "geometry": {"type": "Point", "coordinates": [22.234446, 40.79082]}, "properties": {"bottle": "yes", "fee": "no", "access": "yes", "wheelchair": "limited", "kind": "fountain", "osm": "n11888745367"}}, {"type": "Feature", "geometry": {"type": "Point", "coordinates": [22.154277, 39.117069]}, "properties": {"kind": "fountain", "osm": "n11891029641"}}, {"type": "Feature", "geometry": {"type": "Point", "coordinates": [22.158941, 39.09414]}, "properties": {"kind": "fountain", "osm": "n11891046925"}}, {"type": "Feature", "geometry": {"type": "Point", "coordinates": [22.156479, 39.088088]}, "properties": {"kind": "fountain", "osm": "n11893699781"}}, {"type": "Feature", "geometry": {"type": "Point", "coordinates": [22.409193, 40.930276]}, "properties": {"kind": "fountain", "osm": "n11894207575"}}, {"type": "Feature", "geometry": {"type": "Point", "coordinates": [23.51629, 38.81038]}, "properties": {"kind": "tap", "osm": "n11897176106"}}, {"type": "Feature", "geometry": {"type": "Point", "coordinates": [19.701335, 39.669574]}, "properties": {"covered": "yes", "kind": "fountain", "osm": "n11900413578"}}, {"type": "Feature", "geometry": {"type": "Point", "coordinates": [19.701284, 39.669543]}, "properties": {"kind": "tap", "osm": "n11900413579"}}, {"type": "Feature", "geometry": {"type": "Point", "coordinates": [19.701622, 39.669489]}, "properties": {"kind": "tap", "osm": "n11900413582"}}, {"type": "Feature", "geometry": {"type": "Point", "coordinates": [23.167348, 38.609939]}, "properties": {"kind": "fountain", "osm": "n11900472251"}}, {"type": "Feature", "geometry": {"type": "Point", "coordinates": [23.167425, 38.610736]}, "properties": {"kind": "fountain", "osm": "n11900472400"}}, {"type": "Feature", "geometry": {"type": "Point", "coordinates": [24.045433, 38.54629]}, "properties": {"name": "Dragonera Cliffs", "drinking_water": "yes", "kind": "point", "osm": "n11901845683"}}, {"type": "Feature", "geometry": {"type": "Point", "coordinates": [22.092586, 37.578691]}, "properties": {"drinking_water": "yes", "kind": "spring", "osm": "n11903307912"}}, {"type": "Feature", "geometry": {"type": "Point", "coordinates": [25.218093, 41.134685]}, "properties": {"kind": "fountain", "osm": "n11903336981"}}, {"type": "Feature", "geometry": {"type": "Point", "coordinates": [22.094176, 37.563411]}, "properties": {"drinking_water": "yes", "kind": "spring", "osm": "n11903340598"}}, {"type": "Feature", "geometry": {"type": "Point", "coordinates": [21.606067, 38.955781]}, "properties": {"kind": "fountain", "osm": "n11903363669"}}, {"type": "Feature", "geometry": {"type": "Point", "coordinates": [22.084784, 37.586502]}, "properties": {"drinking_water": "yes", "kind": "spring", "osm": "n11903415073"}}, {"type": "Feature", "geometry": {"type": "Point", "coordinates": [22.075137, 37.590806]}, "properties": {"drinking_water": "yes", "kind": "spring", "osm": "n11903440212"}}, {"type": "Feature", "geometry": {"type": "Point", "coordinates": [22.068427, 37.587164]}, "properties": {"kind": "fountain", "osm": "n11903521245"}}, {"type": "Feature", "geometry": {"type": "Point", "coordinates": [22.041216, 37.59518]}, "properties": {"fee": "no", "wheelchair": "yes", "kind": "fountain", "osm": "n11903724769"}}, {"type": "Feature", "geometry": {"type": "Point", "coordinates": [19.925403, 39.625264]}, "properties": {"description": "Doesn’t work.", "kind": "fountain", "osm": "n11903783781"}}, {"type": "Feature", "geometry": {"type": "Point", "coordinates": [22.047586, 37.583002]}, "properties": {"drinking_water": "yes", "kind": "spring", "osm": "n11904922720"}}, {"type": "Feature", "geometry": {"type": "Point", "coordinates": [19.686137, 39.685406]}, "properties": {"kind": "fountain", "osm": "n11909789839"}}, {"type": "Feature", "geometry": {"type": "Point", "coordinates": [19.917011, 39.590024]}, "properties": {"kind": "tap", "osm": "n11912730486"}}, {"type": "Feature", "geometry": {"type": "Point", "coordinates": [23.704823, 35.493069]}, "properties": {"kind": "fountain", "osm": "n11913879531"}}, {"type": "Feature", "geometry": {"type": "Point", "coordinates": [23.747651, 35.519254]}, "properties": {"kind": "fountain", "osm": "n11913907866"}}, {"type": "Feature", "geometry": {"type": "Point", "coordinates": [23.629233, 35.512451]}, "properties": {"kind": "fountain", "osm": "n11914985748"}}, {"type": "Feature", "geometry": {"type": "Point", "coordinates": [19.728543, 39.679371]}, "properties": {"kind": "fountain", "osm": "n11917363598"}}, {"type": "Feature", "geometry": {"type": "Point", "coordinates": [19.92557, 39.624399]}, "properties": {"kind": "fountain", "osm": "n11919530489"}}, {"type": "Feature", "geometry": {"type": "Point", "coordinates": [22.809452, 37.567344]}, "properties": {"bottle": "yes", "kind": "fountain", "osm": "n11919654269"}}, {"type": "Feature", "geometry": {"type": "Point", "coordinates": [19.871126, 39.464243]}, "properties": {"kind": "fountain", "osm": "n11925026135"}}, {"type": "Feature", "geometry": {"type": "Point", "coordinates": [26.045848, 38.235593]}, "properties": {"drinking_water": "yes", "bottle": "yes", "fee": "no", "access": "yes", "kind": "fountain", "osm": "n11925653224"}}, {"type": "Feature", "geometry": {"type": "Point", "coordinates": [23.586681, 35.350625]}, "properties": {"kind": "fountain", "osm": "n11925871987"}}, {"type": "Feature", "geometry": {"type": "Point", "coordinates": [23.573759, 35.39083]}, "properties": {"kind": "fountain", "osm": "n11925880985"}}, {"type": "Feature", "geometry": {"type": "Point", "coordinates": [19.869967, 39.547086]}, "properties": {"kind": "fountain", "osm": "n11926407341"}}, {"type": "Feature", "geometry": {"type": "Point", "coordinates": [19.839742, 39.565607]}, "properties": {"kind": "fountain", "osm": "n11927510395"}}, {"type": "Feature", "geometry": {"type": "Point", "coordinates": [19.822337, 39.592072]}, "properties": {"kind": "fountain", "osm": "n11927850290"}}, {"type": "Feature", "geometry": {"type": "Point", "coordinates": [26.368425, 38.975578]}, "properties": {"kind": "fountain", "osm": "n11930199177"}}, {"type": "Feature", "geometry": {"type": "Point", "coordinates": [26.046169, 38.233254]}, "properties": {"drinking_water": "yes", "access": "yes", "kind": "fountain", "osm": "n11932569821"}}, {"type": "Feature", "geometry": {"type": "Point", "coordinates": [21.785514, 37.209639]}, "properties": {"kind": "fountain", "osm": "n11932907328"}}, {"type": "Feature", "geometry": {"type": "Point", "coordinates": [21.707716, 37.246449]}, "properties": {"description": "water fontain", "kind": "fountain", "osm": "n11932910065"}}, {"type": "Feature", "geometry": {"type": "Point", "coordinates": [26.04522, 38.234166]}, "properties": {"drinking_water": "yes", "bottle": "yes", "fee": "no", "access": "yes", "wheelchair": "yes", "covered": "no", "kind": "fountain", "osm": "n11934442551"}}, {"type": "Feature", "geometry": {"type": "Point", "coordinates": [26.104791, 38.316025]}, "properties": {"kind": "tap", "osm": "n11934636928"}}, {"type": "Feature", "geometry": {"type": "Point", "coordinates": [23.721032, 37.968887]}, "properties": {"kind": "fountain", "osm": "n11935348071"}}, {"type": "Feature", "geometry": {"type": "Point", "coordinates": [23.722433, 37.968088]}, "properties": {"kind": "fountain", "osm": "n11935366769"}}, {"type": "Feature", "geometry": {"type": "Point", "coordinates": [21.848004, 37.162844]}, "properties": {"description": "water fountain", "kind": "fountain", "osm": "n11935543524"}}, {"type": "Feature", "geometry": {"type": "Point", "coordinates": [23.722364, 35.270334]}, "properties": {"access": "yes", "check_date": "2024-05-15", "kind": "tap", "osm": "n11936687863"}}, {"type": "Feature", "geometry": {"type": "Point", "coordinates": [22.06947, 37.283317]}, "properties": {"name": "Πηγή", "drinking_water": "yes", "kind": "spring", "osm": "n11938027830"}}, {"type": "Feature", "geometry": {"type": "Point", "coordinates": [22.045249, 37.292953]}, "properties": {"drinking_water": "yes", "kind": "spring", "osm": "n11938027831"}}, {"type": "Feature", "geometry": {"type": "Point", "coordinates": [22.195722, 37.24808]}, "properties": {"drinking_water": "yes", "kind": "spring", "osm": "n11938027832"}}, {"type": "Feature", "geometry": {"type": "Point", "coordinates": [23.241943, 41.271639]}, "properties": {"kind": "fountain", "osm": "n11941567207"}}, {"type": "Feature", "geometry": {"type": "Point", "coordinates": [23.14708, 41.274525]}, "properties": {"kind": "fountain", "osm": "n11942031263"}}, {"type": "Feature", "geometry": {"type": "Point", "coordinates": [24.512107, 40.959462]}, "properties": {"name": "Drinking Water Tap", "kind": "fountain", "osm": "n11942057365"}}, {"type": "Feature", "geometry": {"type": "Point", "coordinates": [22.432082, 38.90114]}, "properties": {"kind": "fountain", "osm": "n11945019723"}}, {"type": "Feature", "geometry": {"type": "Point", "coordinates": [22.433745, 38.899134]}, "properties": {"kind": "fountain", "osm": "n11945019724"}}, {"type": "Feature", "geometry": {"type": "Point", "coordinates": [22.069782, 37.069241]}, "properties": {"drinking_water": "yes", "kind": "point", "osm": "n11945915452"}}, {"type": "Feature", "geometry": {"type": "Point", "coordinates": [22.220886, 37.216902]}, "properties": {"drinking_water": "yes", "kind": "point", "osm": "n11947150363"}}, {"type": "Feature", "geometry": {"type": "Point", "coordinates": [22.049174, 37.183031]}, "properties": {"kind": "spring", "osm": "n11947705500"}}, {"type": "Feature", "geometry": {"type": "Point", "coordinates": [23.250489, 41.276055]}, "properties": {"kind": "fountain", "osm": "n11948305532"}}, {"type": "Feature", "geometry": {"type": "Point", "coordinates": [22.958122, 37.596855]}, "properties": {"drinking_water": "yes", "kind": "tap", "osm": "n11950228698"}}, {"type": "Feature", "geometry": {"type": "Point", "coordinates": [22.957961, 37.596776]}, "properties": {"drinking_water": "yes", "kind": "tap", "osm": "n11950259439"}}, {"type": "Feature", "geometry": {"type": "Point", "coordinates": [22.750151, 39.806438]}, "properties": {"kind": "fountain", "osm": "n11950524219"}}, {"type": "Feature", "geometry": {"type": "Point", "coordinates": [23.248477, 41.280012]}, "properties": {"kind": "fountain", "osm": "n11950571581"}}, {"type": "Feature", "geometry": {"type": "Point", "coordinates": [22.813787, 37.648638]}, "properties": {"drinking_water": "yes", "access": "yes", "kind": "fountain", "osm": "n11951326118"}}, {"type": "Feature", "geometry": {"type": "Point", "coordinates": [24.072027, 41.284529]}, "properties": {"kind": "fountain", "osm": "n11951335122"}}, {"type": "Feature", "geometry": {"type": "Point", "coordinates": [25.407649, 35.053541]}, "properties": {"kind": "fountain", "osm": "n11951434853"}}, {"type": "Feature", "geometry": {"type": "Point", "coordinates": [24.89729, 35.050081]}, "properties": {"kind": "fountain", "osm": "n11951459480"}}, {"type": "Feature", "geometry": {"type": "Point", "coordinates": [25.009577, 35.059101]}, "properties": {"description": "Use black lever on the right side to turn on", "kind": "fountain", "osm": "n11951468522"}}, {"type": "Feature", "geometry": {"type": "Point", "coordinates": [25.169809, 35.013862]}, "properties": {"kind": "fountain", "osm": "n11951488395"}}, {"type": "Feature", "geometry": {"type": "Point", "coordinates": [22.062517, 37.546586]}, "properties": {"name": "Κρηνη Καμαρι", "name:en": "Kamari Fountain", "drinking_water": "yes", "kind": "spring", "osm": "n11952312970"}}, {"type": "Feature", "geometry": {"type": "Point", "coordinates": [24.02287, 35.514561]}, "properties": {"kind": "fountain", "osm": "n11952904148"}}, {"type": "Feature", "geometry": {"type": "Point", "coordinates": [22.654674, 38.069506]}, "properties": {"drinking_water": "yes", "access": "yes", "kind": "fountain", "osm": "n11953425517"}}, {"type": "Feature", "geometry": {"type": "Point", "coordinates": [22.274939, 38.171155]}, "properties": {"drinking_water": "yes", "access": "yes", "kind": "fountain", "osm": "n11955068456"}}, {"type": "Feature", "geometry": {"type": "Point", "coordinates": [26.095167, 35.178233]}, "properties": {"kind": "fountain", "osm": "n11955673359"}}, {"type": "Feature", "geometry": {"type": "Point", "coordinates": [25.473532, 35.040045]}, "properties": {"kind": "fountain", "osm": "n11955681280"}}, {"type": "Feature", "geometry": {"type": "Point", "coordinates": [26.047153, 35.072739]}, "properties": {"kind": "fountain", "osm": "n11955686482"}}, {"type": "Feature", "geometry": {"type": "Point", "coordinates": [21.876274, 38.329157]}, "properties": {"drinking_water": "yes", "kind": "tap", "osm": "n11956044865"}}, {"type": "Feature", "geometry": {"type": "Point", "coordinates": [22.026186, 38.285606]}, "properties": {"drinking_water": "yes", "kind": "tap", "osm": "n11956068831"}}, {"type": "Feature", "geometry": {"type": "Point", "coordinates": [21.855401, 37.540194]}, "properties": {"drinking_water": "yes", "kind": "fountain", "osm": "n11956715569"}}, {"type": "Feature", "geometry": {"type": "Point", "coordinates": [20.630109, 38.252432]}, "properties": {"drinking_water": "yes", "kind": "tap", "osm": "n11958537631"}}, {"type": "Feature", "geometry": {"type": "Point", "coordinates": [23.284624, 41.072798]}, "properties": {"kind": "fountain", "osm": "n11962591040"}}, {"type": "Feature", "geometry": {"type": "Point", "coordinates": [20.76579, 39.0576]}, "properties": {"drinking_water": "yes", "access": "yes", "kind": "fountain", "osm": "n11966375915"}}, {"type": "Feature", "geometry": {"type": "Point", "coordinates": [20.859, 39.285437]}, "properties": {"drinking_water": "yes", "kind": "spring", "osm": "n11968278053"}}, {"type": "Feature", "geometry": {"type": "Point", "coordinates": [23.117447, 40.665719]}, "properties": {"kind": "fountain", "osm": "n11968440130"}}, {"type": "Feature", "geometry": {"type": "Point", "coordinates": [20.843042, 39.423754]}, "properties": {"drinking_water": "yes", "kind": "tap", "osm": "n11968527437"}}, {"type": "Feature", "geometry": {"type": "Point", "coordinates": [21.790387, 38.283629]}, "properties": {"kind": "tap", "osm": "n11971512790"}}, {"type": "Feature", "geometry": {"type": "Point", "coordinates": [21.788886, 38.289396]}, "properties": {"kind": "tap", "osm": "n11971512791"}}, {"type": "Feature", "geometry": {"type": "Point", "coordinates": [21.789336, 38.28946]}, "properties": {"kind": "tap", "osm": "n11971512792"}}, {"type": "Feature", "geometry": {"type": "Point", "coordinates": [23.463059, 37.334593]}, "properties": {"kind": "fountain", "osm": "n11971779703"}}, {"type": "Feature", "geometry": {"type": "Point", "coordinates": [22.262717, 37.106729]}, "properties": {"drinking_water": "yes", "kind": "spring", "osm": "n11974927583"}}, {"type": "Feature", "geometry": {"type": "Point", "coordinates": [22.24253, 37.174624]}, "properties": {"drinking_water": "yes", "kind": "spring", "osm": "n11975119561"}}, {"type": "Feature", "geometry": {"type": "Point", "coordinates": [20.749151, 39.882004]}, "properties": {"drinking_water": "yes", "access": "yes", "kind": "fountain", "osm": "n11978436367"}}, {"type": "Feature", "geometry": {"type": "Point", "coordinates": [20.781001, 39.888419]}, "properties": {"drinking_water": "yes", "access": "yes", "kind": "fountain", "osm": "n11980577765"}}, {"type": "Feature", "geometry": {"type": "Point", "coordinates": [23.720072, 40.662131]}, "properties": {"kind": "fountain", "osm": "n11981566563"}}, {"type": "Feature", "geometry": {"type": "Point", "coordinates": [20.914937, 39.934116]}, "properties": {"drinking_water": "yes", "kind": "fountain", "osm": "n11982422403"}}, {"type": "Feature", "geometry": {"type": "Point", "coordinates": [20.9086, 39.980637]}, "properties": {"drinking_water": "yes", "kind": "fountain", "osm": "n11982452576"}}, {"type": "Feature", "geometry": {"type": "Point", "coordinates": [24.0854, 40.899223]}, "properties": {"kind": "spring", "osm": "n11983601076"}}, {"type": "Feature", "geometry": {"type": "Point", "coordinates": [20.854163, 40.056644]}, "properties": {"drinking_water": "yes", "access": "yes", "kind": "fountain", "osm": "n11984852846"}}, {"type": "Feature", "geometry": {"type": "Point", "coordinates": [20.85662, 40.056797]}, "properties": {"drinking_water": "yes", "covered": "no", "kind": "fountain", "osm": "n11984922050"}}, {"type": "Feature", "geometry": {"type": "Point", "coordinates": [22.163874, 37.184315]}, "properties": {"drinking_water": "yes", "kind": "spring", "osm": "n11989906708"}}, {"type": "Feature", "geometry": {"type": "Point", "coordinates": [22.167161, 37.207199]}, "properties": {"name": "Νεραϊδόβρυση", "drinking_water": "yes", "kind": "spring", "osm": "n11989977995"}}, {"type": "Feature", "geometry": {"type": "Point", "coordinates": [23.437361, 41.248168]}, "properties": {"kind": "fountain", "osm": "n11990304644"}}, {"type": "Feature", "geometry": {"type": "Point", "coordinates": [23.442457, 41.193144]}, "properties": {"kind": "fountain", "osm": "n11990572977"}}, {"type": "Feature", "geometry": {"type": "Point", "coordinates": [20.679827, 38.18019]}, "properties": {"kind": "fountain", "osm": "n12005941533"}}, {"type": "Feature", "geometry": {"type": "Point", "coordinates": [20.687261, 38.173417]}, "properties": {"kind": "fountain", "osm": "n12005941534"}}, {"type": "Feature", "geometry": {"type": "Point", "coordinates": [20.721484, 38.135763]}, "properties": {"kind": "fountain", "osm": "n12005941535"}}, {"type": "Feature", "geometry": {"type": "Point", "coordinates": [20.726699, 38.127452]}, "properties": {"kind": "fountain", "osm": "n12005941537"}}, {"type": "Feature", "geometry": {"type": "Point", "coordinates": [20.711665, 38.105716]}, "properties": {"kind": "spring", "osm": "n12005941538"}}, {"type": "Feature", "geometry": {"type": "Point", "coordinates": [20.587936, 39.133646]}, "properties": {"kind": "fountain", "osm": "n12005952055"}}, {"type": "Feature", "geometry": {"type": "Point", "coordinates": [20.464227, 38.268203]}, "properties": {"kind": "fountain", "osm": "n12005967675"}}, {"type": "Feature", "geometry": {"type": "Point", "coordinates": [21.580497, 39.691384]}, "properties": {"access": "yes", "wheelchair": "yes", "kind": "fountain", "osm": "n12006963450"}}, {"type": "Feature", "geometry": {"type": "Point", "coordinates": [21.496523, 39.73875]}, "properties": {"access": "yes", "kind": "tap", "osm": "n12007044330"}}, {"type": "Feature", "geometry": {"type": "Point", "coordinates": [25.352202, 35.333979]}, "properties": {"kind": "fountain", "osm": "n12009385269"}}, {"type": "Feature", "geometry": {"type": "Point", "coordinates": [25.140914, 41.119464]}, "properties": {"kind": "tap", "osm": "n12012213769"}}, {"type": "Feature", "geometry": {"type": "Point", "coordinates": [25.870597, 40.847532]}, "properties": {"kind": "fountain", "osm": "n12014795769"}}, {"type": "Feature", "geometry": {"type": "Point", "coordinates": [21.964532, 40.384781]}, "properties": {"kind": "fountain", "osm": "n12017142351"}}, {"type": "Feature", "geometry": {"type": "Point", "coordinates": [22.119882, 37.326499]}, "properties": {"fee": "no", "access": "yes", "wheelchair": "no", "kind": "fountain", "osm": "n12027953030"}}, {"type": "Feature", "geometry": {"type": "Point", "coordinates": [23.105395, 39.321592]}, "properties": {"name": "Fontana", "kind": "fountain", "osm": "n12030717829"}}, {"type": "Feature", "geometry": {"type": "Point", "coordinates": [21.833253, 38.101426]}, "properties": {"name": "Katarraktis fountain", "kind": "fountain", "osm": "n12035047344"}}, {"type": "Feature", "geometry": {"type": "Point", "coordinates": [21.742538, 38.244951]}, "properties": {"kind": "fountain", "osm": "n12041304806"}}, {"type": "Feature", "geometry": {"type": "Point", "coordinates": [21.745242, 38.279135]}, "properties": {"kind": "fountain", "osm": "n12042149702"}}, {"type": "Feature", "geometry": {"type": "Point", "coordinates": [21.750893, 38.280654]}, "properties": {"kind": "fountain", "osm": "n12042152775"}}, {"type": "Feature", "geometry": {"type": "Point", "coordinates": [26.197348, 39.318019]}, "properties": {"drinking_water": "yes", "access": "yes", "kind": "tap", "osm": "n12043778091"}}, {"type": "Feature", "geometry": {"type": "Point", "coordinates": [25.316254, 41.214611]}, "properties": {"name": "Πηγή", "kind": "fountain", "osm": "n12049738890"}}, {"type": "Feature", "geometry": {"type": "Point", "coordinates": [21.170567, 40.694078]}, "properties": {"kind": "fountain", "osm": "n12050577969"}}, {"type": "Feature", "geometry": {"type": "Point", "coordinates": [21.170781, 40.694779]}, "properties": {"kind": "fountain", "osm": "n12050578069"}}, {"type": "Feature", "geometry": {"type": "Point", "coordinates": [23.691983, 40.249204]}, "properties": {"kind": "tap", "osm": "n12050771205"}}, {"type": "Feature", "geometry": {"type": "Point", "coordinates": [23.6729, 40.232779]}, "properties": {"kind": "tap", "osm": "n12050780030"}}, {"type": "Feature", "geometry": {"type": "Point", "coordinates": [21.483993, 40.784101]}, "properties": {"kind": "tap", "osm": "n12050850773"}}, {"type": "Feature", "geometry": {"type": "Point", "coordinates": [21.266041, 40.777715]}, "properties": {"kind": "spring", "osm": "n12051777370"}}, {"type": "Feature", "geometry": {"type": "Point", "coordinates": [21.617293, 40.76843]}, "properties": {"kind": "spring", "osm": "n12051777371"}}, {"type": "Feature", "geometry": {"type": "Point", "coordinates": [25.262367, 39.92953]}, "properties": {"kind": "fountain", "osm": "n12057656471"}}, {"type": "Feature", "geometry": {"type": "Point", "coordinates": [25.259198, 39.930105]}, "properties": {"kind": "fountain", "osm": "n12057656472"}}, {"type": "Feature", "geometry": {"type": "Point", "coordinates": [25.259838, 39.929847]}, "properties": {"kind": "fountain", "osm": "n12057656473"}}, {"type": "Feature", "geometry": {"type": "Point", "coordinates": [24.305256, 40.840461]}, "properties": {"kind": "spring", "osm": "n12059082669"}}, {"type": "Feature", "geometry": {"type": "Point", "coordinates": [23.680412, 40.44434]}, "properties": {"kind": "fountain", "osm": "n12060787976"}}, {"type": "Feature", "geometry": {"type": "Point", "coordinates": [23.595465, 40.486564]}, "properties": {"drinking_water": "yes", "kind": "tap", "osm": "n12060837232"}}, {"type": "Feature", "geometry": {"type": "Point", "coordinates": [21.236146, 40.425571]}, "properties": {"access": "yes", "kind": "tap", "osm": "n12061117450"}}, {"type": "Feature", "geometry": {"type": "Point", "coordinates": [25.123045, 41.007462]}, "properties": {"kind": "spring", "osm": "n12062832369"}}, {"type": "Feature", "geometry": {"type": "Point", "coordinates": [25.123387, 41.007492]}, "properties": {"kind": "spring", "osm": "n12062832869"}}, {"type": "Feature", "geometry": {"type": "Point", "coordinates": [23.427013, 41.198782]}, "properties": {"kind": "fountain", "osm": "n12066477173"}}, {"type": "Feature", "geometry": {"type": "Point", "coordinates": [24.505108, 41.506864]}, "properties": {"access": "yes", "kind": "fountain", "osm": "n12084783227"}}, {"type": "Feature", "geometry": {"type": "Point", "coordinates": [22.986724, 39.401921]}, "properties": {"kind": "fountain", "osm": "n12090265970"}}, {"type": "Feature", "geometry": {"type": "Point", "coordinates": [22.986543, 39.402027]}, "properties": {"kind": "fountain", "osm": "n12090267169"}}, {"type": "Feature", "geometry": {"type": "Point", "coordinates": [22.999451, 39.390274]}, "properties": {"kind": "fountain", "osm": "n12090335185"}}, {"type": "Feature", "geometry": {"type": "Point", "coordinates": [22.295089, 37.965908]}, "properties": {"fee": "no", "kind": "fountain", "osm": "n12092004608"}}, {"type": "Feature", "geometry": {"type": "Point", "coordinates": [22.273921, 37.986755]}, "properties": {"kind": "fountain", "osm": "n12092054381"}}, {"type": "Feature", "geometry": {"type": "Point", "coordinates": [22.488619, 40.100686]}, "properties": {"kind": "fountain", "osm": "n12096711801"}}, {"type": "Feature", "geometry": {"type": "Point", "coordinates": [26.235776, 41.577161]}, "properties": {"kind": "tap", "osm": "n12097656729"}}, {"type": "Feature", "geometry": {"type": "Point", "coordinates": [26.235474, 41.57748]}, "properties": {"kind": "tap", "osm": "n12097673718"}}, {"type": "Feature", "geometry": {"type": "Point", "coordinates": [22.486077, 38.13429]}, "properties": {"access": "yes", "kind": "tap", "osm": "n12101965504"}}, {"type": "Feature", "geometry": {"type": "Point", "coordinates": [23.166041, 40.548025]}, "properties": {"kind": "fountain", "osm": "n12103747461"}}, {"type": "Feature", "geometry": {"type": "Point", "coordinates": [23.135845, 40.479395]}, "properties": {"kind": "fountain", "osm": "n12103798867"}}, {"type": "Feature", "geometry": {"type": "Point", "coordinates": [21.347767, 40.761139]}, "properties": {"name": "Βρύση", "description": "Τσιμεντένια βρύση με ποτίστρα", "kind": "fountain", "osm": "n12107856473"}}, {"type": "Feature", "geometry": {"type": "Point", "coordinates": [23.421537, 38.712019]}, "properties": {"drinking_water": "yes", "kind": "spring", "osm": "n12110492853"}}, {"type": "Feature", "geometry": {"type": "Point", "coordinates": [23.431893, 38.721598]}, "properties": {"drinking_water": "yes", "kind": "spring", "osm": "n12110492854"}}, {"type": "Feature", "geometry": {"type": "Point", "coordinates": [21.538427, 39.448663]}, "properties": {"kind": "fountain", "osm": "n12116989952"}}, {"type": "Feature", "geometry": {"type": "Point", "coordinates": [21.539253, 39.450237]}, "properties": {"kind": "fountain", "osm": "n12116989953"}}, {"type": "Feature", "geometry": {"type": "Point", "coordinates": [21.708952, 39.274172]}, "properties": {"kind": "fountain", "osm": "n12117718362"}}, {"type": "Feature", "geometry": {"type": "Point", "coordinates": [22.235491, 37.146484]}, "properties": {"drinking_water": "yes", "kind": "spring", "osm": "n12118083052"}}, {"type": "Feature", "geometry": {"type": "Point", "coordinates": [25.353471, 36.702916]}, "properties": {"kind": "spring", "osm": "n12118411278"}}, {"type": "Feature", "geometry": {"type": "Point", "coordinates": [25.352481, 36.704251]}, "properties": {"kind": "spring", "osm": "n12118411279"}}, {"type": "Feature", "geometry": {"type": "Point", "coordinates": [23.076821, 41.317555]}, "properties": {"kind": "fountain", "osm": "n12119663239"}}, {"type": "Feature", "geometry": {"type": "Point", "coordinates": [26.561969, 39.112705]}, "properties": {"kind": "tap", "osm": "n12122711744"}}, {"type": "Feature", "geometry": {"type": "Point", "coordinates": [20.647712, 38.756847]}, "properties": {"kind": "tap", "osm": "n12123783606"}}, {"type": "Feature", "geometry": {"type": "Point", "coordinates": [28.097646, 36.299562]}, "properties": {"access": "yes", "kind": "tap", "osm": "n12124399591"}}, {"type": "Feature", "geometry": {"type": "Point", "coordinates": [22.25214, 37.074693]}, "properties": {"name": "Acqua potabile", "kind": "fountain", "osm": "n12128186430"}}, {"type": "Feature", "geometry": {"type": "Point", "coordinates": [20.762894, 39.740035]}, "properties": {"kind": "fountain", "osm": "n12131321702"}}, {"type": "Feature", "geometry": {"type": "Point", "coordinates": [22.523977, 40.961157]}, "properties": {"kind": "fountain", "osm": "n12133442413"}}, {"type": "Feature", "geometry": {"type": "Point", "coordinates": [23.100117, 38.372695]}, "properties": {"access": "yes", "kind": "fountain", "osm": "n12136489083"}}, {"type": "Feature", "geometry": {"type": "Point", "coordinates": [21.834946, 40.793513]}, "properties": {"fee": "no", "access": "yes", "kind": "fountain", "osm": "n12138514482"}}, {"type": "Feature", "geometry": {"type": "Point", "coordinates": [26.062504, 38.376794]}, "properties": {"kind": "tap", "osm": "n12140426401"}}, {"type": "Feature", "geometry": {"type": "Point", "coordinates": [23.782775, 37.812706]}, "properties": {"drinking_water": "yes", "kind": "point", "osm": "n12142104593"}}, {"type": "Feature", "geometry": {"type": "Point", "coordinates": [23.717756, 37.949553]}, "properties": {"kind": "fountain", "osm": "n12142727483"}}, {"type": "Feature", "geometry": {"type": "Point", "coordinates": [23.714668, 37.948383]}, "properties": {"kind": "fountain", "osm": "n12142727630"}}, {"type": "Feature", "geometry": {"type": "Point", "coordinates": [23.715749, 37.949382]}, "properties": {"kind": "fountain", "osm": "n12142727632"}}, {"type": "Feature", "geometry": {"type": "Point", "coordinates": [23.715026, 37.948772]}, "properties": {"kind": "fountain", "osm": "n12142730257"}}, {"type": "Feature", "geometry": {"type": "Point", "coordinates": [25.961814, 38.489446]}, "properties": {"kind": "tap", "osm": "n12143554201"}}, {"type": "Feature", "geometry": {"type": "Point", "coordinates": [25.92863, 38.486467]}, "properties": {"kind": "tap", "osm": "n12143829001"}}, {"type": "Feature", "geometry": {"type": "Point", "coordinates": [26.555911, 39.111571]}, "properties": {"drinking_water": "yes", "access": "yes", "kind": "tap", "osm": "n12144897572"}}, {"type": "Feature", "geometry": {"type": "Point", "coordinates": [26.695843, 37.793607]}, "properties": {"kind": "tap", "osm": "n12148096078"}}, {"type": "Feature", "geometry": {"type": "Point", "coordinates": [20.620572, 38.675635]}, "properties": {"kind": "fountain", "osm": "n12148137952"}}, {"type": "Feature", "geometry": {"type": "Point", "coordinates": [20.566587, 38.436347]}, "properties": {"kind": "fountain", "osm": "n12148138626"}}, {"type": "Feature", "geometry": {"type": "Point", "coordinates": [19.792239, 39.716378]}, "properties": {"kind": "tap", "osm": "n12150159899"}}, {"type": "Feature", "geometry": {"type": "Point", "coordinates": [21.322212, 39.025773]}, "properties": {"kind": "fountain", "osm": "n12151063877"}}, {"type": "Feature", "geometry": {"type": "Point", "coordinates": [21.332918, 38.706821]}, "properties": {"kind": "fountain", "osm": "n12151149985"}}, {"type": "Feature", "geometry": {"type": "Point", "coordinates": [23.359547, 40.820032]}, "properties": {"kind": "fountain", "osm": "n12151473475"}}, {"type": "Feature", "geometry": {"type": "Point", "coordinates": [24.049084, 41.449478]}, "properties": {"kind": "fountain", "osm": "n12161239096"}}, {"type": "Feature", "geometry": {"type": "Point", "coordinates": [21.958829, 39.935628]}, "properties": {"kind": "fountain", "osm": "n12161403041"}}, {"type": "Feature", "geometry": {"type": "Point", "coordinates": [21.465359, 39.380511]}, "properties": {"kind": "fountain", "osm": "n12161406844"}}, {"type": "Feature", "geometry": {"type": "Point", "coordinates": [21.490895, 39.452853]}, "properties": {"kind": "fountain", "osm": "n12161419244"}}, {"type": "Feature", "geometry": {"type": "Point", "coordinates": [21.36182, 39.047705]}, "properties": {"kind": "fountain", "osm": "n12161423638"}}, {"type": "Feature", "geometry": {"type": "Point", "coordinates": [21.339396, 39.20409]}, "properties": {"kind": "fountain", "osm": "n12161435506"}}, {"type": "Feature", "geometry": {"type": "Point", "coordinates": [21.657697, 39.77207]}, "properties": {"description": "Open main valve in the box behind in the ground.", "kind": "fountain", "osm": "n12161450284"}}, {"type": "Feature", "geometry": {"type": "Point", "coordinates": [21.465773, 39.341549]}, "properties": {"kind": "fountain", "osm": "n12161456454"}}, {"type": "Feature", "geometry": {"type": "Point", "coordinates": [22.047507, 39.925823]}, "properties": {"kind": "fountain", "osm": "n12161463165"}}, {"type": "Feature", "geometry": {"type": "Point", "coordinates": [21.634187, 39.624114]}, "properties": {"kind": "fountain", "osm": "n12161464954"}}, {"type": "Feature", "geometry": {"type": "Point", "coordinates": [21.425497, 39.298225]}, "properties": {"kind": "fountain", "osm": "n12161468821"}}, {"type": "Feature", "geometry": {"type": "Point", "coordinates": [21.464493, 39.342045]}, "properties": {"kind": "fountain", "osm": "n12161469147"}}, {"type": "Feature", "geometry": {"type": "Point", "coordinates": [21.4906, 39.452635]}, "properties": {"kind": "fountain", "osm": "n12161471389"}}, {"type": "Feature", "geometry": {"type": "Point", "coordinates": [22.070192, 39.953468]}, "properties": {"kind": "fountain", "osm": "n12161472404"}}, {"type": "Feature", "geometry": {"type": "Point", "coordinates": [21.806009, 39.925382]}, "properties": {"kind": "fountain", "osm": "n12161472602"}}, {"type": "Feature", "geometry": {"type": "Point", "coordinates": [21.453499, 39.367881]}, "properties": {"kind": "fountain", "osm": "n12161472880"}}, {"type": "Feature", "geometry": {"type": "Point", "coordinates": [23.596429, 38.468767]}, "properties": {"kind": "tap", "osm": "n12161978580"}}, {"type": "Feature", "geometry": {"type": "Point", "coordinates": [23.602676, 38.473313]}, "properties": {"kind": "tap", "osm": "n12161998354"}}, {"type": "Feature", "geometry": {"type": "Point", "coordinates": [22.590636, 40.452157]}, "properties": {"kind": "fountain", "osm": "n12163242637"}}, {"type": "Feature", "geometry": {"type": "Point", "coordinates": [22.134938, 40.011237]}, "properties": {"kind": "fountain", "osm": "n12163256889"}}, {"type": "Feature", "geometry": {"type": "Point", "coordinates": [22.227539, 40.152486]}, "properties": {"kind": "fountain", "osm": "n12163263259"}}, {"type": "Feature", "geometry": {"type": "Point", "coordinates": [22.499925, 40.102586]}, "properties": {"kind": "fountain", "osm": "n12164205983"}}, {"type": "Feature", "geometry": {"type": "Point", "coordinates": [20.510075, 38.185565]}, "properties": {"kind": "tap", "osm": "n12174707617"}}, {"type": "Feature", "geometry": {"type": "Point", "coordinates": [23.085499, 40.733738]}, "properties": {"kind": "fountain", "osm": "n12178547965"}}, {"type": "Feature", "geometry": {"type": "Point", "coordinates": [22.951786, 40.617666]}, "properties": {"kind": "fountain", "osm": "n12181431527"}}, {"type": "Feature", "geometry": {"type": "Point", "coordinates": [23.297722, 40.652476]}, "properties": {"kind": "fountain", "osm": "n12181438351"}}, {"type": "Feature", "geometry": {"type": "Point", "coordinates": [22.549215, 40.566798]}, "properties": {"kind": "fountain", "osm": "n12181443290"}}, {"type": "Feature", "geometry": {"type": "Point", "coordinates": [24.409626, 40.935352]}, "properties": {"drinking_water": "yes", "kind": "tap", "osm": "n12181443295"}}, {"type": "Feature", "geometry": {"type": "Point", "coordinates": [24.564692, 40.937393]}, "properties": {"kind": "fountain", "osm": "n12181443296"}}, {"type": "Feature", "geometry": {"type": "Point", "coordinates": [24.091031, 40.73717]}, "properties": {"kind": "fountain", "osm": "n12181452627"}}, {"type": "Feature", "geometry": {"type": "Point", "coordinates": [22.951142, 40.612396]}, "properties": {"kind": "fountain", "osm": "n12181460413"}}, {"type": "Feature", "geometry": {"type": "Point", "coordinates": [26.236255, 41.575877]}, "properties": {"kind": "fountain", "osm": "n12181519318"}}, {"type": "Feature", "geometry": {"type": "Point", "coordinates": [23.067516, 40.749684]}, "properties": {"kind": "fountain", "osm": "n12182593991"}}, {"type": "Feature", "geometry": {"type": "Point", "coordinates": [22.416727, 37.869933]}, "properties": {"kind": "fountain", "osm": "n12183670939"}}, {"type": "Feature", "geometry": {"type": "Point", "coordinates": [24.870127, 41.081278]}, "properties": {"kind": "fountain", "osm": "n12186152246"}}, {"type": "Feature", "geometry": {"type": "Point", "coordinates": [24.54734, 40.727986]}, "properties": {"kind": "fountain", "osm": "n12186167738"}}, {"type": "Feature", "geometry": {"type": "Point", "coordinates": [22.330852, 37.01106]}, "properties": {"name": "Πηγή του Αγίου Νικολάου", "drinking_water": "yes", "kind": "spring", "osm": "n12188204235"}}, {"type": "Feature", "geometry": {"type": "Point", "coordinates": [22.31434, 37.002528]}, "properties": {"drinking_water": "yes", "kind": "spring", "osm": "n12188204242"}}, {"type": "Feature", "geometry": {"type": "Point", "coordinates": [25.74565, 40.854795]}, "properties": {"kind": "fountain", "osm": "n12189887551"}}, {"type": "Feature", "geometry": {"type": "Point", "coordinates": [25.477687, 40.888555]}, "properties": {"kind": "fountain", "osm": "n12189931080"}}, {"type": "Feature", "geometry": {"type": "Point", "coordinates": [25.60639, 40.867134]}, "properties": {"kind": "fountain", "osm": "n12189931667"}}, {"type": "Feature", "geometry": {"type": "Point", "coordinates": [25.071362, 41.035201]}, "properties": {"kind": "fountain", "osm": "n12189931723"}}, {"type": "Feature", "geometry": {"type": "Point", "coordinates": [25.87232, 40.843562]}, "properties": {"kind": "fountain", "osm": "n12189937449"}}, {"type": "Feature", "geometry": {"type": "Point", "coordinates": [25.360454, 40.961699]}, "properties": {"kind": "fountain", "osm": "n12189944323"}}, {"type": "Feature", "geometry": {"type": "Point", "coordinates": [25.160153, 40.951433]}, "properties": {"kind": "fountain", "osm": "n12189955384"}}, {"type": "Feature", "geometry": {"type": "Point", "coordinates": [25.54593, 40.867151]}, "properties": {"kind": "fountain", "osm": "n12189955385"}}, {"type": "Feature", "geometry": {"type": "Point", "coordinates": [25.745648, 40.854684]}, "properties": {"kind": "fountain", "osm": "n12189955386"}}, {"type": "Feature", "geometry": {"type": "Point", "coordinates": [22.968907, 40.595373]}, "properties": {"name": "2 Water Taps", "kind": "tap", "osm": "n12192695001"}}, {"type": "Feature", "geometry": {"type": "Point", "coordinates": [21.820386, 37.55094]}, "properties": {"kind": "fountain", "osm": "n12192832888"}}, {"type": "Feature", "geometry": {"type": "Point", "coordinates": [21.927981, 36.841179]}, "properties": {"kind": "fountain", "osm": "n12192854870"}}, {"type": "Feature", "geometry": {"type": "Point", "coordinates": [21.896055, 37.2761]}, "properties": {"kind": "tap", "osm": "n12192862499"}}, {"type": "Feature", "geometry": {"type": "Point", "coordinates": [24.723555, 36.972672]}, "properties": {"kind": "tap", "osm": "n12194288165"}}, {"type": "Feature", "geometry": {"type": "Point", "coordinates": [22.499887, 39.631256]}, "properties": {"fee": "no", "kind": "fountain", "osm": "n12194365960"}}, {"type": "Feature", "geometry": {"type": "Point", "coordinates": [21.959346, 36.796308]}, "properties": {"kind": "fountain", "osm": "n12194442421"}}, {"type": "Feature", "geometry": {"type": "Point", "coordinates": [23.671933, 41.344687]}, "properties": {"kind": "spring", "osm": "n12195393557"}}, {"type": "Feature", "geometry": {"type": "Point", "coordinates": [26.168799, 40.895107]}, "properties": {"kind": "fountain", "osm": "n12196886592"}}, {"type": "Feature", "geometry": {"type": "Point", "coordinates": [26.000992, 40.841888]}, "properties": {"kind": "fountain", "osm": "n12196896946"}}, {"type": "Feature", "geometry": {"type": "Point", "coordinates": [25.989209, 40.821773]}, "properties": {"kind": "fountain", "osm": "n12196905009"}}, {"type": "Feature", "geometry": {"type": "Point", "coordinates": [22.964044, 36.267206]}, "properties": {"kind": "fountain", "osm": "n12199213594"}}, {"type": "Feature", "geometry": {"type": "Point", "coordinates": [24.503836, 35.338158]}, "properties": {"kind": "tap", "osm": "n12199224759"}}, {"type": "Feature", "geometry": {"type": "Point", "coordinates": [24.505915, 35.338773]}, "properties": {"kind": "tap", "osm": "n12199224761"}}, {"type": "Feature", "geometry": {"type": "Point", "coordinates": [25.149984, 37.566119]}, "properties": {"drinking_water": "conditional", "kind": "fountain", "osm": "n12200323101"}}, {"type": "Feature", "geometry": {"type": "Point", "coordinates": [25.177906, 37.592664]}, "properties": {"drinking_water": "conditional", "kind": "fountain", "osm": "n12200323102"}}, {"type": "Feature", "geometry": {"type": "Point", "coordinates": [21.750037, 36.970763]}, "properties": {"kind": "fountain", "osm": "n12204731652"}}, {"type": "Feature", "geometry": {"type": "Point", "coordinates": [23.708958, 39.125724]}, "properties": {"kind": "spring", "osm": "n12204840842"}}, {"type": "Feature", "geometry": {"type": "Point", "coordinates": [20.619366, 38.757284]}, "properties": {"kind": "fountain", "osm": "n12205338717"}}, {"type": "Feature", "geometry": {"type": "Point", "coordinates": [22.952414, 40.641939]}, "properties": {"fee": "no", "kind": "fountain", "osm": "n12207077472"}}, {"type": "Feature", "geometry": {"type": "Point", "coordinates": [24.470004, 35.369654]}, "properties": {"access": "yes", "kind": "tap", "osm": "n12208435418"}}, {"type": "Feature", "geometry": {"type": "Point", "coordinates": [27.155833, 36.842197]}, "properties": {"drinking_water": "yes", "kind": "tap", "osm": "n12208466914"}}, {"type": "Feature", "geometry": {"type": "Point", "coordinates": [27.155521, 36.84204]}, "properties": {"kind": "fountain", "osm": "n12208470507"}}, {"type": "Feature", "geometry": {"type": "Point", "coordinates": [27.155468, 36.842044]}, "properties": {"kind": "fountain", "osm": "n12208472846"}}, {"type": "Feature", "geometry": {"type": "Point", "coordinates": [23.827963, 38.141241]}, "properties": {"fee": "no", "access": "yes", "operator": "Αγίου Παντελεήμονα", "kind": "fountain", "osm": "n12248769632"}}, {"type": "Feature", "geometry": {"type": "Point", "coordinates": [22.198532, 37.042265]}, "properties": {"drinking_water": "yes", "kind": "spring", "osm": "n12250537234"}}, {"type": "Feature", "geometry": {"type": "Point", "coordinates": [23.143843, 40.274128]}, "properties": {"name": "Water tap", "kind": "fountain", "osm": "n12278944075"}}, {"type": "Feature", "geometry": {"type": "Point", "coordinates": [22.963259, 40.631741]}, "properties": {"kind": "tap", "osm": "n12287568656"}}, {"type": "Feature", "geometry": {"type": "Point", "coordinates": [23.036032, 38.751018]}, "properties": {"kind": "fountain", "osm": "n12288505101"}}, {"type": "Feature", "geometry": {"type": "Point", "coordinates": [21.529336, 37.896721]}, "properties": {"kind": "fountain", "osm": "n12290027406"}}, {"type": "Feature", "geometry": {"type": "Point", "coordinates": [23.214979, 40.513113]}, "properties": {"kind": "tap", "osm": "n12291741001"}}, {"type": "Feature", "geometry": {"type": "Point", "coordinates": [22.266001, 37.010356]}, "properties": {"name": "Πηγές Κρύας Βρύσης", "drinking_water": "yes", "kind": "spring", "osm": "n12293439374"}}, {"type": "Feature", "geometry": {"type": "Point", "coordinates": [21.624779, 39.956316]}, "properties": {"kind": "fountain", "osm": "n12294700208"}}, {"type": "Feature", "geometry": {"type": "Point", "coordinates": [21.760969, 39.546636]}, "properties": {"kind": "fountain", "osm": "n12298154891"}}, {"type": "Feature", "geometry": {"type": "Point", "coordinates": [25.529311, 40.480481]}, "properties": {"kind": "spring", "osm": "n12299030627"}}, {"type": "Feature", "geometry": {"type": "Point", "coordinates": [22.125418, 37.024372]}, "properties": {"kind": "tap", "osm": "n12299044901"}}, {"type": "Feature", "geometry": {"type": "Point", "coordinates": [22.470648, 36.622353]}, "properties": {"kind": "tap", "osm": "n12299047101"}}, {"type": "Feature", "geometry": {"type": "Point", "coordinates": [21.926541, 40.950978]}, "properties": {"kind": "fountain", "osm": "n12308540672"}}, {"type": "Feature", "geometry": {"type": "Point", "coordinates": [21.924868, 40.950707]}, "properties": {"kind": "fountain", "osm": "n12308540673"}}, {"type": "Feature", "geometry": {"type": "Point", "coordinates": [22.900872, 41.328368]}, "properties": {"drinking_water": "yes", "kind": "point", "osm": "n12309566032"}}, {"type": "Feature", "geometry": {"type": "Point", "coordinates": [22.886168, 41.339588]}, "properties": {"kind": "spring", "osm": "n12309566033"}}, {"type": "Feature", "geometry": {"type": "Point", "coordinates": [22.904315, 41.305393]}, "properties": {"kind": "fountain", "osm": "n12309585348"}}, {"type": "Feature", "geometry": {"type": "Point", "coordinates": [23.000498, 39.389147]}, "properties": {"kind": "fountain", "osm": "n12313976653"}}, {"type": "Feature", "geometry": {"type": "Point", "coordinates": [23.001406, 39.389324]}, "properties": {"kind": "fountain", "osm": "n12313996535"}}, {"type": "Feature", "geometry": {"type": "Point", "coordinates": [22.998597, 39.390607]}, "properties": {"kind": "fountain", "osm": "n12314039238"}}, {"type": "Feature", "geometry": {"type": "Point", "coordinates": [20.792483, 39.864429]}, "properties": {"kind": "fountain", "osm": "n12314302801"}}, {"type": "Feature", "geometry": {"type": "Point", "coordinates": [22.998592, 39.390789]}, "properties": {"kind": "fountain", "osm": "n12315962916"}}, {"type": "Feature", "geometry": {"type": "Point", "coordinates": [22.998926, 39.390783]}, "properties": {"kind": "fountain", "osm": "n12315970728"}}, {"type": "Feature", "geometry": {"type": "Point", "coordinates": [20.792442, 39.864079]}, "properties": {"kind": "fountain", "osm": "n12318159501"}}, {"type": "Feature", "geometry": {"type": "Point", "coordinates": [22.997508, 39.390195]}, "properties": {"kind": "fountain", "osm": "n12318679633"}}, {"type": "Feature", "geometry": {"type": "Point", "coordinates": [21.074112, 39.750066]}, "properties": {"fee": "no", "access": "yes", "kind": "fountain", "osm": "n12320811401"}}, {"type": "Feature", "geometry": {"type": "Point", "coordinates": [21.61836, 39.702169]}, "properties": {"kind": "fountain", "osm": "n12326811301"}}, {"type": "Feature", "geometry": {"type": "Point", "coordinates": [23.480298, 37.694885]}, "properties": {"kind": "spring", "osm": "n12334164261"}}, {"type": "Feature", "geometry": {"type": "Point", "coordinates": [23.735329, 38.401367]}, "properties": {"kind": "fountain", "osm": "n12334715302"}}, {"type": "Feature", "geometry": {"type": "Point", "coordinates": [23.978279, 38.510867]}, "properties": {"kind": "fountain", "osm": "n12337265801"}}, {"type": "Feature", "geometry": {"type": "Point", "coordinates": [24.051573, 38.549031]}, "properties": {"kind": "fountain", "osm": "n12339018701"}}, {"type": "Feature", "geometry": {"type": "Point", "coordinates": [24.059171, 38.563041]}, "properties": {"kind": "fountain", "osm": "n12339078301"}}, {"type": "Feature", "geometry": {"type": "Point", "coordinates": [22.481978, 36.424948]}, "properties": {"check_date": "2024-11-20", "kind": "fountain", "osm": "n12357912387"}}, {"type": "Feature", "geometry": {"type": "Point", "coordinates": [22.481987, 36.424712]}, "properties": {"kind": "fountain", "osm": "n12357977460"}}, {"type": "Feature", "geometry": {"type": "Point", "coordinates": [22.479373, 36.483767]}, "properties": {"kind": "fountain", "osm": "n12361099783"}}, {"type": "Feature", "geometry": {"type": "Point", "coordinates": [21.711576, 38.385161]}, "properties": {"kind": "spring", "osm": "n12364721514"}}, {"type": "Feature", "geometry": {"type": "Point", "coordinates": [26.456062, 41.302433]}, "properties": {"kind": "spring", "osm": "n12364940200"}}, {"type": "Feature", "geometry": {"type": "Point", "coordinates": [25.514721, 41.012045]}, "properties": {"kind": "tap", "osm": "n12365079397"}}, {"type": "Feature", "geometry": {"type": "Point", "coordinates": [22.437514, 37.788387]}, "properties": {"kind": "fountain", "osm": "n12366191269"}}, {"type": "Feature", "geometry": {"type": "Point", "coordinates": [22.260092, 36.97125]}, "properties": {"drinking_water": "yes", "kind": "spring", "osm": "n12372213383"}}, {"type": "Feature", "geometry": {"type": "Point", "coordinates": [21.863475, 38.202391]}, "properties": {"kind": "spring", "osm": "n12372259092"}}, {"type": "Feature", "geometry": {"type": "Point", "coordinates": [21.865144, 38.226293]}, "properties": {"kind": "spring", "osm": "n12372259093"}}, {"type": "Feature", "geometry": {"type": "Point", "coordinates": [25.232111, 39.971757]}, "properties": {"kind": "tap", "osm": "n12375980623"}}, {"type": "Feature", "geometry": {"type": "Point", "coordinates": [23.890601, 38.452063]}, "properties": {"kind": "fountain", "osm": "n12384243902"}}, {"type": "Feature", "geometry": {"type": "Point", "coordinates": [23.739915, 38.399401]}, "properties": {"kind": "fountain", "osm": "n12385806001"}}, {"type": "Feature", "geometry": {"type": "Point", "coordinates": [26.447642, 41.282008]}, "properties": {"kind": "spring", "osm": "n12394241701"}}, {"type": "Feature", "geometry": {"type": "Point", "coordinates": [23.717799, 39.1317]}, "properties": {"kind": "tap", "osm": "n12397561660"}}, {"type": "Feature", "geometry": {"type": "Point", "coordinates": [23.745386, 37.97078]}, "properties": {"kind": "fountain", "osm": "n12407186121"}}, {"type": "Feature", "geometry": {"type": "Point", "coordinates": [22.805693, 37.637852]}, "properties": {"kind": "fountain", "osm": "n12407244302"}}, {"type": "Feature", "geometry": {"type": "Point", "coordinates": [21.075115, 39.038866]}, "properties": {"drinking_water": "yes", "kind": "tap", "osm": "n12408962811"}}, {"type": "Feature", "geometry": {"type": "Point", "coordinates": [22.768051, 37.346621]}, "properties": {"kind": "fountain", "osm": "n12415356901"}}, {"type": "Feature", "geometry": {"type": "Point", "coordinates": [22.902977, 37.116157]}, "properties": {"kind": "fountain", "osm": "n12425157801"}}, {"type": "Feature", "geometry": {"type": "Point", "coordinates": [21.971004, 37.005524]}, "properties": {"kind": "tap", "osm": "n12443596201"}}, {"type": "Feature", "geometry": {"type": "Point", "coordinates": [21.812532, 38.210288]}, "properties": {"kind": "spring", "osm": "n12450021406"}}, {"type": "Feature", "geometry": {"type": "Point", "coordinates": [21.812525, 38.210232]}, "properties": {"kind": "tap", "osm": "n12450021407"}}, {"type": "Feature", "geometry": {"type": "Point", "coordinates": [21.813846, 38.210016]}, "properties": {"kind": "spring", "osm": "n12450021411"}}, {"type": "Feature", "geometry": {"type": "Point", "coordinates": [21.800684, 38.215119]}, "properties": {"kind": "spring", "osm": "n12450021413"}}, {"type": "Feature", "geometry": {"type": "Point", "coordinates": [21.12518, 39.579504]}, "properties": {"name": "Βρυση Κουκουλι", "kind": "spring", "osm": "n12451258208"}}, {"type": "Feature", "geometry": {"type": "Point", "coordinates": [21.780175, 40.271336]}, "properties": {"kind": "tap", "osm": "n12458819603"}}, {"type": "Feature", "geometry": {"type": "Point", "coordinates": [26.370107, 39.105911]}, "properties": {"access": "yes", "kind": "fountain", "osm": "n12460883548"}}, {"type": "Feature", "geometry": {"type": "Point", "coordinates": [22.775855, 37.382198]}, "properties": {"drinking_water": "yes", "access": "yes", "kind": "tap", "osm": "n12461155357"}}, {"type": "Feature", "geometry": {"type": "Point", "coordinates": [22.150391, 41.124248]}, "properties": {"kind": "spring", "osm": "n12465498905"}}, {"type": "Feature", "geometry": {"type": "Point", "coordinates": [22.173064, 41.157175]}, "properties": {"kind": "spring", "osm": "n12465512428"}}, {"type": "Feature", "geometry": {"type": "Point", "coordinates": [22.889977, 37.056857]}, "properties": {"name": "Water Fountain", "kind": "fountain", "osm": "n12468609240"}}, {"type": "Feature", "geometry": {"type": "Point", "coordinates": [23.501724, 37.740723]}, "properties": {"kind": "spring", "osm": "n12468750701"}}, {"type": "Feature", "geometry": {"type": "Point", "coordinates": [23.881724, 38.125978]}, "properties": {"fee": "no", "kind": "fountain", "osm": "n12471242848"}}, {"type": "Feature", "geometry": {"type": "Point", "coordinates": [23.881915, 38.125871]}, "properties": {"fee": "no", "kind": "fountain", "osm": "n12471242849"}}, {"type": "Feature", "geometry": {"type": "Point", "coordinates": [23.878895, 38.125124]}, "properties": {"fee": "no", "kind": "fountain", "osm": "n12471242850"}}, {"type": "Feature", "geometry": {"type": "Point", "coordinates": [23.878561, 38.125437]}, "properties": {"fee": "no", "kind": "fountain", "osm": "n12471242851"}}, {"type": "Feature", "geometry": {"type": "Point", "coordinates": [26.558591, 39.112634]}, "properties": {"kind": "tap", "osm": "n12473601092"}}, {"type": "Feature", "geometry": {"type": "Point", "coordinates": [21.787813, 38.28983]}, "properties": {"kind": "tap", "osm": "n12473963292"}}, {"type": "Feature", "geometry": {"type": "Point", "coordinates": [21.788244, 38.286673]}, "properties": {"kind": "tap", "osm": "n12473963295"}}, {"type": "Feature", "geometry": {"type": "Point", "coordinates": [22.206246, 37.075977]}, "properties": {"drinking_water": "yes", "kind": "spring", "osm": "n12476146257"}}, {"type": "Feature", "geometry": {"type": "Point", "coordinates": [22.212622, 37.071208]}, "properties": {"drinking_water": "yes", "kind": "spring", "osm": "n12476193573"}}, {"type": "Feature", "geometry": {"type": "Point", "coordinates": [22.621978, 39.993538]}, "properties": {"kind": "fountain", "osm": "n12477048574"}}, {"type": "Feature", "geometry": {"type": "Point", "coordinates": [22.211189, 37.069032]}, "properties": {"name": "Κεφαλάρι Αγίου Ιωάννη", "drinking_water": "yes", "kind": "spring", "osm": "n12479122241"}}, {"type": "Feature", "geometry": {"type": "Point", "coordinates": [22.224444, 37.072973]}, "properties": {"drinking_water": "yes", "kind": "spring", "osm": "n12480272587"}}, {"type": "Feature", "geometry": {"type": "Point", "coordinates": [22.209381, 40.29944]}, "properties": {"fee": "no", "kind": "fountain", "osm": "n12480931537"}}, {"type": "Feature", "geometry": {"type": "Point", "coordinates": [22.214248, 37.082226]}, "properties": {"drinking_water": "yes", "kind": "spring", "osm": "n12481021108"}}, {"type": "Feature", "geometry": {"type": "Point", "coordinates": [22.219737, 37.084989]}, "properties": {"name": "Λούτσα", "drinking_water": "yes", "kind": "spring", "osm": "n12481593277"}}, {"type": "Feature", "geometry": {"type": "Point", "coordinates": [22.892924, 40.376812]}, "properties": {"kind": "fountain", "osm": "n12484251300"}}, {"type": "Feature", "geometry": {"type": "Point", "coordinates": [21.424645, 40.084319]}, "properties": {"kind": "fountain", "osm": "n12484396265"}}, {"type": "Feature", "geometry": {"type": "Point", "coordinates": [22.399254, 36.482154]}, "properties": {"kind": "fountain", "osm": "n12486529401"}}, {"type": "Feature", "geometry": {"type": "Point", "coordinates": [22.398111, 36.58627]}, "properties": {"kind": "fountain", "osm": "n12488414801"}}, {"type": "Feature", "geometry": {"type": "Point", "coordinates": [22.899058, 40.667745]}, "properties": {"drinking_water": "yes", "access": "yes", "kind": "tap", "osm": "n12493946042"}}, {"type": "Feature", "geometry": {"type": "Point", "coordinates": [22.908573, 40.660111]}, "properties": {"drinking_water": "yes", "access": "yes", "kind": "tap", "osm": "n12495614359"}}, {"type": "Feature", "geometry": {"type": "Point", "coordinates": [22.206413, 40.300819]}, "properties": {"fee": "no", "access": "yes", "description": "2025-01-05 No water running", "kind": "fountain", "osm": "n12497766111"}}, {"type": "Feature", "geometry": {"type": "Point", "coordinates": [26.483716, 39.178585]}, "properties": {"kind": "fountain", "osm": "n12521072005"}}, {"type": "Feature", "geometry": {"type": "Point", "coordinates": [22.578749, 39.761521]}, "properties": {"kind": "fountain", "osm": "n12535132650"}}, {"type": "Feature", "geometry": {"type": "Point", "coordinates": [22.533691, 39.766447]}, "properties": {"kind": "fountain", "osm": "n12535194431"}}, {"type": "Feature", "geometry": {"type": "Point", "coordinates": [22.390657, 39.666781]}, "properties": {"kind": "fountain", "osm": "n12536621035"}}, {"type": "Feature", "geometry": {"type": "Point", "coordinates": [22.383532, 36.846599]}, "properties": {"kind": "spring", "osm": "n12563166201"}}, {"type": "Feature", "geometry": {"type": "Point", "coordinates": [27.923883, 36.144766]}, "properties": {"kind": "tap", "osm": "n12565311670"}}, {"type": "Feature", "geometry": {"type": "Point", "coordinates": [22.19131, 37.669868]}, "properties": {"kind": "fountain", "osm": "n12566008072"}}, {"type": "Feature", "geometry": {"type": "Point", "coordinates": [22.191889, 37.67038]}, "properties": {"kind": "fountain", "osm": "n12566008073"}}, {"type": "Feature", "geometry": {"type": "Point", "coordinates": [22.189985, 37.668481]}, "properties": {"kind": "fountain", "osm": "n12566008263"}}, {"type": "Feature", "geometry": {"type": "Point", "coordinates": [24.049216, 35.327267]}, "properties": {"kind": "spring", "osm": "n12569009207"}}, {"type": "Feature", "geometry": {"type": "Point", "coordinates": [24.041941, 35.322302]}, "properties": {"name": "Καναβονέρο", "name:el": "Καναβονέρο", "name:en": "Kanavonero Spring", "kind": "spring", "osm": "n12569154734"}}, {"type": "Feature", "geometry": {"type": "Point", "coordinates": [22.545548, 38.798022]}, "properties": {"kind": "fountain", "osm": "n12584444201"}}, {"type": "Feature", "geometry": {"type": "Point", "coordinates": [24.655931, 35.180717]}, "properties": {"kind": "spring", "osm": "n12584990434"}}, {"type": "Feature", "geometry": {"type": "Point", "coordinates": [22.506125, 40.271364]}, "properties": {"kind": "tap", "osm": "n12589975901"}}, {"type": "Feature", "geometry": {"type": "Point", "coordinates": [22.343435, 36.776707]}, "properties": {"kind": "tap", "osm": "n12606396684"}}, {"type": "Feature", "geometry": {"type": "Point", "coordinates": [24.9502, 35.132523]}, "properties": {"kind": "tap", "osm": "n12606451303"}}, {"type": "Feature", "geometry": {"type": "Point", "coordinates": [22.447294, 40.945266]}, "properties": {"operator": "Greek ministry of culture and athletics", "kind": "fountain", "osm": "n12633693501"}}, {"type": "Feature", "geometry": {"type": "Point", "coordinates": [22.449135, 40.947145]}, "properties": {"kind": "fountain", "osm": "n12633693503"}}, {"type": "Feature", "geometry": {"type": "Point", "coordinates": [22.048309, 37.362936]}, "properties": {"drinking_water": "yes", "kind": "spring", "osm": "n12638158026"}}, {"type": "Feature", "geometry": {"type": "Point", "coordinates": [20.398933, 39.898892]}, "properties": {"kind": "tap", "osm": "n12639457937"}}, {"type": "Feature", "geometry": {"type": "Point", "coordinates": [23.633581, 37.930563]}, "properties": {"access": "yes", "kind": "fountain", "osm": "n12641573474"}}, {"type": "Feature", "geometry": {"type": "Point", "coordinates": [21.708954, 37.044553]}, "properties": {"kind": "fountain", "osm": "n12645217829"}}, {"type": "Feature", "geometry": {"type": "Point", "coordinates": [23.204535, 40.490777]}, "properties": {"kind": "fountain", "osm": "n12647754201"}}, {"type": "Feature", "geometry": {"type": "Point", "coordinates": [22.035225, 37.320201]}, "properties": {"drinking_water": "yes", "kind": "spring", "osm": "n12648259563"}}, {"type": "Feature", "geometry": {"type": "Point", "coordinates": [23.204526, 40.490773]}, "properties": {"kind": "fountain", "osm": "n12666415401"}}, {"type": "Feature", "geometry": {"type": "Point", "coordinates": [23.835565, 38.08087]}, "properties": {"kind": "fountain", "osm": "n12668962703"}}, {"type": "Feature", "geometry": {"type": "Point", "coordinates": [22.0662, 37.368404]}, "properties": {"drinking_water": "yes", "kind": "spring", "osm": "n12676441151"}}, {"type": "Feature", "geometry": {"type": "Point", "coordinates": [22.012935, 37.363563]}, "properties": {"drinking_water": "yes", "kind": "spring", "osm": "n12679713792"}}, {"type": "Feature", "geometry": {"type": "Point", "coordinates": [23.791528, 38.280579]}, "properties": {"fee": "no", "access": "yes", "kind": "fountain", "osm": "n12694839649"}}, {"type": "Feature", "geometry": {"type": "Point", "coordinates": [23.737758, 37.987842]}, "properties": {"fee": "no", "access": "yes", "wheelchair": "no", "kind": "fountain", "osm": "n12697543063"}}, {"type": "Feature", "geometry": {"type": "Point", "coordinates": [23.143833, 40.274111]}, "properties": {"kind": "fountain", "osm": "n12703070334"}}, {"type": "Feature", "geometry": {"type": "Point", "coordinates": [23.147278, 40.275472]}, "properties": {"kind": "fountain", "osm": "n12703070335"}}, {"type": "Feature", "geometry": {"type": "Point", "coordinates": [26.427391, 41.629591]}, "properties": {"kind": "tap", "osm": "n12721965403"}}, {"type": "Feature", "geometry": {"type": "Point", "coordinates": [26.425389, 41.628416]}, "properties": {"kind": "tap", "osm": "n12721965505"}}, {"type": "Feature", "geometry": {"type": "Point", "coordinates": [26.426722, 41.62917]}, "properties": {"kind": "tap", "osm": "n12721969903"}}, {"type": "Feature", "geometry": {"type": "Point", "coordinates": [26.427053, 41.629368]}, "properties": {"kind": "tap", "osm": "n12721978701"}}, {"type": "Feature", "geometry": {"type": "Point", "coordinates": [23.094531, 39.478921]}, "properties": {"kind": "fountain", "osm": "n12725050502"}}, {"type": "Feature", "geometry": {"type": "Point", "coordinates": [24.968021, 40.932725]}, "properties": {"kind": "tap", "osm": "n12726297297"}}, {"type": "Feature", "geometry": {"type": "Point", "coordinates": [22.427654, 38.913899]}, "properties": {"kind": "fountain", "osm": "n12734617283"}}, {"type": "Feature", "geometry": {"type": "Point", "coordinates": [22.427439, 38.916194]}, "properties": {"kind": "fountain", "osm": "n12734620513"}}, {"type": "Feature", "geometry": {"type": "Point", "coordinates": [24.121493, 40.34083]}, "properties": {"kind": "tap", "osm": "n12741701421"}}, {"type": "Feature", "geometry": {"type": "Point", "coordinates": [24.121448, 40.340513]}, "properties": {"kind": "tap", "osm": "n12741701422"}}, {"type": "Feature", "geometry": {"type": "Point", "coordinates": [24.120033, 40.346977]}, "properties": {"kind": "tap", "osm": "n12741747958"}}, {"type": "Feature", "geometry": {"type": "Point", "coordinates": [22.315392, 39.077823]}, "properties": {"kind": "tap", "osm": "n12744900476"}}, {"type": "Feature", "geometry": {"type": "Point", "coordinates": [22.979295, 40.636338]}, "properties": {"kind": "tap", "osm": "n12745039201"}}, {"type": "Feature", "geometry": {"type": "Point", "coordinates": [22.866318, 40.432474]}, "properties": {"kind": "tap", "osm": "n12749465101"}}, {"type": "Feature", "geometry": {"type": "Point", "coordinates": [22.89915, 40.667736]}, "properties": {"kind": "tap", "osm": "n12752449101"}}, {"type": "Feature", "geometry": {"type": "Point", "coordinates": [22.039232, 37.312005]}, "properties": {"drinking_water": "yes", "kind": "spring", "osm": "n12753994113"}}, {"type": "Feature", "geometry": {"type": "Point", "coordinates": [23.732607, 37.980242]}, "properties": {"kind": "fountain", "osm": "n12754282779"}}, {"type": "Feature", "geometry": {"type": "Point", "coordinates": [23.247572, 40.628333]}, "properties": {"name": "Βρύσες Εισόδου", "drinking_water": "yes", "kind": "fountain", "osm": "n12758113811"}}, {"type": "Feature", "geometry": {"type": "Point", "coordinates": [23.247662, 40.627989]}, "properties": {"name": "Βρύσες Διοίκησης", "drinking_water": "yes", "kind": "fountain", "osm": "n12758113812"}}, {"type": "Feature", "geometry": {"type": "Point", "coordinates": [23.247813, 40.627359]}, "properties": {"name": "Βρύσες Γηπέδου", "drinking_water": "yes", "kind": "fountain", "osm": "n12758113813"}}, {"type": "Feature", "geometry": {"type": "Point", "coordinates": [23.248009, 40.626674]}, "properties": {"name": "Βρύσες Παιδότοπου", "drinking_water": "yes", "kind": "fountain", "osm": "n12758113814"}}, {"type": "Feature", "geometry": {"type": "Point", "coordinates": [25.15156, 39.963862]}, "properties": {"kind": "spring", "osm": "n12759229801"}}, {"type": "Feature", "geometry": {"type": "Point", "coordinates": [25.902522, 40.854929]}, "properties": {"fee": "no", "kind": "fountain", "osm": "n12759729951"}}, {"type": "Feature", "geometry": {"type": "Point", "coordinates": [24.858582, 40.894326]}, "properties": {"kind": "fountain", "osm": "n12766453928"}}, {"type": "Feature", "geometry": {"type": "Point", "coordinates": [26.197882, 39.318593]}, "properties": {"fee": "no", "access": "yes", "kind": "fountain", "osm": "n12768983478"}}, {"type": "Feature", "geometry": {"type": "Point", "coordinates": [26.198011, 39.318674]}, "properties": {"fee": "no", "access": "yes", "kind": "fountain", "osm": "n12768983479"}}, {"type": "Feature", "geometry": {"type": "Point", "coordinates": [22.902664, 40.677092]}, "properties": {"check_date": "2025-04-21", "kind": "tap", "osm": "n12771893242"}}, {"type": "Feature", "geometry": {"type": "Point", "coordinates": [22.745924, 37.721176]}, "properties": {"kind": "fountain", "osm": "n12772169601"}}, {"type": "Feature", "geometry": {"type": "Point", "coordinates": [23.119512, 41.307997]}, "properties": {"kind": "fountain", "osm": "n12772637402"}}, {"type": "Feature", "geometry": {"type": "Point", "coordinates": [23.114725, 41.303151]}, "properties": {"kind": "fountain", "osm": "n12772637410"}}, {"type": "Feature", "geometry": {"type": "Point", "coordinates": [26.168529, 39.319356]}, "properties": {"fee": "no", "access": "yes", "kind": "fountain", "osm": "n12773017201"}}, {"type": "Feature", "geometry": {"type": "Point", "coordinates": [26.507356, 39.04263]}, "properties": {"fee": "no", "access": "yes", "kind": "fountain", "osm": "n12776820547"}}, {"type": "Feature", "geometry": {"type": "Point", "coordinates": [23.913696, 38.172552]}, "properties": {"bottle": "yes", "fee": "no", "access": "yes", "operator": "Μορφωτικός - Εξωραϊστικός Σύλλογος Καλετζίου", "kind": "fountain", "osm": "n12779120214"}}, {"type": "Feature", "geometry": {"type": "Point", "coordinates": [23.651084, 37.984925]}, "properties": {"kind": "tap", "osm": "n12785740018"}}, {"type": "Feature", "geometry": {"type": "Point", "coordinates": [21.8277, 40.347492]}, "properties": {"kind": "fountain", "osm": "n12787925737"}}, {"type": "Feature", "geometry": {"type": "Point", "coordinates": [22.6836, 40.608641]}, "properties": {"kind": "fountain", "osm": "n12787925738"}}, {"type": "Feature", "geometry": {"type": "Point", "coordinates": [21.152331, 40.199871]}, "properties": {"kind": "fountain", "osm": "n12794535883"}}, {"type": "Feature", "geometry": {"type": "Point", "coordinates": [22.922587, 41.327398]}, "properties": {"kind": "fountain", "osm": "n12803573365"}}, {"type": "Feature", "geometry": {"type": "Point", "coordinates": [22.927432, 41.333179]}, "properties": {"kind": "spring", "osm": "n12803573385"}}, {"type": "Feature", "geometry": {"type": "Point", "coordinates": [26.574316, 39.074765]}, "properties": {"fee": "no", "kind": "fountain", "osm": "n12804825734"}}, {"type": "Feature", "geometry": {"type": "Point", "coordinates": [26.575085, 39.074867]}, "properties": {"fee": "no", "kind": "fountain", "osm": "n12804825748"}}, {"type": "Feature", "geometry": {"type": "Point", "coordinates": [26.218384, 39.230452]}, "properties": {"fee": "no", "access": "yes", "kind": "fountain", "osm": "n12811236282"}}, {"type": "Feature", "geometry": {"type": "Point", "coordinates": [26.560464, 39.108253]}, "properties": {"kind": "fountain", "osm": "n12811281114"}}, {"type": "Feature", "geometry": {"type": "Point", "coordinates": [26.135476, 39.16137]}, "properties": {"fee": "no", "access": "yes", "kind": "fountain", "osm": "n12812434786"}}, {"type": "Feature", "geometry": {"type": "Point", "coordinates": [26.089808, 39.105538]}, "properties": {"bottle": "yes", "fee": "no", "access": "yes", "covered": "no", "kind": "fountain", "osm": "n12812445842"}}, {"type": "Feature", "geometry": {"type": "Point", "coordinates": [26.426663, 39.117156]}, "properties": {"drinking_water": "yes", "kind": "point", "osm": "n12817850545"}}, {"type": "Feature", "geometry": {"type": "Point", "coordinates": [26.54704, 39.123573]}, "properties": {"kind": "fountain", "osm": "n12822601050"}}, {"type": "Feature", "geometry": {"type": "Point", "coordinates": [26.293048, 39.360118]}, "properties": {"fee": "no", "access": "yes", "kind": "fountain", "osm": "n12822871494"}}, {"type": "Feature", "geometry": {"type": "Point", "coordinates": [26.293264, 39.360224]}, "properties": {"bottle": "yes", "fee": "no", "access": "yes", "covered": "no", "kind": "fountain", "osm": "n12822871497"}}, {"type": "Feature", "geometry": {"type": "Point", "coordinates": [26.294625, 39.361081]}, "properties": {"fee": "no", "access": "yes", "kind": "fountain", "osm": "n12822871499"}}, {"type": "Feature", "geometry": {"type": "Point", "coordinates": [26.295507, 39.361744]}, "properties": {"fee": "no", "access": "yes", "kind": "fountain", "osm": "n12822871500"}}, {"type": "Feature", "geometry": {"type": "Point", "coordinates": [26.333934, 39.308322]}, "properties": {"fee": "no", "access": "yes", "kind": "fountain", "osm": "n12822887508"}}, {"type": "Feature", "geometry": {"type": "Point", "coordinates": [26.357323, 39.296245]}, "properties": {"fee": "no", "access": "yes", "kind": "fountain", "osm": "n12822887509"}}, {"type": "Feature", "geometry": {"type": "Point", "coordinates": [26.175208, 39.327257]}, "properties": {"fee": "no", "access": "yes", "kind": "fountain", "osm": "n12825815378"}}, {"type": "Feature", "geometry": {"type": "Point", "coordinates": [26.261647, 39.361591]}, "properties": {"bottle": "yes", "fee": "no", "access": "yes", "kind": "fountain", "osm": "n12828302821"}}, {"type": "Feature", "geometry": {"type": "Point", "coordinates": [24.340128, 40.130295]}, "properties": {"drinking_water": "yes", "kind": "tap", "osm": "n12831615148"}}, {"type": "Feature", "geometry": {"type": "Point", "coordinates": [24.317901, 40.133377]}, "properties": {"drinking_water": "yes", "kind": "tap", "osm": "n12833501498"}}, {"type": "Feature", "geometry": {"type": "Point", "coordinates": [24.257297, 40.179713]}, "properties": {"drinking_water": "yes", "kind": "tap", "osm": "n12836600791"}}, {"type": "Feature", "geometry": {"type": "Point", "coordinates": [24.25611, 40.180001]}, "properties": {"drinking_water": "yes", "kind": "tap", "osm": "n12836624066"}}, {"type": "Feature", "geometry": {"type": "Point", "coordinates": [24.290454, 40.16056]}, "properties": {"drinking_water": "yes", "kind": "tap", "osm": "n12836630172"}}, {"type": "Feature", "geometry": {"type": "Point", "coordinates": [24.222248, 40.21481]}, "properties": {"kind": "tap", "osm": "n12839286459"}}, {"type": "Feature", "geometry": {"type": "Point", "coordinates": [24.247702, 40.190154]}, "properties": {"drinking_water": "yes", "kind": "tap", "osm": "n12839314717"}}, {"type": "Feature", "geometry": {"type": "Point", "coordinates": [24.176038, 38.32349]}, "properties": {"kind": "fountain", "osm": "n12839668333"}}, {"type": "Feature", "geometry": {"type": "Point", "coordinates": [24.088919, 38.526997]}, "properties": {"kind": "fountain", "osm": "n12840221035"}}, {"type": "Feature", "geometry": {"type": "Point", "coordinates": [24.073166, 38.53184]}, "properties": {"kind": "fountain", "osm": "n12842360217"}}, {"type": "Feature", "geometry": {"type": "Point", "coordinates": [24.080376, 38.519851]}, "properties": {"kind": "fountain", "osm": "n12842409742"}}, {"type": "Feature", "geometry": {"type": "Point", "coordinates": [24.031383, 38.515409]}, "properties": {"kind": "fountain", "osm": "n12843689245"}}, {"type": "Feature", "geometry": {"type": "Point", "coordinates": [24.044839, 38.513443]}, "properties": {"kind": "fountain", "osm": "n12843689246"}}, {"type": "Feature", "geometry": {"type": "Point", "coordinates": [24.029982, 38.515966]}, "properties": {"kind": "fountain", "osm": "n12843689248"}}, {"type": "Feature", "geometry": {"type": "Point", "coordinates": [24.029134, 38.515362]}, "properties": {"kind": "fountain", "osm": "n12843689250"}}, {"type": "Feature", "geometry": {"type": "Point", "coordinates": [24.030601, 38.515817]}, "properties": {"kind": "fountain", "osm": "n12843689252"}}, {"type": "Feature", "geometry": {"type": "Point", "coordinates": [22.595992, 40.008964]}, "properties": {"kind": "fountain", "osm": "n12843785012"}}, {"type": "Feature", "geometry": {"type": "Point", "coordinates": [24.009057, 38.514857]}, "properties": {"kind": "fountain", "osm": "n12843849288"}}, {"type": "Feature", "geometry": {"type": "Point", "coordinates": [22.839119, 36.898441]}, "properties": {"kind": "fountain", "osm": "n12844264001"}}, {"type": "Feature", "geometry": {"type": "Point", "coordinates": [23.837716, 38.520654]}, "properties": {"kind": "fountain", "osm": "n12844565152"}}, {"type": "Feature", "geometry": {"type": "Point", "coordinates": [23.782194, 38.514513]}, "properties": {"kind": "fountain", "osm": "n12844565153"}}, {"type": "Feature", "geometry": {"type": "Point", "coordinates": [23.978232, 38.511189]}, "properties": {"kind": "fountain", "osm": "n12844565156"}}, {"type": "Feature", "geometry": {"type": "Point", "coordinates": [23.841835, 38.521911]}, "properties": {"kind": "fountain", "osm": "n12844565157"}}, {"type": "Feature", "geometry": {"type": "Point", "coordinates": [23.77633, 38.514504]}, "properties": {"kind": "fountain", "osm": "n12844608657"}}, {"type": "Feature", "geometry": {"type": "Point", "coordinates": [23.630351, 38.599379]}, "properties": {"kind": "fountain", "osm": "n12847083988"}}, {"type": "Feature", "geometry": {"type": "Point", "coordinates": [23.6162, 38.634218]}, "properties": {"kind": "fountain", "osm": "n12847361960"}}, {"type": "Feature", "geometry": {"type": "Point", "coordinates": [23.501457, 41.291261]}, "properties": {"fee": "no", "kind": "fountain", "osm": "n12847672339"}}, {"type": "Feature", "geometry": {"type": "Point", "coordinates": [23.533565, 41.275393]}, "properties": {"kind": "fountain", "osm": "n12847698880"}}, {"type": "Feature", "geometry": {"type": "Point", "coordinates": [23.52163, 41.282862]}, "properties": {"kind": "fountain", "osm": "n12847698890"}}, {"type": "Feature", "geometry": {"type": "Point", "coordinates": [23.521213, 41.282336]}, "properties": {"kind": "fountain", "osm": "n12847698897"}}, {"type": "Feature", "geometry": {"type": "Point", "coordinates": [23.507568, 38.723837]}, "properties": {"kind": "fountain", "osm": "n12848771989"}}, {"type": "Feature", "geometry": {"type": "Point", "coordinates": [23.489435, 38.733674]}, "properties": {"kind": "fountain", "osm": "n12849231916"}}, {"type": "Feature", "geometry": {"type": "Point", "coordinates": [23.490656, 38.733445]}, "properties": {"kind": "fountain", "osm": "n12849231932"}}, {"type": "Feature", "geometry": {"type": "Point", "coordinates": [23.495671, 38.802082]}, "properties": {"kind": "fountain", "osm": "n12850366217"}}, {"type": "Feature", "geometry": {"type": "Point", "coordinates": [23.478763, 38.798623]}, "properties": {"kind": "fountain", "osm": "n12850406067"}}, {"type": "Feature", "geometry": {"type": "Point", "coordinates": [23.794722, 40.395654]}, "properties": {"kind": "fountain", "osm": "n12850620815"}}, {"type": "Feature", "geometry": {"type": "Point", "coordinates": [23.433386, 38.890223]}, "properties": {"kind": "fountain", "osm": "n12855590592"}}, {"type": "Feature", "geometry": {"type": "Point", "coordinates": [23.261504, 38.893994]}, "properties": {"name": "Ριζα", "drinking_water": "yes", "kind": "spring", "osm": "n12855590596"}}, {"type": "Feature", "geometry": {"type": "Point", "coordinates": [23.320516, 38.89403]}, "properties": {"kind": "fountain", "osm": "n12855603202"}}, {"type": "Feature", "geometry": {"type": "Point", "coordinates": [23.399314, 38.897861]}, "properties": {"kind": "fountain", "osm": "n12855603218"}}, {"type": "Feature", "geometry": {"type": "Point", "coordinates": [23.142813, 38.944579]}, "properties": {"kind": "fountain", "osm": "n12856042181"}}, {"type": "Feature", "geometry": {"type": "Point", "coordinates": [22.963359, 38.953243]}, "properties": {"kind": "fountain", "osm": "n12857898081"}}, {"type": "Feature", "geometry": {"type": "Point", "coordinates": [22.966982, 38.953078]}, "properties": {"kind": "fountain", "osm": "n12857898083"}}, {"type": "Feature", "geometry": {"type": "Point", "coordinates": [22.918566, 38.932379]}, "properties": {"kind": "fountain", "osm": "n12857922631"}}, {"type": "Feature", "geometry": {"type": "Point", "coordinates": [26.271288, 35.215609]}, "properties": {"kind": "tap", "osm": "n12858956758"}}, {"type": "Feature", "geometry": {"type": "Point", "coordinates": [22.723574, 38.891275]}, "properties": {"kind": "fountain", "osm": "n12860630984"}}, {"type": "Feature", "geometry": {"type": "Point", "coordinates": [22.615851, 38.9136]}, "properties": {"kind": "fountain", "osm": "n12860736836"}}, {"type": "Feature", "geometry": {"type": "Point", "coordinates": [22.616499, 38.912196]}, "properties": {"kind": "fountain", "osm": "n12860736850"}}, {"type": "Feature", "geometry": {"type": "Point", "coordinates": [22.347195, 38.869903]}, "properties": {"kind": "fountain", "osm": "n12860971666"}}, {"type": "Feature", "geometry": {"type": "Point", "coordinates": [22.319037, 38.882606]}, "properties": {"kind": "fountain", "osm": "n12862112598"}}, {"type": "Feature", "geometry": {"type": "Point", "coordinates": [22.292434, 38.887278]}, "properties": {"kind": "fountain", "osm": "n12862112599"}}, {"type": "Feature", "geometry": {"type": "Point", "coordinates": [22.228426, 38.89946]}, "properties": {"kind": "fountain", "osm": "n12862518970"}}, {"type": "Feature", "geometry": {"type": "Point", "coordinates": [22.213587, 38.896778]}, "properties": {"kind": "fountain", "osm": "n12862527652"}}, {"type": "Feature", "geometry": {"type": "Point", "coordinates": [22.12536, 38.905506]}, "properties": {"kind": "fountain", "osm": "n12863264934"}}, {"type": "Feature", "geometry": {"type": "Point", "coordinates": [22.126076, 38.908379]}, "properties": {"kind": "fountain", "osm": "n12864214930"}}, {"type": "Feature", "geometry": {"type": "Point", "coordinates": [22.125996, 38.908728]}, "properties": {"kind": "fountain", "osm": "n12864214932"}}, {"type": "Feature", "geometry": {"type": "Point", "coordinates": [22.12708, 38.90499]}, "properties": {"kind": "fountain", "osm": "n12864362329"}}, {"type": "Feature", "geometry": {"type": "Point", "coordinates": [21.955688, 38.94719]}, "properties": {"kind": "fountain", "osm": "n12864717112"}}, {"type": "Feature", "geometry": {"type": "Point", "coordinates": [21.96573, 38.933236]}, "properties": {"kind": "fountain", "osm": "n12864717115"}}, {"type": "Feature", "geometry": {"type": "Point", "coordinates": [21.956932, 38.945766]}, "properties": {"kind": "fountain", "osm": "n12864717127"}}, {"type": "Feature", "geometry": {"type": "Point", "coordinates": [21.959941, 38.945851]}, "properties": {"kind": "fountain", "osm": "n12864717132"}}, {"type": "Feature", "geometry": {"type": "Point", "coordinates": [21.955281, 38.947603]}, "properties": {"kind": "fountain", "osm": "n12864717137"}}, {"type": "Feature", "geometry": {"type": "Point", "coordinates": [21.934503, 38.959684]}, "properties": {"kind": "fountain", "osm": "n12865165554"}}, {"type": "Feature", "geometry": {"type": "Point", "coordinates": [22.354888, 37.057394]}, "properties": {"kind": "spring", "osm": "n12865506063"}}, {"type": "Feature", "geometry": {"type": "Point", "coordinates": [21.893888, 38.982521]}, "properties": {"kind": "fountain", "osm": "n12870072365"}}, {"type": "Feature", "geometry": {"type": "Point", "coordinates": [21.882324, 39.031481]}, "properties": {"name": "Κατσαντονη", "kind": "fountain", "osm": "n12870699799"}}, {"type": "Feature", "geometry": {"type": "Point", "coordinates": [21.876152, 39.060824]}, "properties": {"kind": "fountain", "osm": "n12870777029"}}, {"type": "Feature", "geometry": {"type": "Point", "coordinates": [21.825224, 39.08844]}, "properties": {"kind": "fountain", "osm": "n12870968352"}}, {"type": "Feature", "geometry": {"type": "Point", "coordinates": [21.817916, 39.092002]}, "properties": {"kind": "fountain", "osm": "n12871126237"}}, {"type": "Feature", "geometry": {"type": "Point", "coordinates": [21.873331, 39.058846]}, "properties": {"name": "Πηγή Πετσιαλα Κοινοτης Φουρνά", "drinking_water": "yes", "kind": "spring", "osm": "n12871126239"}}, {"type": "Feature", "geometry": {"type": "Point", "coordinates": [23.914548, 41.211225]}, "properties": {"kind": "fountain", "osm": "n12871233221"}}, {"type": "Feature", "geometry": {"type": "Point", "coordinates": [23.963934, 41.195265]}, "properties": {"kind": "fountain", "osm": "n12871242351"}}, {"type": "Feature", "geometry": {"type": "Point", "coordinates": [25.14418, 41.007492]}, "properties": {"kind": "fountain", "osm": "n12871244482"}}, {"type": "Feature", "geometry": {"type": "Point", "coordinates": [25.144272, 41.006647]}, "properties": {"kind": "fountain", "osm": "n12871244554"}}, {"type": "Feature", "geometry": {"type": "Point", "coordinates": [24.705367, 40.870222]}, "properties": {"kind": "fountain", "osm": "n12871251237"}}, {"type": "Feature", "geometry": {"type": "Point", "coordinates": [23.892964, 41.22076]}, "properties": {"kind": "fountain", "osm": "n12871255299"}}, {"type": "Feature", "geometry": {"type": "Point", "coordinates": [21.815368, 39.151243]}, "properties": {"kind": "fountain", "osm": "n12871377706"}}, {"type": "Feature", "geometry": {"type": "Point", "coordinates": [21.806874, 39.1506]}, "properties": {"name": "Κωνσταντετκες", "kind": "fountain", "osm": "n12871377711"}}, {"type": "Feature", "geometry": {"type": "Point", "coordinates": [21.789183, 39.138339]}, "properties": {"drinking_water": "yes", "kind": "spring", "osm": "n12871377722"}}, {"type": "Feature", "geometry": {"type": "Point", "coordinates": [21.795914, 39.150049]}, "properties": {"kind": "fountain", "osm": "n12871377735"}}, {"type": "Feature", "geometry": {"type": "Point", "coordinates": [21.834011, 39.159018]}, "properties": {"kind": "fountain", "osm": "n12871584352"}}, {"type": "Feature", "geometry": {"type": "Point", "coordinates": [22.039366, 37.611911]}, "properties": {"name": "Πηγή Μούσγα", "drinking_water": "yes", "kind": "spring", "osm": "n12871589816"}}, {"type": "Feature", "geometry": {"type": "Point", "coordinates": [21.832361, 39.158696]}, "properties": {"kind": "fountain", "osm": "n12872779052"}}, {"type": "Feature", "geometry": {"type": "Point", "coordinates": [21.806554, 39.160837]}, "properties": {"kind": "fountain", "osm": "n12872779055"}}, {"type": "Feature", "geometry": {"type": "Point", "coordinates": [21.80152, 39.159761]}, "properties": {"kind": "fountain", "osm": "n12872779067"}}, {"type": "Feature", "geometry": {"type": "Point", "coordinates": [21.832999, 39.159237]}, "properties": {"kind": "fountain", "osm": "n12872779081"}}, {"type": "Feature", "geometry": {"type": "Point", "coordinates": [21.799884, 39.17684]}, "properties": {"kind": "fountain", "osm": "n12872824069"}}, {"type": "Feature", "geometry": {"type": "Point", "coordinates": [21.776758, 39.279593]}, "properties": {"kind": "fountain", "osm": "n12873193424"}}, {"type": "Feature", "geometry": {"type": "Point", "coordinates": [21.757466, 39.347436]}, "properties": {"kind": "fountain", "osm": "n12873312095"}}, {"type": "Feature", "geometry": {"type": "Point", "coordinates": [21.750818, 39.352232]}, "properties": {"kind": "fountain", "osm": "n12873350645"}}, {"type": "Feature", "geometry": {"type": "Point", "coordinates": [21.741291, 39.354756]}, "properties": {"kind": "fountain", "osm": "n12873350646"}}, {"type": "Feature", "geometry": {"type": "Point", "coordinates": [22.45825, 38.900179]}, "properties": {"kind": "fountain", "osm": "n12873368765"}}, {"type": "Feature", "geometry": {"type": "Point", "coordinates": [21.66683, 39.359142]}, "properties": {"kind": "tap", "osm": "n12873554457"}}, {"type": "Feature", "geometry": {"type": "Point", "coordinates": [21.678184, 39.340241]}, "properties": {"kind": "fountain", "osm": "n12873554458"}}, {"type": "Feature", "geometry": {"type": "Point", "coordinates": [21.690143, 39.338048]}, "properties": {"kind": "fountain", "osm": "n12873554459"}}, {"type": "Feature", "geometry": {"type": "Point", "coordinates": [21.665231, 39.36645]}, "properties": {"kind": "fountain", "osm": "n12874873138"}}, {"type": "Feature", "geometry": {"type": "Point", "coordinates": [21.623036, 39.458738]}, "properties": {"kind": "fountain", "osm": "n12874963125"}}, {"type": "Feature", "geometry": {"type": "Point", "coordinates": [21.621251, 39.458524]}, "properties": {"kind": "fountain", "osm": "n12874963127"}}, {"type": "Feature", "geometry": {"type": "Point", "coordinates": [21.618451, 39.458518]}, "properties": {"kind": "fountain", "osm": "n12874963130"}}, {"type": "Feature", "geometry": {"type": "Point", "coordinates": [21.65382, 39.514367]}, "properties": {"kind": "fountain", "osm": "n12875026136"}}, {"type": "Feature", "geometry": {"type": "Point", "coordinates": [21.655969, 39.516818]}, "properties": {"kind": "fountain", "osm": "n12875031931"}}, {"type": "Feature", "geometry": {"type": "Point", "coordinates": [21.643552, 39.614202]}, "properties": {"kind": "fountain", "osm": "n12875211341"}}, {"type": "Feature", "geometry": {"type": "Point", "coordinates": [21.964062, 38.93887]}, "properties": {"kind": "fountain", "osm": "n12875709244"}}, {"type": "Feature", "geometry": {"type": "Point", "coordinates": [21.680364, 39.33797]}, "properties": {"kind": "fountain", "osm": "n12875741380"}}, {"type": "Feature", "geometry": {"type": "Point", "coordinates": [21.754601, 39.350697]}, "properties": {"kind": "fountain", "osm": "n12875741388"}}, {"type": "Feature", "geometry": {"type": "Point", "coordinates": [21.81688, 39.089184]}, "properties": {"kind": "fountain", "osm": "n12875753902"}}, {"type": "Feature", "geometry": {"type": "Point", "coordinates": [21.874648, 39.059621]}, "properties": {"kind": "fountain", "osm": "n12875753910"}}, {"type": "Feature", "geometry": {"type": "Point", "coordinates": [21.876177, 39.05971]}, "properties": {"kind": "fountain", "osm": "n12875753911"}}, {"type": "Feature", "geometry": {"type": "Point", "coordinates": [21.596585, 39.799368]}, "properties": {"kind": "fountain", "osm": "n12879226160"}}, {"type": "Feature", "geometry": {"type": "Point", "coordinates": [21.605738, 39.849091]}, "properties": {"kind": "fountain", "osm": "n12879363950"}}, {"type": "Feature", "geometry": {"type": "Point", "coordinates": [21.623885, 39.951648]}, "properties": {"kind": "fountain", "osm": "n12880710033"}}, {"type": "Feature", "geometry": {"type": "Point", "coordinates": [21.619926, 40.017967]}, "properties": {"kind": "fountain", "osm": "n12880937003"}}, {"type": "Feature", "geometry": {"type": "Point", "coordinates": [21.615389, 40.06365]}, "properties": {"kind": "fountain", "osm": "n12880937005"}}, {"type": "Feature", "geometry": {"type": "Point", "coordinates": [21.628792, 40.15774]}, "properties": {"kind": "fountain", "osm": "n12881180752"}}, {"type": "Feature", "geometry": {"type": "Point", "coordinates": [21.630462, 40.158978]}, "properties": {"kind": "fountain", "osm": "n12881180756"}}, {"type": "Feature", "geometry": {"type": "Point", "coordinates": [21.630346, 40.158833]}, "properties": {"kind": "fountain", "osm": "n12881180758"}}, {"type": "Feature", "geometry": {"type": "Point", "coordinates": [21.630069, 40.158234]}, "properties": {"kind": "fountain", "osm": "n12881180778"}}, {"type": "Feature", "geometry": {"type": "Point", "coordinates": [21.597957, 40.198776]}, "properties": {"kind": "fountain", "osm": "n12881378419"}}, {"type": "Feature", "geometry": {"type": "Point", "coordinates": [21.59222, 40.179921]}, "properties": {"kind": "fountain", "osm": "n12881378424"}}, {"type": "Feature", "geometry": {"type": "Point", "coordinates": [21.592752, 40.179939]}, "properties": {"kind": "fountain", "osm": "n12881378432"}}, {"type": "Feature", "geometry": {"type": "Point", "coordinates": [21.590449, 40.178834]}, "properties": {"kind": "fountain", "osm": "n12881378436"}}, {"type": "Feature", "geometry": {"type": "Point", "coordinates": [21.600614, 40.202089]}, "properties": {"kind": "fountain", "osm": "n12881555409"}}, {"type": "Feature", "geometry": {"type": "Point", "coordinates": [23.828266, 41.427371]}, "properties": {"kind": "fountain", "osm": "n12882778252"}}, {"type": "Feature", "geometry": {"type": "Point", "coordinates": [21.506656, 40.335528]}, "properties": {"fee": "no", "kind": "fountain", "osm": "n12883485619"}}, {"type": "Feature", "geometry": {"type": "Point", "coordinates": [21.498995, 40.43228]}, "properties": {"kind": "fountain", "osm": "n12883865595"}}, {"type": "Feature", "geometry": {"type": "Point", "coordinates": [21.499032, 40.434157]}, "properties": {"kind": "fountain", "osm": "n12883865600"}}, {"type": "Feature", "geometry": {"type": "Point", "coordinates": [21.499113, 40.43456]}, "properties": {"kind": "fountain", "osm": "n12883891202"}}, {"type": "Feature", "geometry": {"type": "Point", "coordinates": [21.53258, 40.441479]}, "properties": {"kind": "fountain", "osm": "n12886360845"}}, {"type": "Feature", "geometry": {"type": "Point", "coordinates": [21.525023, 40.453651]}, "properties": {"kind": "fountain", "osm": "n12886360858"}}, {"type": "Feature", "geometry": {"type": "Point", "coordinates": [21.53344, 40.441041]}, "properties": {"name": "Νάμα", "drinking_water": "yes", "kind": "spring", "osm": "n12886360864"}}, {"type": "Feature", "geometry": {"type": "Point", "coordinates": [21.527183, 40.451683]}, "properties": {"kind": "spring", "osm": "n12886360900"}}, {"type": "Feature", "geometry": {"type": "Point", "coordinates": [21.532894, 40.441718]}, "properties": {"kind": "fountain", "osm": "n12886367530"}}, {"type": "Feature", "geometry": {"type": "Point", "coordinates": [21.523154, 40.452715]}, "properties": {"kind": "fountain", "osm": "n12886460521"}}, {"type": "Feature", "geometry": {"type": "Point", "coordinates": [21.524632, 40.453237]}, "properties": {"kind": "fountain", "osm": "n12886460526"}}, {"type": "Feature", "geometry": {"type": "Point", "coordinates": [21.523357, 40.454103]}, "properties": {"kind": "fountain", "osm": "n12886460535"}}, {"type": "Feature", "geometry": {"type": "Point", "coordinates": [21.523446, 40.45446]}, "properties": {"kind": "fountain", "osm": "n12886460540"}}, {"type": "Feature", "geometry": {"type": "Point", "coordinates": [21.525308, 40.454754]}, "properties": {"kind": "fountain", "osm": "n12887026792"}}, {"type": "Feature", "geometry": {"type": "Point", "coordinates": [21.501411, 40.477003]}, "properties": {"kind": "fountain", "osm": "n12887026796"}}, {"type": "Feature", "geometry": {"type": "Point", "coordinates": [21.472378, 40.53281]}, "properties": {"kind": "fountain", "osm": "n12887073320"}}, {"type": "Feature", "geometry": {"type": "Point", "coordinates": [21.484949, 40.525981]}, "properties": {"kind": "fountain", "osm": "n12887073334"}}, {"type": "Feature", "geometry": {"type": "Point", "coordinates": [21.249957, 40.460163]}, "properties": {"kind": "fountain", "osm": "n12887266332"}}, {"type": "Feature", "geometry": {"type": "Point", "coordinates": [21.193124, 40.486628]}, "properties": {"kind": "fountain", "osm": "n12888134340"}}, {"type": "Feature", "geometry": {"type": "Point", "coordinates": [21.159478, 40.503398]}, "properties": {"kind": "fountain", "osm": "n12888241892"}}, {"type": "Feature", "geometry": {"type": "Point", "coordinates": [21.161842, 40.501992]}, "properties": {"kind": "fountain", "osm": "n12888253337"}}, {"type": "Feature", "geometry": {"type": "Point", "coordinates": [21.121427, 40.525562]}, "properties": {"kind": "fountain", "osm": "n12888280474"}}, {"type": "Feature", "geometry": {"type": "Point", "coordinates": [21.121714, 40.525405]}, "properties": {"kind": "fountain", "osm": "n12888280477"}}, {"type": "Feature", "geometry": {"type": "Point", "coordinates": [21.080483, 40.580821]}, "properties": {"kind": "fountain", "osm": "n12888608856"}}, {"type": "Feature", "geometry": {"type": "Point", "coordinates": [21.080864, 40.580504]}, "properties": {"kind": "fountain", "osm": "n12888608869"}}, {"type": "Feature", "geometry": {"type": "Point", "coordinates": [21.079639, 40.581853]}, "properties": {"kind": "fountain", "osm": "n12888608875"}}, {"type": "Feature", "geometry": {"type": "Point", "coordinates": [24.464423, 38.052861]}, "properties": {"kind": "fountain", "osm": "n12894995387"}}, {"type": "Feature", "geometry": {"type": "Point", "coordinates": [24.01747, 37.696412]}, "properties": {"kind": "fountain", "osm": "n12894996107"}}, {"type": "Feature", "geometry": {"type": "Point", "coordinates": [24.391887, 38.14849]}, "properties": {"kind": "fountain", "osm": "n12895023604"}}, {"type": "Feature", "geometry": {"type": "Point", "coordinates": [22.513375, 38.512859]}, "properties": {"kind": "tap", "osm": "n12896417301"}}, {"type": "Feature", "geometry": {"type": "Point", "coordinates": [20.301744, 39.804955]}, "properties": {"kind": "fountain", "osm": "n12899195022"}}, {"type": "Feature", "geometry": {"type": "Point", "coordinates": [24.351606, 38.150921]}, "properties": {"kind": "fountain", "osm": "n12899669078"}}, {"type": "Feature", "geometry": {"type": "Point", "coordinates": [23.602012, 38.735289]}, "properties": {"kind": "fountain", "osm": "n12899678462"}}, {"type": "Feature", "geometry": {"type": "Point", "coordinates": [23.993877, 38.528163]}, "properties": {"kind": "fountain", "osm": "n12899680552"}}, {"type": "Feature", "geometry": {"type": "Point", "coordinates": [23.290479, 39.146212]}, "properties": {"kind": "fountain", "osm": "n12899699636"}}, {"type": "Feature", "geometry": {"type": "Point", "coordinates": [24.235754, 40.195597]}, "properties": {"kind": "fountain", "osm": "n12899715630"}}, {"type": "Feature", "geometry": {"type": "Point", "coordinates": [22.984884, 39.462194]}, "properties": {"kind": "fountain", "osm": "n12899718667"}}, {"type": "Feature", "geometry": {"type": "Point", "coordinates": [22.988355, 39.462376]}, "properties": {"kind": "fountain", "osm": "n12899718668"}}, {"type": "Feature", "geometry": {"type": "Point", "coordinates": [22.963453, 39.540405]}, "properties": {"kind": "fountain", "osm": "n12899726382"}}, {"type": "Feature", "geometry": {"type": "Point", "coordinates": [22.93036, 39.545294]}, "properties": {"kind": "spring", "osm": "n12899726383"}}, {"type": "Feature", "geometry": {"type": "Point", "coordinates": [22.686156, 39.808412]}, "properties": {"kind": "fountain", "osm": "n12899739976"}}, {"type": "Feature", "geometry": {"type": "Point", "coordinates": [22.648369, 39.801727]}, "properties": {"kind": "fountain", "osm": "n12899739977"}}, {"type": "Feature", "geometry": {"type": "Point", "coordinates": [22.61564, 39.833052]}, "properties": {"kind": "fountain", "osm": "n12899739978"}}, {"type": "Feature", "geometry": {"type": "Point", "coordinates": [22.572629, 39.85135]}, "properties": {"kind": "fountain", "osm": "n12899739979"}}, {"type": "Feature", "geometry": {"type": "Point", "coordinates": [23.110009, 39.355616]}, "properties": {"kind": "fountain", "osm": "n12899753748"}}, {"type": "Feature", "geometry": {"type": "Point", "coordinates": [26.847059, 37.157663]}, "properties": {"operator": "Δήμος Λέρου", "kind": "fountain", "osm": "n12902251401"}}, {"type": "Feature", "geometry": {"type": "Point", "coordinates": [26.83607, 37.165811]}, "properties": {"fee": "no", "operator": "Δήμος Λέρου", "kind": "fountain", "osm": "n12902569001"}}, {"type": "Feature", "geometry": {"type": "Point", "coordinates": [23.744455, 40.64688]}, "properties": {"kind": "fountain", "osm": "n12905276550"}}, {"type": "Feature", "geometry": {"type": "Point", "coordinates": [20.884358, 39.368043]}, "properties": {"kind": "fountain", "osm": "n12905471700"}}, {"type": "Feature", "geometry": {"type": "Point", "coordinates": [20.844991, 39.694168]}, "properties": {"kind": "fountain", "osm": "n12905478701"}}, {"type": "Feature", "geometry": {"type": "Point", "coordinates": [21.332577, 38.792793]}, "properties": {"kind": "fountain", "osm": "n12905484602"}}, {"type": "Feature", "geometry": {"type": "Point", "coordinates": [21.341583, 39.019889]}, "properties": {"kind": "fountain", "osm": "n12905496518"}}, {"type": "Feature", "geometry": {"type": "Point", "coordinates": [21.359649, 39.010442]}, "properties": {"kind": "fountain", "osm": "n12905496519"}}, {"type": "Feature", "geometry": {"type": "Point", "coordinates": [23.948933, 37.937594]}, "properties": {"kind": "fountain", "osm": "n12905502602"}}, {"type": "Feature", "geometry": {"type": "Point", "coordinates": [23.219853, 41.138072]}, "properties": {"drinking_water": "yes", "kind": "tap", "osm": "n12909249219"}}, {"type": "Feature", "geometry": {"type": "Point", "coordinates": [26.852609, 37.132278]}, "properties": {"kind": "fountain", "osm": "n12912316501"}}, {"type": "Feature", "geometry": {"type": "Point", "coordinates": [23.646405, 41.09462]}, "properties": {"kind": "fountain", "osm": "n12916909810"}}, {"type": "Feature", "geometry": {"type": "Point", "coordinates": [22.570564, 39.992279]}, "properties": {"drinking_water": "yes", "kind": "tap", "osm": "n12919069822"}}, {"type": "Feature", "geometry": {"type": "Point", "coordinates": [21.480978, 39.391887]}, "properties": {"drinking_water": "yes", "kind": "point", "osm": "n12919081666"}}, {"type": "Feature", "geometry": {"type": "Point", "coordinates": [21.470942, 39.392983]}, "properties": {"drinking_water": "yes", "kind": "point", "osm": "n12919081698"}}, {"type": "Feature", "geometry": {"type": "Point", "coordinates": [21.665941, 39.825227]}, "properties": {"drinking_water": "yes", "kind": "point", "osm": "n12919120216"}}, {"type": "Feature", "geometry": {"type": "Point", "coordinates": [21.748878, 39.873205]}, "properties": {"drinking_water": "yes", "kind": "point", "osm": "n12919152363"}}, {"type": "Feature", "geometry": {"type": "Point", "coordinates": [21.805838, 39.921179]}, "properties": {"drinking_water": "yes", "kind": "point", "osm": "n12919156275"}}, {"type": "Feature", "geometry": {"type": "Point", "coordinates": [22.35049, 40.251106]}, "properties": {"drinking_water": "yes", "kind": "point", "osm": "n12919174172"}}, {"type": "Feature", "geometry": {"type": "Point", "coordinates": [22.229048, 40.155319]}, "properties": {"drinking_water": "yes", "kind": "point", "osm": "n12919174173"}}, {"type": "Feature", "geometry": {"type": "Point", "coordinates": [21.925498, 39.947448]}, "properties": {"drinking_water": "yes", "kind": "point", "osm": "n12919175780"}}, {"type": "Feature", "geometry": {"type": "Point", "coordinates": [22.501032, 40.27014]}, "properties": {"drinking_water": "yes", "kind": "point", "osm": "n12919189400"}}, {"type": "Feature", "geometry": {"type": "Point", "coordinates": [23.724487, 37.970476]}, "properties": {"kind": "fountain", "osm": "n12921706402"}}, {"type": "Feature", "geometry": {"type": "Point", "coordinates": [21.770643, 40.842342]}, "properties": {"kind": "fountain", "osm": "n12925193461"}}, {"type": "Feature", "geometry": {"type": "Point", "coordinates": [23.485417, 39.162498]}, "properties": {"kind": "fountain", "osm": "n12942411932"}}, {"type": "Feature", "geometry": {"type": "Point", "coordinates": [23.48731, 39.159413]}, "properties": {"kind": "fountain", "osm": "n12942412056"}}, {"type": "Feature", "geometry": {"type": "Point", "coordinates": [23.485619, 39.161127]}, "properties": {"kind": "fountain", "osm": "n12942412480"}}, {"type": "Feature", "geometry": {"type": "Point", "coordinates": [23.483163, 39.163537]}, "properties": {"kind": "fountain", "osm": "n12942418063"}}, {"type": "Feature", "geometry": {"type": "Point", "coordinates": [23.486575, 39.163951]}, "properties": {"kind": "fountain", "osm": "n12942420864"}}, {"type": "Feature", "geometry": {"type": "Point", "coordinates": [23.487573, 39.162425]}, "properties": {"kind": "fountain", "osm": "n12942421672"}}, {"type": "Feature", "geometry": {"type": "Point", "coordinates": [23.490724, 39.164932]}, "properties": {"kind": "fountain", "osm": "n12942423746"}}, {"type": "Feature", "geometry": {"type": "Point", "coordinates": [23.485695, 39.161351]}, "properties": {"kind": "fountain", "osm": "n12942426545"}}, {"type": "Feature", "geometry": {"type": "Point", "coordinates": [22.669063, 38.685165]}, "properties": {"kind": "spring", "osm": "n12974934572"}}, {"type": "Feature", "geometry": {"type": "Point", "coordinates": [21.328052, 38.060853]}, "properties": {"name": "Βρύση Φαλαρι", "drinking_water": "yes", "description": "Βρύση νερού από το δίκτυο ύδρευσης.", "kind": "tap", "osm": "n12979372516"}}, {"type": "Feature", "geometry": {"type": "Point", "coordinates": [21.495421, 39.267041]}, "properties": {"kind": "fountain", "osm": "n12982966609"}}, {"type": "Feature", "geometry": {"type": "Point", "coordinates": [21.530217, 37.998775]}, "properties": {"name": "Πηγή Μονής Αγίου Νικολάου", "kind": "tap", "osm": "n12983535708"}}, {"type": "Feature", "geometry": {"type": "Point", "coordinates": [23.739132, 41.078463]}, "properties": {"kind": "fountain", "osm": "n12989137187"}}, {"type": "Feature", "geometry": {"type": "Point", "coordinates": [21.148037, 39.506494]}, "properties": {"kind": "fountain", "osm": "n13000996603"}}, {"type": "Feature", "geometry": {"type": "Point", "coordinates": [21.148333, 39.506866]}, "properties": {"kind": "fountain", "osm": "n13000996622"}}, {"type": "Feature", "geometry": {"type": "Point", "coordinates": [24.066801, 41.417837]}, "properties": {"kind": "fountain", "osm": "n13013341972"}}, {"type": "Feature", "geometry": {"type": "Point", "coordinates": [21.215141, 40.488298]}, "properties": {"kind": "fountain", "osm": "n13013713828"}}, {"type": "Feature", "geometry": {"type": "Point", "coordinates": [21.116694, 40.459526]}, "properties": {"kind": "fountain", "osm": "n13013799271"}}, {"type": "Feature", "geometry": {"type": "Point", "coordinates": [20.958729, 40.39606]}, "properties": {"kind": "fountain", "osm": "n13013989415"}}, {"type": "Feature", "geometry": {"type": "Point", "coordinates": [21.10561, 39.517921]}, "properties": {"kind": "spring", "osm": "n13014868004"}}, {"type": "Feature", "geometry": {"type": "Point", "coordinates": [21.105483, 39.512692]}, "properties": {"name": "Μαρκοπουλο", "name:en": "Markopoulo", "kind": "spring", "osm": "n13014868006"}}, {"type": "Feature", "geometry": {"type": "Point", "coordinates": [21.106734, 39.508905]}, "properties": {"name": "Κερασιας", "name:en": "Kersasias", "kind": "spring", "osm": "n13014868052"}}, {"type": "Feature", "geometry": {"type": "Point", "coordinates": [23.010069, 40.686092]}, "properties": {"fee": "no", "access": "yes", "kind": "fountain", "osm": "n13014931004"}}, {"type": "Feature", "geometry": {"type": "Point", "coordinates": [20.914524, 40.335838]}, "properties": {"drinking_water": "yes", "kind": "spring", "osm": "n13015615370"}}, {"type": "Feature", "geometry": {"type": "Point", "coordinates": [20.952939, 40.388688]}, "properties": {"kind": "fountain", "osm": "n13015615371"}}, {"type": "Feature", "geometry": {"type": "Point", "coordinates": [20.952571, 40.388554]}, "properties": {"kind": "fountain", "osm": "n13015615380"}}, {"type": "Feature", "geometry": {"type": "Point", "coordinates": [20.952834, 40.388506]}, "properties": {"kind": "fountain", "osm": "n13015615383"}}, {"type": "Feature", "geometry": {"type": "Point", "coordinates": [20.880908, 40.292159]}, "properties": {"kind": "fountain", "osm": "n13017078130"}}, {"type": "Feature", "geometry": {"type": "Point", "coordinates": [20.88558, 40.236412]}, "properties": {"kind": "fountain", "osm": "n13017251488"}}, {"type": "Feature", "geometry": {"type": "Point", "coordinates": [20.885074, 40.238772]}, "properties": {"kind": "fountain", "osm": "n13017251494"}}, {"type": "Feature", "geometry": {"type": "Point", "coordinates": [21.104517, 39.522504]}, "properties": {"fee": "no", "access": "yes", "kind": "fountain", "osm": "n13017399002"}}, {"type": "Feature", "geometry": {"type": "Point", "coordinates": [21.103451, 39.523591]}, "properties": {"name": "Fountain of Arapis", "drinking_water": "yes", "kind": "fountain", "osm": "n13017399003"}}, {"type": "Feature", "geometry": {"type": "Point", "coordinates": [20.943153, 40.161262]}, "properties": {"kind": "fountain", "osm": "n13017706405"}}, {"type": "Feature", "geometry": {"type": "Point", "coordinates": [20.413085, 39.284028]}, "properties": {"check_date": "2025-07-23", "kind": "tap", "osm": "n13018601383"}}, {"type": "Feature", "geometry": {"type": "Point", "coordinates": [21.017012, 40.104819]}, "properties": {"kind": "fountain", "osm": "n13018769769"}}, {"type": "Feature", "geometry": {"type": "Point", "coordinates": [21.01447, 40.108674]}, "properties": {"kind": "fountain", "osm": "n13018769775"}}, {"type": "Feature", "geometry": {"type": "Point", "coordinates": [21.015483, 40.106352]}, "properties": {"kind": "fountain", "osm": "n13018769776"}}, {"type": "Feature", "geometry": {"type": "Point", "coordinates": [20.940062, 40.158822]}, "properties": {"kind": "fountain", "osm": "n13018793602"}}, {"type": "Feature", "geometry": {"type": "Point", "coordinates": [21.1228, 39.583801]}, "properties": {"drinking_water": "yes", "access": "yes", "kind": "fountain", "osm": "n13020297261"}}, {"type": "Feature", "geometry": {"type": "Point", "coordinates": [21.019549, 40.104521]}, "properties": {"kind": "fountain", "osm": "n13020319699"}}, {"type": "Feature", "geometry": {"type": "Point", "coordinates": [21.019909, 40.105215]}, "properties": {"kind": "fountain", "osm": "n13020363807"}}, {"type": "Feature", "geometry": {"type": "Point", "coordinates": [21.018861, 40.104621]}, "properties": {"kind": "fountain", "osm": "n13020363810"}}, {"type": "Feature", "geometry": {"type": "Point", "coordinates": [21.019402, 40.103945]}, "properties": {"kind": "fountain", "osm": "n13020363820"}}, {"type": "Feature", "geometry": {"type": "Point", "coordinates": [21.11581, 40.059207]}, "properties": {"kind": "fountain", "osm": "n13020736001"}}, {"type": "Feature", "geometry": {"type": "Point", "coordinates": [21.124423, 40.056417]}, "properties": {"kind": "fountain", "osm": "n13020759722"}}, {"type": "Feature", "geometry": {"type": "Point", "coordinates": [21.125846, 40.057005]}, "properties": {"kind": "fountain", "osm": "n13020759726"}}, {"type": "Feature", "geometry": {"type": "Point", "coordinates": [21.230874, 40.034357]}, "properties": {"kind": "fountain", "osm": "n13020985560"}}, {"type": "Feature", "geometry": {"type": "Point", "coordinates": [21.273812, 40.033911]}, "properties": {"kind": "fountain", "osm": "n13021195840"}}, {"type": "Feature", "geometry": {"type": "Point", "coordinates": [21.268681, 40.029883]}, "properties": {"kind": "fountain", "osm": "n13021195848"}}, {"type": "Feature", "geometry": {"type": "Point", "coordinates": [21.318899, 39.988024]}, "properties": {"kind": "fountain", "osm": "n13026048946"}}, {"type": "Feature", "geometry": {"type": "Point", "coordinates": [21.317156, 39.980013]}, "properties": {"kind": "fountain", "osm": "n13026364688"}}, {"type": "Feature", "geometry": {"type": "Point", "coordinates": [21.238123, 39.948141]}, "properties": {"kind": "fountain", "osm": "n13026364689"}}, {"type": "Feature", "geometry": {"type": "Point", "coordinates": [21.283764, 39.899353]}, "properties": {"kind": "fountain", "osm": "n13026533811"}}, {"type": "Feature", "geometry": {"type": "Point", "coordinates": [21.282812, 39.89831]}, "properties": {"kind": "fountain", "osm": "n13026533821"}}, {"type": "Feature", "geometry": {"type": "Point", "coordinates": [21.231131, 39.852631]}, "properties": {"kind": "fountain", "osm": "n13026851099"}}, {"type": "Feature", "geometry": {"type": "Point", "coordinates": [21.247808, 39.868771]}, "properties": {"drinking_water": "yes", "kind": "spring", "osm": "n13026851100"}}, {"type": "Feature", "geometry": {"type": "Point", "coordinates": [23.794108, 37.994097]}, "properties": {"fee": "no", "access": "yes", "kind": "fountain", "osm": "n13027193221"}}, {"type": "Feature", "geometry": {"type": "Point", "coordinates": [23.794125, 37.994086]}, "properties": {"fee": "no", "access": "yes", "kind": "fountain", "osm": "n13027193222"}}, {"type": "Feature", "geometry": {"type": "Point", "coordinates": [23.794962, 37.993286]}, "properties": {"fee": "no", "access": "yes", "kind": "fountain", "osm": "n13027193228"}}, {"type": "Feature", "geometry": {"type": "Point", "coordinates": [23.794306, 37.992698]}, "properties": {"fee": "no", "access": "yes", "kind": "fountain", "osm": "n13027193264"}}, {"type": "Feature", "geometry": {"type": "Point", "coordinates": [23.795462, 37.992282]}, "properties": {"fee": "no", "access": "yes", "kind": "fountain", "osm": "n13027193270"}}, {"type": "Feature", "geometry": {"type": "Point", "coordinates": [23.796723, 37.992262]}, "properties": {"fee": "no", "access": "yes", "kind": "fountain", "osm": "n13027193281"}}, {"type": "Feature", "geometry": {"type": "Point", "coordinates": [21.229589, 39.853556]}, "properties": {"kind": "fountain", "osm": "n13027944448"}}, {"type": "Feature", "geometry": {"type": "Point", "coordinates": [21.229393, 39.85202]}, "properties": {"kind": "fountain", "osm": "n13027944456"}}, {"type": "Feature", "geometry": {"type": "Point", "coordinates": [21.086336, 39.814207]}, "properties": {"kind": "fountain", "osm": "n13031121479"}}, {"type": "Feature", "geometry": {"type": "Point", "coordinates": [21.179977, 39.767834]}, "properties": {"kind": "fountain", "osm": "n13031874347"}}, {"type": "Feature", "geometry": {"type": "Point", "coordinates": [21.132942, 39.734015]}, "properties": {"kind": "fountain", "osm": "n13031874353"}}, {"type": "Feature", "geometry": {"type": "Point", "coordinates": [21.081748, 39.472643]}, "properties": {"kind": "fountain", "osm": "n13033250741"}}, {"type": "Feature", "geometry": {"type": "Point", "coordinates": [20.966845, 39.626606]}, "properties": {"kind": "fountain", "osm": "n13034029965"}}, {"type": "Feature", "geometry": {"type": "Point", "coordinates": [21.032449, 39.646079]}, "properties": {"kind": "fountain", "osm": "n13034029966"}}, {"type": "Feature", "geometry": {"type": "Point", "coordinates": [21.0623, 39.723489]}, "properties": {"kind": "fountain", "osm": "n13034029978"}}, {"type": "Feature", "geometry": {"type": "Point", "coordinates": [21.04276, 39.685142]}, "properties": {"kind": "fountain", "osm": "n13034029979"}}, {"type": "Feature", "geometry": {"type": "Point", "coordinates": [25.33768, 35.336752]}, "properties": {"kind": "tap", "osm": "n13034467938"}}, {"type": "Feature", "geometry": {"type": "Point", "coordinates": [23.147232, 40.278527]}, "properties": {"fee": "no", "access": "yes", "wheelchair": "limited", "kind": "fountain", "osm": "n13040980864"}}, {"type": "Feature", "geometry": {"type": "Point", "coordinates": [24.052879, 35.206227]}, "properties": {"name": "Source", "kind": "spring", "osm": "n13041191478"}}, {"type": "Feature", "geometry": {"type": "Point", "coordinates": [20.567215, 39.662769]}, "properties": {"kind": "fountain", "osm": "n13042868196"}}, {"type": "Feature", "geometry": {"type": "Point", "coordinates": [20.514628, 39.667727]}, "properties": {"kind": "fountain", "osm": "n13042906109"}}, {"type": "Feature", "geometry": {"type": "Point", "coordinates": [21.418295, 37.987087]}, "properties": {"fee": "no", "access": "yes", "wheelchair": "limited", "kind": "fountain", "osm": "n13046257851"}}, {"type": "Feature", "geometry": {"type": "Point", "coordinates": [23.848032, 38.104277]}, "properties": {"bottle": "yes", "fee": "no", "access": "yes", "kind": "fountain", "osm": "n13047639461"}}, {"type": "Feature", "geometry": {"type": "Point", "coordinates": [23.81696, 38.078047]}, "properties": {"bottle": "yes", "fee": "no", "access": "yes", "operator": "Δήμος Κηφισιάς", "covered": "no", "kind": "fountain", "osm": "n13047640544"}}, {"type": "Feature", "geometry": {"type": "Point", "coordinates": [25.926608, 38.483245]}, "properties": {"kind": "tap", "osm": "n13048471704"}}, {"type": "Feature", "geometry": {"type": "Point", "coordinates": [23.821598, 38.013178]}, "properties": {"kind": "fountain", "osm": "n13049424598"}}, {"type": "Feature", "geometry": {"type": "Point", "coordinates": [21.070266, 39.509168]}, "properties": {"kind": "fountain", "osm": "n13050811278"}}, {"type": "Feature", "geometry": {"type": "Point", "coordinates": [21.103172, 39.449745]}, "properties": {"kind": "fountain", "osm": "n13050819153"}}, {"type": "Feature", "geometry": {"type": "Point", "coordinates": [21.109004, 39.449178]}, "properties": {"kind": "fountain", "osm": "n13054589229"}}, {"type": "Feature", "geometry": {"type": "Point", "coordinates": [26.213518, 41.450222]}, "properties": {"access": "yes", "kind": "tap", "osm": "n13056376597"}}, {"type": "Feature", "geometry": {"type": "Point", "coordinates": [26.206922, 41.449219]}, "properties": {"drinking_water": "yes", "access": "yes", "kind": "tap", "osm": "n13056386810"}}, {"type": "Feature", "geometry": {"type": "Point", "coordinates": [21.318883, 38.045837]}, "properties": {"drinking_water": "yes", "access": "permissive", "kind": "tap", "osm": "n13056850981"}}, {"type": "Feature", "geometry": {"type": "Point", "coordinates": [23.877527, 40.397905]}, "properties": {"kind": "fountain", "osm": "n13057323863"}}, {"type": "Feature", "geometry": {"type": "Point", "coordinates": [22.322183, 36.899334]}, "properties": {"kind": "spring", "osm": "n13061308571"}}, {"type": "Feature", "geometry": {"type": "Point", "coordinates": [20.953562, 39.930129]}, "properties": {"kind": "fountain", "osm": "n13061798072"}}, {"type": "Feature", "geometry": {"type": "Point", "coordinates": [20.894716, 39.990165]}, "properties": {"kind": "fountain", "osm": "n13061798073"}}, {"type": "Feature", "geometry": {"type": "Point", "coordinates": [24.34465, 41.491501]}, "properties": {"name": "Βρύση", "kind": "tap", "osm": "n13063283202"}}, {"type": "Feature", "geometry": {"type": "Point", "coordinates": [21.381757, 38.052327]}, "properties": {"access": "yes", "kind": "fountain", "osm": "n13065067251"}}, {"type": "Feature", "geometry": {"type": "Point", "coordinates": [23.735576, 37.977049]}, "properties": {"drinking_water": "yes", "access": "yes", "kind": "tap", "osm": "n13067638990"}}, {"type": "Feature", "geometry": {"type": "Point", "coordinates": [23.607827, 39.200704]}, "properties": {"kind": "spring", "osm": "n13070218483"}}, {"type": "Feature", "geometry": {"type": "Point", "coordinates": [23.779672, 38.029413]}, "properties": {"kind": "fountain", "osm": "n13070954074"}}, {"type": "Feature", "geometry": {"type": "Point", "coordinates": [22.213007, 37.070472]}, "properties": {"kind": "fountain", "osm": "n13072224378"}}, {"type": "Feature", "geometry": {"type": "Point", "coordinates": [22.332654, 36.784804]}, "properties": {"kind": "fountain", "osm": "n13072237627"}}, {"type": "Feature", "geometry": {"type": "Point", "coordinates": [22.272281, 37.023922]}, "properties": {"kind": "fountain", "osm": "n13072244045"}}, {"type": "Feature", "geometry": {"type": "Point", "coordinates": [22.255441, 37.047613]}, "properties": {"kind": "spring", "osm": "n13072244113"}}, {"type": "Feature", "geometry": {"type": "Point", "coordinates": [22.212676, 37.071141]}, "properties": {"kind": "fountain", "osm": "n13072246229"}}, {"type": "Feature", "geometry": {"type": "Point", "coordinates": [22.411242, 36.57204]}, "properties": {"kind": "fountain", "osm": "n13072250321"}}, {"type": "Feature", "geometry": {"type": "Point", "coordinates": [22.217429, 37.068399]}, "properties": {"kind": "fountain", "osm": "n13072250322"}}, {"type": "Feature", "geometry": {"type": "Point", "coordinates": [22.41141, 36.572541]}, "properties": {"kind": "fountain", "osm": "n13072250773"}}, {"type": "Feature", "geometry": {"type": "Point", "coordinates": [22.24686, 37.034211]}, "properties": {"kind": "spring", "osm": "n13072254345"}}, {"type": "Feature", "geometry": {"type": "Point", "coordinates": [22.477724, 36.478953]}, "properties": {"kind": "fountain", "osm": "n13072254783"}}, {"type": "Feature", "geometry": {"type": "Point", "coordinates": [22.976398, 37.59892]}, "properties": {"kind": "fountain", "osm": "n13072260844"}}, {"type": "Feature", "geometry": {"type": "Point", "coordinates": [22.261778, 37.028583]}, "properties": {"kind": "spring", "osm": "n13072260845"}}, {"type": "Feature", "geometry": {"type": "Point", "coordinates": [23.35756, 37.621935]}, "properties": {"kind": "fountain", "osm": "n13072262589"}}, {"type": "Feature", "geometry": {"type": "Point", "coordinates": [23.674077, 38.746111]}, "properties": {"kind": "fountain", "osm": "n13072263008"}}, {"type": "Feature", "geometry": {"type": "Point", "coordinates": [22.269403, 37.02137]}, "properties": {"kind": "spring", "osm": "n13072263011"}}, {"type": "Feature", "geometry": {"type": "Point", "coordinates": [22.249344, 37.035342]}, "properties": {"kind": "spring", "osm": "n13072263383"}}, {"type": "Feature", "geometry": {"type": "Point", "coordinates": [22.217347, 37.068663]}, "properties": {"kind": "fountain", "osm": "n13072264138"}}, {"type": "Feature", "geometry": {"type": "Point", "coordinates": [23.347297, 37.710824]}, "properties": {"kind": "fountain", "osm": "n13072264608"}}, {"type": "Feature", "geometry": {"type": "Point", "coordinates": [22.266213, 37.038705]}, "properties": {"kind": "spring", "osm": "n13072266287"}}, {"type": "Feature", "geometry": {"type": "Point", "coordinates": [22.265626, 37.036926]}, "properties": {"kind": "fountain", "osm": "n13072266900"}}, {"type": "Feature", "geometry": {"type": "Point", "coordinates": [23.078457, 36.78298]}, "properties": {"kind": "fountain", "osm": "n13072267413"}}, {"type": "Feature", "geometry": {"type": "Point", "coordinates": [23.736228, 37.973773]}, "properties": {"bottle": "yes", "fee": "no", "opening_hours": "24/7", "kind": "fountain", "osm": "n13072267877"}}, {"type": "Feature", "geometry": {"type": "Point", "coordinates": [23.055305, 36.686577]}, "properties": {"kind": "fountain", "osm": "n13072268051"}}, {"type": "Feature", "geometry": {"type": "Point", "coordinates": [22.265114, 37.016602]}, "properties": {"kind": "spring", "osm": "n13072269081"}}, {"type": "Feature", "geometry": {"type": "Point", "coordinates": [23.810446, 38.645326]}, "properties": {"kind": "fountain", "osm": "n13072271885"}}, {"type": "Feature", "geometry": {"type": "Point", "coordinates": [22.90306, 37.116091]}, "properties": {"kind": "fountain", "osm": "n13072271886"}}, {"type": "Feature", "geometry": {"type": "Point", "coordinates": [23.802747, 38.619549]}, "properties": {"name": "Κρυόβρυση", "name:el": "Κρυόβρυση", "kind": "fountain", "osm": "n13072277208"}}, {"type": "Feature", "geometry": {"type": "Point", "coordinates": [23.323806, 37.412085]}, "properties": {"kind": "fountain", "osm": "n13072277660"}}, {"type": "Feature", "geometry": {"type": "Point", "coordinates": [23.779507, 38.605289]}, "properties": {"kind": "fountain", "osm": "n13072278304"}}, {"type": "Feature", "geometry": {"type": "Point", "coordinates": [22.494448, 36.619695]}, "properties": {"kind": "fountain", "osm": "n13072280552"}}, {"type": "Feature", "geometry": {"type": "Point", "coordinates": [22.2497, 37.040803]}, "properties": {"kind": "spring", "osm": "n13072281573"}}, {"type": "Feature", "geometry": {"type": "Point", "coordinates": [22.261618, 37.052505]}, "properties": {"kind": "fountain", "osm": "n13072281796"}}, {"type": "Feature", "geometry": {"type": "Point", "coordinates": [23.597988, 38.765356]}, "properties": {"kind": "fountain", "osm": "n13072284210"}}, {"type": "Feature", "geometry": {"type": "Point", "coordinates": [22.329396, 36.78399]}, "properties": {"kind": "fountain", "osm": "n13072284211"}}, {"type": "Feature", "geometry": {"type": "Point", "coordinates": [22.395424, 36.619142]}, "properties": {"kind": "fountain", "osm": "n13072284307"}}, {"type": "Feature", "geometry": {"type": "Point", "coordinates": [23.765603, 38.590522]}, "properties": {"kind": "fountain", "osm": "n13072284966"}}, {"type": "Feature", "geometry": {"type": "Point", "coordinates": [23.785379, 38.606871]}, "properties": {"kind": "fountain", "osm": "n13072285303"}}, {"type": "Feature", "geometry": {"type": "Point", "coordinates": [22.261531, 37.013343]}, "properties": {"kind": "spring", "osm": "n13072285304"}}, {"type": "Feature", "geometry": {"type": "Point", "coordinates": [22.479517, 36.48419]}, "properties": {"kind": "fountain", "osm": "n13072286423"}}, {"type": "Feature", "geometry": {"type": "Point", "coordinates": [22.26138, 37.035032]}, "properties": {"kind": "spring", "osm": "n13072287002"}}, {"type": "Feature", "geometry": {"type": "Point", "coordinates": [22.728303, 36.805593]}, "properties": {"kind": "fountain", "osm": "n13072287110"}}, {"type": "Feature", "geometry": {"type": "Point", "coordinates": [26.531513, 39.045465]}, "properties": {"fee": "no", "access": "yes", "kind": "fountain", "osm": "n13073183507"}}, {"type": "Feature", "geometry": {"type": "Point", "coordinates": [21.208527, 40.208493]}, "properties": {"name": "Μουρταβέτσι", "drinking_water": "yes", "kind": "spring", "osm": "n13074506097"}}, {"type": "Feature", "geometry": {"type": "Point", "coordinates": [22.178982, 38.050029]}, "properties": {"fee": "no", "access": "yes", "wheelchair": "limited", "kind": "fountain", "osm": "n13074907505"}}, {"type": "Feature", "geometry": {"type": "Point", "coordinates": [22.173397, 38.049813]}, "properties": {"fee": "no", "access": "yes", "wheelchair": "yes", "kind": "fountain", "osm": "n13074907509"}}, {"type": "Feature", "geometry": {"type": "Point", "coordinates": [20.748613, 39.950807]}, "properties": {"kind": "spring", "osm": "n13076531729"}}, {"type": "Feature", "geometry": {"type": "Point", "coordinates": [22.67553, 38.451661]}, "properties": {"kind": "fountain", "osm": "n13086533401"}}, {"type": "Feature", "geometry": {"type": "Point", "coordinates": [23.805557, 35.246513]}, "properties": {"fee": "no", "access": "yes", "wheelchair": "yes", "kind": "fountain", "osm": "n13092518490"}}, {"type": "Feature", "geometry": {"type": "Point", "coordinates": [23.102262, 40.610659]}, "properties": {"drinking_water": "yes", "access": "yes", "kind": "tap", "osm": "n13092596732"}}, {"type": "Feature", "geometry": {"type": "Point", "coordinates": [23.101681, 40.606249]}, "properties": {"drinking_water": "yes", "access": "yes", "kind": "tap", "osm": "n13092670231"}}, {"type": "Feature", "geometry": {"type": "Point", "coordinates": [23.734278, 38.616597]}, "properties": {"kind": "tap", "osm": "n13096956061"}}, {"type": "Feature", "geometry": {"type": "Point", "coordinates": [21.632297, 37.639715]}, "properties": {"kind": "fountain", "osm": "n13099983559"}}, {"type": "Feature", "geometry": {"type": "Point", "coordinates": [21.623476, 37.636071]}, "properties": {"kind": "fountain", "osm": "n13099983560"}}, {"type": "Feature", "geometry": {"type": "Point", "coordinates": [23.786945, 41.180167]}, "properties": {"kind": "fountain", "osm": "n13103069337"}}, {"type": "Feature", "geometry": {"type": "Point", "coordinates": [21.519862, 40.68704]}, "properties": {"kind": "spring", "osm": "n13103179153"}}, {"type": "Feature", "geometry": {"type": "Point", "coordinates": [21.956043, 40.6151]}, "properties": {"kind": "spring", "osm": "n13103179154"}}, {"type": "Feature", "geometry": {"type": "Point", "coordinates": [21.937165, 40.602825]}, "properties": {"kind": "spring", "osm": "n13103179156"}}, {"type": "Feature", "geometry": {"type": "Point", "coordinates": [21.968649, 40.558314]}, "properties": {"kind": "spring", "osm": "n13103179157"}}, {"type": "Feature", "geometry": {"type": "Point", "coordinates": [22.165936, 40.532079]}, "properties": {"kind": "spring", "osm": "n13103179158"}}, {"type": "Feature", "geometry": {"type": "Point", "coordinates": [22.241574, 40.337536]}, "properties": {"kind": "spring", "osm": "n13103179159"}}, {"type": "Feature", "geometry": {"type": "Point", "coordinates": [22.306638, 40.20882]}, "properties": {"kind": "spring", "osm": "n13103179160"}}, {"type": "Feature", "geometry": {"type": "Point", "coordinates": [22.402428, 40.144071]}, "properties": {"kind": "spring", "osm": "n13103179161"}}, {"type": "Feature", "geometry": {"type": "Point", "coordinates": [22.436907, 39.93301]}, "properties": {"kind": "spring", "osm": "n13103179162"}}, {"type": "Feature", "geometry": {"type": "Point", "coordinates": [22.483594, 39.909]}, "properties": {"kind": "spring", "osm": "n13103179163"}}, {"type": "Feature", "geometry": {"type": "Point", "coordinates": [22.493314, 39.899815]}, "properties": {"kind": "spring", "osm": "n13103179164"}}, {"type": "Feature", "geometry": {"type": "Point", "coordinates": [23.842331, 40.803103]}, "properties": {"kind": "fountain", "osm": "n13103179165"}}, {"type": "Feature", "geometry": {"type": "Point", "coordinates": [23.837401, 41.138169]}, "properties": {"kind": "spring", "osm": "n13103179166"}}, {"type": "Feature", "geometry": {"type": "Point", "coordinates": [23.802897, 41.157962]}, "properties": {"kind": "spring", "osm": "n13103179167"}}, {"type": "Feature", "geometry": {"type": "Point", "coordinates": [23.797694, 41.159877]}, "properties": {"kind": "spring", "osm": "n13103179168"}}, {"type": "Feature", "geometry": {"type": "Point", "coordinates": [23.775024, 41.180851]}, "properties": {"name": "νερό όλο τον χρόνο", "kind": "spring", "osm": "n13103179169"}}, {"type": "Feature", "geometry": {"type": "Point", "coordinates": [24.134847, 40.956654]}, "properties": {"kind": "tap", "osm": "n13103762084"}}, {"type": "Feature", "geometry": {"type": "Point", "coordinates": [26.264696, 40.957163]}, "properties": {"kind": "tap", "osm": "n13103774963"}}, {"type": "Feature", "geometry": {"type": "Point", "coordinates": [24.147107, 40.961068]}, "properties": {"kind": "tap", "osm": "n13103778356"}}, {"type": "Feature", "geometry": {"type": "Point", "coordinates": [24.67121, 40.90479]}, "properties": {"kind": "tap", "osm": "n13103787742"}}, {"type": "Feature", "geometry": {"type": "Point", "coordinates": [22.568529, 40.061573]}, "properties": {"kind": "tap", "osm": "n13105436369"}}, {"type": "Feature", "geometry": {"type": "Point", "coordinates": [22.567535, 40.066567]}, "properties": {"kind": "tap", "osm": "n13105442914"}}, {"type": "Feature", "geometry": {"type": "Point", "coordinates": [22.855331, 38.926483]}, "properties": {"kind": "tap", "osm": "n13105859013"}}, {"type": "Feature", "geometry": {"type": "Point", "coordinates": [22.509898, 40.270779]}, "properties": {"kind": "fountain", "osm": "n13105925379"}}, {"type": "Feature", "geometry": {"type": "Point", "coordinates": [21.775969, 38.240651]}, "properties": {"fee": "no", "access": "yes", "kind": "fountain", "osm": "n13115328365"}}, {"type": "Feature", "geometry": {"type": "Point", "coordinates": [25.64387, 41.213701]}, "properties": {"kind": "fountain", "osm": "n13115760029"}}, {"type": "Feature", "geometry": {"type": "Point", "coordinates": [23.076713, 40.622307]}, "properties": {"fee": "no", "access": "yes", "check_date": "2025-09-02", "kind": "fountain", "osm": "n13116553764"}}, {"type": "Feature", "geometry": {"type": "Point", "coordinates": [23.176777, 41.271078]}, "properties": {"kind": "tap", "osm": "n13121577068"}}, {"type": "Feature", "geometry": {"type": "Point", "coordinates": [21.894255, 41.016102]}, "properties": {"kind": "spring", "osm": "n13124447742"}}, {"type": "Feature", "geometry": {"type": "Point", "coordinates": [21.908342, 40.987054]}, "properties": {"kind": "spring", "osm": "n13124447805"}}, {"type": "Feature", "geometry": {"type": "Point", "coordinates": [21.787309, 38.236476]}, "properties": {"access": "permissive", "kind": "fountain", "osm": "n13125677881"}}, {"type": "Feature", "geometry": {"type": "Point", "coordinates": [21.791389, 38.231916]}, "properties": {"drinking_water": "yes", "access": "yes", "kind": "fountain", "osm": "n13125677882"}}, {"type": "Feature", "geometry": {"type": "Point", "coordinates": [21.772508, 38.234246]}, "properties": {"kind": "fountain", "osm": "n13125677883"}}, {"type": "Feature", "geometry": {"type": "Point", "coordinates": [20.653479, 38.668277]}, "properties": {"kind": "spring", "osm": "n13127533401"}}, {"type": "Feature", "geometry": {"type": "Point", "coordinates": [20.651764, 38.664495]}, "properties": {"kind": "spring", "osm": "n13128297201"}}, {"type": "Feature", "geometry": {"type": "Point", "coordinates": [23.371378, 41.345573]}, "properties": {"kind": "tap", "osm": "n13130461060"}}, {"type": "Feature", "geometry": {"type": "Point", "coordinates": [22.07114, 40.628016]}, "properties": {"kind": "fountain", "osm": "n13139804204"}}, {"type": "Feature", "geometry": {"type": "Point", "coordinates": [22.202778, 40.523853]}, "properties": {"kind": "fountain", "osm": "n13139804707"}}, {"type": "Feature", "geometry": {"type": "Point", "coordinates": [22.072577, 40.631415]}, "properties": {"kind": "fountain", "osm": "n13139804802"}}, {"type": "Feature", "geometry": {"type": "Point", "coordinates": [23.492018, 39.165578]}, "properties": {"kind": "tap", "osm": "n13140570265"}}, {"type": "Feature", "geometry": {"type": "Point", "coordinates": [23.491999, 39.165576]}, "properties": {"kind": "fountain", "osm": "n13140583224"}}, {"type": "Feature", "geometry": {"type": "Point", "coordinates": [22.957706, 40.56649]}, "properties": {"name": "Βρύση", "name:en": "Public water tap", "operator": "Municipality of Kalamaria", "kind": "tap", "osm": "n13140981301"}}, {"type": "Feature", "geometry": {"type": "Point", "coordinates": [22.796923, 39.833124]}, "properties": {"kind": "fountain", "osm": "n13144056693"}}, {"type": "Feature", "geometry": {"type": "Point", "coordinates": [22.764397, 39.81543]}, "properties": {"kind": "fountain", "osm": "n13144065754"}}, {"type": "Feature", "geometry": {"type": "Point", "coordinates": [22.786371, 39.832433]}, "properties": {"kind": "fountain", "osm": "n13146512934"}}, {"type": "Feature", "geometry": {"type": "Point", "coordinates": [24.017668, 35.513257]}, "properties": {"kind": "fountain", "osm": "n13146783005"}}, {"type": "Feature", "geometry": {"type": "Point", "coordinates": [21.529288, 37.896795]}, "properties": {"fee": "no", "access": "yes", "wheelchair": "yes", "kind": "fountain", "osm": "n13147571820"}}, {"type": "Feature", "geometry": {"type": "Point", "coordinates": [25.472286, 40.476237]}, "properties": {"drinking_water": "yes", "fee": "no", "kind": "point", "osm": "n13149520140"}}, {"type": "Feature", "geometry": {"type": "Point", "coordinates": [25.138828, 35.346388]}, "properties": {"kind": "fountain", "osm": "n13152613469"}}, {"type": "Feature", "geometry": {"type": "Point", "coordinates": [21.725398, 37.981673]}, "properties": {"fee": "no", "access": "yes", "wheelchair": "yes", "kind": "fountain", "osm": "n13156842487"}}, {"type": "Feature", "geometry": {"type": "Point", "coordinates": [21.123406, 39.583857]}, "properties": {"kind": "fountain", "osm": "n13156985103"}}, {"type": "Feature", "geometry": {"type": "Point", "coordinates": [23.683044, 35.230416]}, "properties": {"fee": "no", "access": "yes", "kind": "fountain", "osm": "n13157378859"}}, {"type": "Feature", "geometry": {"type": "Point", "coordinates": [23.779208, 35.514494]}, "properties": {"kind": "fountain", "osm": "n13157579684"}}, {"type": "Feature", "geometry": {"type": "Point", "coordinates": [20.386355, 39.973156]}, "properties": {"fee": "no", "access": "yes", "wheelchair": "no", "kind": "fountain", "osm": "n13158044987"}}, {"type": "Feature", "geometry": {"type": "Point", "coordinates": [24.922624, 36.627565]}, "properties": {"kind": "fountain", "osm": "n13159382596"}}, {"type": "Feature", "geometry": {"type": "Point", "coordinates": [21.730499, 37.979502]}, "properties": {"fee": "no", "wheelchair": "limited", "kind": "fountain", "osm": "n13160124195"}}, {"type": "Feature", "geometry": {"type": "Point", "coordinates": [22.180805, 37.000089]}, "properties": {"kind": "spring", "osm": "n13181257580"}}, {"type": "Feature", "geometry": {"type": "Point", "coordinates": [23.777079, 39.116433]}, "properties": {"drinking_water": "yes", "kind": "spring", "osm": "n13186423993"}}, {"type": "Feature", "geometry": {"type": "Point", "coordinates": [22.966975, 38.954902]}, "properties": {"kind": "fountain", "osm": "n13190838001"}}, {"type": "Feature", "geometry": {"type": "Point", "coordinates": [25.472743, 41.263434]}, "properties": {"kind": "fountain", "osm": "n13191393790"}}, {"type": "Feature", "geometry": {"type": "Point", "coordinates": [25.47046, 41.266223]}, "properties": {"kind": "fountain", "osm": "n13191404147"}}, {"type": "Feature", "geometry": {"type": "Point", "coordinates": [22.417037, 38.550652]}, "properties": {"drinking_water": "yes", "kind": "spring", "osm": "n13191410863"}}, {"type": "Feature", "geometry": {"type": "Point", "coordinates": [22.415703, 38.551974]}, "properties": {"kind": "fountain", "osm": "n13191410877"}}, {"type": "Feature", "geometry": {"type": "Point", "coordinates": [25.479123, 41.255284]}, "properties": {"operator": "Kadir Memet Buduklu 2018", "kind": "fountain", "osm": "n13191425205"}}, {"type": "Feature", "geometry": {"type": "Point", "coordinates": [25.516738, 41.203196]}, "properties": {"kind": "fountain", "osm": "n13191433823"}}, {"type": "Feature", "geometry": {"type": "Point", "coordinates": [25.498631, 41.231296]}, "properties": {"kind": "fountain", "osm": "n13191456000"}}, {"type": "Feature", "geometry": {"type": "Point", "coordinates": [25.492399, 41.239663]}, "properties": {"kind": "fountain", "osm": "n13191456332"}}, {"type": "Feature", "geometry": {"type": "Point", "coordinates": [25.513839, 41.210016]}, "properties": {"kind": "fountain", "osm": "n13191458202"}}, {"type": "Feature", "geometry": {"type": "Point", "coordinates": [26.0755, 38.566345]}, "properties": {"kind": "fountain", "osm": "n13195241533"}}, {"type": "Feature", "geometry": {"type": "Point", "coordinates": [23.060175, 38.875389]}, "properties": {"kind": "fountain", "osm": "n13200261901"}}, {"type": "Feature", "geometry": {"type": "Point", "coordinates": [27.28638, 36.895482]}, "properties": {"kind": "fountain", "osm": "n13202488007"}}, {"type": "Feature", "geometry": {"type": "Point", "coordinates": [23.738699, 37.981091]}, "properties": {"kind": "fountain", "osm": "n13206883001"}}, {"type": "Feature", "geometry": {"type": "Point", "coordinates": [22.502615, 37.289358]}, "properties": {"kind": "spring", "osm": "n13230056272"}}, {"type": "Feature", "geometry": {"type": "Point", "coordinates": [22.504504, 37.290239]}, "properties": {"kind": "spring", "osm": "n13230056273"}}, {"type": "Feature", "geometry": {"type": "Point", "coordinates": [23.717982, 38.02654]}, "properties": {"kind": "fountain", "osm": "n13230337163"}}, {"type": "Feature", "geometry": {"type": "Point", "coordinates": [24.413312, 40.93627]}, "properties": {"kind": "fountain", "osm": "n13230423957"}}, {"type": "Feature", "geometry": {"type": "Point", "coordinates": [23.739148, 37.972172]}, "properties": {"fee": "no", "access": "yes", "covered": "no", "kind": "fountain", "osm": "n13230430441"}}, {"type": "Feature", "geometry": {"type": "Point", "coordinates": [23.738548, 37.972313]}, "properties": {"bottle": "yes", "fee": "no", "access": "yes", "opening_hours": "24/7", "covered": "no", "kind": "fountain", "osm": "n13230430442"}}, {"type": "Feature", "geometry": {"type": "Point", "coordinates": [22.11642, 40.409629]}, "properties": {"access": "yes", "wheelchair": "yes", "kind": "fountain", "osm": "n13232393172"}}, {"type": "Feature", "geometry": {"type": "Point", "coordinates": [22.153361, 40.396294]}, "properties": {"fee": "no", "wheelchair": "limited", "kind": "fountain", "osm": "n13232393173"}}, {"type": "Feature", "geometry": {"type": "Point", "coordinates": [21.428176, 38.073854]}, "properties": {"fee": "no", "access": "yes", "wheelchair": "yes", "kind": "fountain", "osm": "n13233103382"}}, {"type": "Feature", "geometry": {"type": "Point", "coordinates": [21.320988, 37.979358]}, "properties": {"kind": "fountain", "osm": "n13233562626"}}, {"type": "Feature", "geometry": {"type": "Point", "coordinates": [22.533162, 38.794903]}, "properties": {"kind": "spring", "osm": "n13234508103"}}, {"type": "Feature", "geometry": {"type": "Point", "coordinates": [25.079977, 34.963848]}, "properties": {"drinking_water": "yes", "kind": "spring", "osm": "n13235081787"}}, {"type": "Feature", "geometry": {"type": "Point", "coordinates": [21.957532, 40.644432]}, "properties": {"drinking_water": "yes", "access": "yes", "kind": "point", "osm": "n13236810581"}}, {"type": "Feature", "geometry": {"type": "Point", "coordinates": [21.967598, 40.658739]}, "properties": {"check_date": "2025-10-12", "kind": "spring", "osm": "n13236824438"}}, {"type": "Feature", "geometry": {"type": "Point", "coordinates": [22.956677, 40.638152]}, "properties": {"kind": "fountain", "osm": "n13238568043"}}, {"type": "Feature", "geometry": {"type": "Point", "coordinates": [27.281075, 36.914454]}, "properties": {"kind": "tap", "osm": "n13240193224"}}, {"type": "Feature", "geometry": {"type": "Point", "coordinates": [24.55439, 40.692946]}, "properties": {"kind": "fountain", "osm": "n13244634226"}}, {"type": "Feature", "geometry": {"type": "Point", "coordinates": [24.573443, 40.702666]}, "properties": {"kind": "fountain", "osm": "n13246264659"}}, {"type": "Feature", "geometry": {"type": "Point", "coordinates": [24.020091, 37.721614]}, "properties": {"kind": "fountain", "osm": "n13247803801"}}, {"type": "Feature", "geometry": {"type": "Point", "coordinates": [23.755595, 37.975443]}, "properties": {"fee": "no", "kind": "fountain", "osm": "n13249661092"}}, {"type": "Feature", "geometry": {"type": "Point", "coordinates": [23.755876, 37.974608]}, "properties": {"fee": "no", "kind": "fountain", "osm": "n13249672129"}}, {"type": "Feature", "geometry": {"type": "Point", "coordinates": [24.575106, 40.71666]}, "properties": {"kind": "fountain", "osm": "n13250305559"}}, {"type": "Feature", "geometry": {"type": "Point", "coordinates": [24.575178, 40.717328]}, "properties": {"kind": "fountain", "osm": "n13250305566"}}, {"type": "Feature", "geometry": {"type": "Point", "coordinates": [24.57435, 40.716968]}, "properties": {"kind": "fountain", "osm": "n13250305576"}}, {"type": "Feature", "geometry": {"type": "Point", "coordinates": [24.562065, 40.722221]}, "properties": {"kind": "fountain", "osm": "n13250510536"}}, {"type": "Feature", "geometry": {"type": "Point", "coordinates": [24.549134, 40.729889]}, "properties": {"kind": "fountain", "osm": "n13250642858"}}, {"type": "Feature", "geometry": {"type": "Point", "coordinates": [24.547356, 40.728008]}, "properties": {"kind": "fountain", "osm": "n13254625318"}}, {"type": "Feature", "geometry": {"type": "Point", "coordinates": [24.655786, 40.671131]}, "properties": {"kind": "fountain", "osm": "n13254940527"}}, {"type": "Feature", "geometry": {"type": "Point", "coordinates": [24.657792, 40.67416]}, "properties": {"name": "Γονάτι", "name:en": "Gonati", "kind": "fountain", "osm": "n13254940570"}}, {"type": "Feature", "geometry": {"type": "Point", "coordinates": [23.75412, 37.939845]}, "properties": {"kind": "fountain", "osm": "n13255354448"}}, {"type": "Feature", "geometry": {"type": "Point", "coordinates": [22.116995, 40.77229]}, "properties": {"kind": "fountain", "osm": "n13260775859"}}, {"type": "Feature", "geometry": {"type": "Point", "coordinates": [22.870356, 40.999711]}, "properties": {"kind": "fountain", "osm": "n13260776089"}}, {"type": "Feature", "geometry": {"type": "Point", "coordinates": [22.26426, 41.077727]}, "properties": {"kind": "fountain", "osm": "n13260780840"}}, {"type": "Feature", "geometry": {"type": "Point", "coordinates": [22.264214, 41.078351]}, "properties": {"kind": "fountain", "osm": "n13260807830"}}, {"type": "Feature", "geometry": {"type": "Point", "coordinates": [22.279318, 41.096437]}, "properties": {"kind": "fountain", "osm": "n13260815908"}}, {"type": "Feature", "geometry": {"type": "Point", "coordinates": [21.91607, 40.970268]}, "properties": {"kind": "fountain", "osm": "n13260841315"}}, {"type": "Feature", "geometry": {"type": "Point", "coordinates": [23.685723, 38.043615]}, "properties": {"kind": "fountain", "osm": "n13261664132"}}, {"type": "Feature", "geometry": {"type": "Point", "coordinates": [24.532781, 40.708461]}, "properties": {"kind": "fountain", "osm": "n13265875110"}}, {"type": "Feature", "geometry": {"type": "Point", "coordinates": [24.533562, 40.70873]}, "properties": {"kind": "tap", "osm": "n13265875176"}}, {"type": "Feature", "geometry": {"type": "Point", "coordinates": [24.534436, 40.708514]}, "properties": {"kind": "fountain", "osm": "n13265875195"}}, {"type": "Feature", "geometry": {"type": "Point", "coordinates": [25.223202, 35.189871]}, "properties": {"drinking_water": "yes", "kind": "tap", "osm": "n13267397751"}}, {"type": "Feature", "geometry": {"type": "Point", "coordinates": [25.533814, 40.504858]}, "properties": {"name": "Fountain", "drinking_water": "yes", "kind": "spring", "osm": "n13272554408"}}, {"type": "Feature", "geometry": {"type": "Point", "coordinates": [24.577762, 40.625309]}, "properties": {"kind": "fountain", "osm": "n13274294803"}}, {"type": "Feature", "geometry": {"type": "Point", "coordinates": [22.473135, 39.515615]}, "properties": {"drinking_water": "yes", "kind": "tap", "osm": "n13280397695"}}, {"type": "Feature", "geometry": {"type": "Point", "coordinates": [22.839447, 40.857113]}, "properties": {"kind": "tap", "osm": "n13280478201"}}, {"type": "Feature", "geometry": {"type": "Point", "coordinates": [24.343126, 35.239552]}, "properties": {"kind": "tap", "osm": "n13282826805"}}, {"type": "Feature", "geometry": {"type": "Point", "coordinates": [24.386226, 35.30186]}, "properties": {"kind": "tap", "osm": "n13284652296"}}, {"type": "Feature", "geometry": {"type": "Point", "coordinates": [22.563381, 39.706766]}, "properties": {"drinking_water": "yes", "kind": "tap", "osm": "n13285290068"}}, {"type": "Feature", "geometry": {"type": "Point", "coordinates": [22.563816, 39.706771]}, "properties": {"drinking_water": "yes", "kind": "tap", "osm": "n13285290069"}}, {"type": "Feature", "geometry": {"type": "Point", "coordinates": [19.87401, 39.761834]}, "properties": {"kind": "tap", "osm": "n13287503299"}}, {"type": "Feature", "geometry": {"type": "Point", "coordinates": [21.657457, 39.410574]}, "properties": {"drinking_water": "yes", "kind": "tap", "osm": "n13289172099"}}, {"type": "Feature", "geometry": {"type": "Point", "coordinates": [24.566583, 35.313204]}, "properties": {"kind": "tap", "osm": "n13290159364"}}, {"type": "Feature", "geometry": {"type": "Point", "coordinates": [21.666634, 39.425604]}, "properties": {"kind": "fountain", "osm": "n13290650029"}}, {"type": "Feature", "geometry": {"type": "Point", "coordinates": [21.665072, 39.426417]}, "properties": {"kind": "tap", "osm": "n13291266769"}}, {"type": "Feature", "geometry": {"type": "Point", "coordinates": [21.616294, 39.481532]}, "properties": {"kind": "fountain", "osm": "n13294591654"}}, {"type": "Feature", "geometry": {"type": "Point", "coordinates": [21.61655, 39.481166]}, "properties": {"kind": "tap", "osm": "n13294597263"}}, {"type": "Feature", "geometry": {"type": "Point", "coordinates": [24.866446, 35.264657]}, "properties": {"kind": "fountain", "osm": "n13299207601"}}, {"type": "Feature", "geometry": {"type": "Point", "coordinates": [24.861073, 35.249747]}, "properties": {"kind": "fountain", "osm": "n13299300201"}}, {"type": "Feature", "geometry": {"type": "Point", "coordinates": [24.847138, 35.209471]}, "properties": {"kind": "fountain", "osm": "n13301004546"}}, {"type": "Feature", "geometry": {"type": "Point", "coordinates": [24.900572, 35.177102]}, "properties": {"kind": "spring", "osm": "n13301468802"}}, {"type": "Feature", "geometry": {"type": "Point", "coordinates": [24.691544, 40.658329]}, "properties": {"kind": "fountain", "osm": "n13303121527"}}, {"type": "Feature", "geometry": {"type": "Point", "coordinates": [24.693688, 40.656387]}, "properties": {"kind": "fountain", "osm": "n13303121709"}}, {"type": "Feature", "geometry": {"type": "Point", "coordinates": [24.937823, 35.171041]}, "properties": {"kind": "spring", "osm": "n13304116201"}}, {"type": "Feature", "geometry": {"type": "Point", "coordinates": [24.708058, 40.664053]}, "properties": {"name": "Αγία Βασιλική", "name:en": "Agia Vasiliki", "kind": "spring", "osm": "n13305432158"}}, {"type": "Feature", "geometry": {"type": "Point", "coordinates": [22.731023, 39.112229]}, "properties": {"kind": "fountain", "osm": "n13308192242"}}, {"type": "Feature", "geometry": {"type": "Point", "coordinates": [22.206361, 40.289156]}, "properties": {"kind": "spring", "osm": "n13308306704"}}, {"type": "Feature", "geometry": {"type": "Point", "coordinates": [24.694507, 40.659905]}, "properties": {"kind": "fountain", "osm": "n13312245374"}}, {"type": "Feature", "geometry": {"type": "Point", "coordinates": [22.893813, 39.103284]}, "properties": {"kind": "tap", "osm": "n13313475001"}}, {"type": "Feature", "geometry": {"type": "Point", "coordinates": [27.844607, 36.212895]}, "properties": {"kind": "fountain", "osm": "n13314802681"}}, {"type": "Feature", "geometry": {"type": "Point", "coordinates": [22.763852, 39.177405]}, "properties": {"kind": "fountain", "osm": "n13319053190"}}, {"type": "Feature", "geometry": {"type": "Point", "coordinates": [22.764146, 39.17744]}, "properties": {"kind": "fountain", "osm": "n13319053191"}}, {"type": "Feature", "geometry": {"type": "Point", "coordinates": [22.764499, 39.17753]}, "properties": {"kind": "fountain", "osm": "n13319055725"}}, {"type": "Feature", "geometry": {"type": "Point", "coordinates": [22.764346, 39.177484]}, "properties": {"kind": "fountain", "osm": "n13319056217"}}, {"type": "Feature", "geometry": {"type": "Point", "coordinates": [22.178746, 36.97713]}, "properties": {"kind": "fountain", "osm": "n13319131901"}}, {"type": "Feature", "geometry": {"type": "Point", "coordinates": [22.951498, 40.631896]}, "properties": {"check_date": "2025-11-20", "kind": "tap", "osm": "n13319713396"}}, {"type": "Feature", "geometry": {"type": "Point", "coordinates": [20.395014, 39.639052]}, "properties": {"name": "Water Fountain", "kind": "fountain", "osm": "n13321689145"}}, {"type": "Feature", "geometry": {"type": "Point", "coordinates": [21.038451, 39.552437]}, "properties": {"name": "Water Fountain", "description": "small structure with roof and water Fountain", "kind": "fountain", "osm": "n13321724764"}}, {"type": "Feature", "geometry": {"type": "Point", "coordinates": [20.659795, 39.689547]}, "properties": {"name": "Water Fountain", "kind": "fountain", "osm": "n13321730685"}}, {"type": "Feature", "geometry": {"type": "Point", "coordinates": [24.692878, 40.659528]}, "properties": {"kind": "fountain", "osm": "n13322913964"}}, {"type": "Feature", "geometry": {"type": "Point", "coordinates": [24.691924, 40.659161]}, "properties": {"kind": "fountain", "osm": "n13322913969"}}, {"type": "Feature", "geometry": {"type": "Point", "coordinates": [24.691188, 40.658623]}, "properties": {"kind": "fountain", "osm": "n13322913995"}}, {"type": "Feature", "geometry": {"type": "Point", "coordinates": [22.75138, 37.370065]}, "properties": {"kind": "fountain", "osm": "n13323871342"}}, {"type": "Feature", "geometry": {"type": "Point", "coordinates": [25.879673, 35.093668]}, "properties": {"kind": "spring", "osm": "n13326074501"}}, {"type": "Feature", "geometry": {"type": "Point", "coordinates": [25.611462, 40.980988]}, "properties": {"kind": "fountain", "osm": "n13330199601"}}, {"type": "Feature", "geometry": {"type": "Point", "coordinates": [24.617641, 40.722589]}, "properties": {"kind": "fountain", "osm": "n13334741724"}}, {"type": "Feature", "geometry": {"type": "Point", "coordinates": [24.617695, 40.722012]}, "properties": {"kind": "fountain", "osm": "n13334741786"}}, {"type": "Feature", "geometry": {"type": "Point", "coordinates": [24.616079, 40.720378]}, "properties": {"kind": "fountain", "osm": "n13334741789"}}, {"type": "Feature", "geometry": {"type": "Point", "coordinates": [24.617708, 40.721916]}, "properties": {"kind": "fountain", "osm": "n13334741791"}}, {"type": "Feature", "geometry": {"type": "Point", "coordinates": [24.618097, 40.722476]}, "properties": {"kind": "fountain", "osm": "n13334741793"}}, {"type": "Feature", "geometry": {"type": "Point", "coordinates": [24.615746, 40.721322]}, "properties": {"kind": "fountain", "osm": "n13334775070"}}, {"type": "Feature", "geometry": {"type": "Point", "coordinates": [24.616392, 40.720062]}, "properties": {"kind": "fountain", "osm": "n13334775071"}}, {"type": "Feature", "geometry": {"type": "Point", "coordinates": [24.576393, 40.740895]}, "properties": {"kind": "fountain", "osm": "n13342859325"}}, {"type": "Feature", "geometry": {"type": "Point", "coordinates": [24.576415, 40.740875]}, "properties": {"kind": "fountain", "osm": "n13342859326"}}, {"type": "Feature", "geometry": {"type": "Point", "coordinates": [22.988725, 39.510868]}, "properties": {"kind": "fountain", "osm": "n13342960244"}}, {"type": "Feature", "geometry": {"type": "Point", "coordinates": [23.211745, 39.356025]}, "properties": {"name": "Κρύα Βρύση", "kind": "fountain", "osm": "n13342960527"}}, {"type": "Feature", "geometry": {"type": "Point", "coordinates": [22.067864, 37.061135]}, "properties": {"kind": "fountain", "osm": "n13343156701"}}, {"type": "Feature", "geometry": {"type": "Point", "coordinates": [25.378018, 37.104579]}, "properties": {"kind": "fountain", "osm": "n13347719230"}}, {"type": "Feature", "geometry": {"type": "Point", "coordinates": [21.758547, 37.728474]}, "properties": {"kind": "fountain", "osm": "n13350871301"}}, {"type": "Feature", "geometry": {"type": "Point", "coordinates": [24.701108, 40.597479]}, "properties": {"kind": "fountain", "osm": "n13356179691"}}, {"type": "Feature", "geometry": {"type": "Point", "coordinates": [24.701352, 40.596466]}, "properties": {"name": "Ἀγίασμα", "kind": "spring", "osm": "n13356179720"}}, {"type": "Feature", "geometry": {"type": "Point", "coordinates": [22.284375, 38.146159]}, "properties": {"kind": "fountain", "osm": "n13359404501"}}, {"type": "Feature", "geometry": {"type": "Point", "coordinates": [22.28408, 38.146695]}, "properties": {"kind": "fountain", "osm": "n13361002405"}}, {"type": "Feature", "geometry": {"type": "Point", "coordinates": [23.77444, 38.032273]}, "properties": {"kind": "tap", "osm": "n13369661352"}}, {"type": "Feature", "geometry": {"type": "Point", "coordinates": [23.644305, 40.855522]}, "properties": {"kind": "fountain", "osm": "n13371170525"}}, {"type": "Feature", "geometry": {"type": "Point", "coordinates": [25.128857, 37.065825]}, "properties": {"kind": "tap", "osm": "n13373930754"}}, {"type": "Feature", "geometry": {"type": "Point", "coordinates": [22.415676, 38.791223]}, "properties": {"kind": "fountain", "osm": "n13375892201"}}, {"type": "Feature", "geometry": {"type": "Point", "coordinates": [23.721666, 38.002896]}, "properties": {"kind": "fountain", "osm": "n13378300359"}}, {"type": "Feature", "geometry": {"type": "Point", "coordinates": [21.141344, 40.128316]}, "properties": {"wheelchair": "yes", "kind": "fountain", "osm": "n13380706690"}}, {"type": "Feature", "geometry": {"type": "Point", "coordinates": [21.63143, 39.710528]}, "properties": {"wheelchair": "yes", "kind": "fountain", "osm": "n13380712305"}}, {"type": "Feature", "geometry": {"type": "Point", "coordinates": [26.220571, 39.311091]}, "properties": {"fee": "no", "access": "yes", "kind": "fountain", "osm": "n13392441564"}}, {"type": "Feature", "geometry": {"type": "Point", "coordinates": [22.89217, 37.110542]}, "properties": {"wheelchair": "yes", "kind": "fountain", "osm": "n13395300654"}}, {"type": "Feature", "geometry": {"type": "Point", "coordinates": [22.175289, 38.200518]}, "properties": {"kind": "fountain", "osm": "n13399379333"}}, {"type": "Feature", "geometry": {"type": "Point", "coordinates": [23.094917, 38.949213]}, "properties": {"kind": "fountain", "osm": "n13403984301"}}, {"type": "Feature", "geometry": {"type": "Point", "coordinates": [27.111787, 35.563481]}, "properties": {"name": "Well", "kind": "spring", "osm": "n13404305303"}}, {"type": "Feature", "geometry": {"type": "Point", "coordinates": [21.526672, 37.951119]}, "properties": {"drinking_water": "yes", "access": "yes", "kind": "tap", "osm": "n13406386281"}}, {"type": "Feature", "geometry": {"type": "Point", "coordinates": [23.012357, 40.550839]}, "properties": {"kind": "tap", "osm": "n13410599145"}}, {"type": "Feature", "geometry": {"type": "Point", "coordinates": [21.183471, 39.371391]}, "properties": {"kind": "fountain", "osm": "n13410982356"}}, {"type": "Feature", "geometry": {"type": "Point", "coordinates": [21.478467, 38.04533]}, "properties": {"kind": "tap", "osm": "n13414404942"}}, {"type": "Feature", "geometry": {"type": "Point", "coordinates": [23.738237, 37.987515]}, "properties": {"kind": "fountain", "osm": "n13415812101"}}, {"type": "Feature", "geometry": {"type": "Point", "coordinates": [21.791251, 38.228834]}, "properties": {"kind": "fountain", "osm": "n13416259058"}}, {"type": "Feature", "geometry": {"type": "Point", "coordinates": [23.434926, 38.746955]}, "properties": {"kind": "fountain", "osm": "n13420705001"}}, {"type": "Feature", "geometry": {"type": "Point", "coordinates": [26.11724, 38.377552]}, "properties": {"kind": "fountain", "osm": "n13423583551"}}, {"type": "Feature", "geometry": {"type": "Point", "coordinates": [23.594462, 38.765123]}, "properties": {"kind": "fountain", "osm": "n13423713801"}}, {"type": "Feature", "geometry": {"type": "Point", "coordinates": [21.884637, 36.786766]}, "properties": {"name": "Κάναλος", "kind": "fountain", "osm": "n13426744254"}}, {"type": "Feature", "geometry": {"type": "Point", "coordinates": [24.727041, 40.731427]}, "properties": {"kind": "spring", "osm": "n13427125118"}}, {"type": "Feature", "geometry": {"type": "Point", "coordinates": [24.727005, 40.731383]}, "properties": {"kind": "spring", "osm": "n13427125128"}}, {"type": "Feature", "geometry": {"type": "Point", "coordinates": [24.727005, 40.731362]}, "properties": {"kind": "spring", "osm": "n13427125129"}}, {"type": "Feature", "geometry": {"type": "Point", "coordinates": [24.727973, 40.7302]}, "properties": {"kind": "fountain", "osm": "n13427647449"}}, {"type": "Feature", "geometry": {"type": "Point", "coordinates": [23.929639, 38.655505]}, "properties": {"kind": "fountain", "osm": "n13430436591"}}, {"type": "Feature", "geometry": {"type": "Point", "coordinates": [24.059882, 38.565865]}, "properties": {"kind": "fountain", "osm": "n13430464702"}}, {"type": "Feature", "geometry": {"type": "Point", "coordinates": [24.060015, 38.634652]}, "properties": {"kind": "fountain", "osm": "n13430464703"}}, {"type": "Feature", "geometry": {"type": "Point", "coordinates": [23.921138, 38.670308]}, "properties": {"kind": "fountain", "osm": "n13430464704"}}, {"type": "Feature", "geometry": {"type": "Point", "coordinates": [23.903914, 38.650071]}, "properties": {"kind": "fountain", "osm": "n13430464705"}}, {"type": "Feature", "geometry": {"type": "Point", "coordinates": [23.929256, 38.665721]}, "properties": {"kind": "fountain", "osm": "n13430464706"}}, {"type": "Feature", "geometry": {"type": "Point", "coordinates": [23.900269, 38.644764]}, "properties": {"kind": "fountain", "osm": "n13430464707"}}, {"type": "Feature", "geometry": {"type": "Point", "coordinates": [23.539595, 38.751237]}, "properties": {"kind": "fountain", "osm": "n13430464708"}}, {"type": "Feature", "geometry": {"type": "Point", "coordinates": [23.38616, 38.961339]}, "properties": {"kind": "fountain", "osm": "n13430464709"}}, {"type": "Feature", "geometry": {"type": "Point", "coordinates": [23.303667, 39.022998]}, "properties": {"kind": "fountain", "osm": "n13430464710"}}, {"type": "Feature", "geometry": {"type": "Point", "coordinates": [23.244596, 39.006827]}, "properties": {"kind": "fountain", "osm": "n13430464711"}}, {"type": "Feature", "geometry": {"type": "Point", "coordinates": [23.07243, 38.93784]}, "properties": {"kind": "fountain", "osm": "n13430464712"}}, {"type": "Feature", "geometry": {"type": "Point", "coordinates": [22.855378, 38.926521]}, "properties": {"kind": "fountain", "osm": "n13430464713"}}, {"type": "Feature", "geometry": {"type": "Point", "coordinates": [22.769086, 38.877288]}, "properties": {"kind": "fountain", "osm": "n13430464714"}}, {"type": "Feature", "geometry": {"type": "Point", "coordinates": [22.657129, 38.908666]}, "properties": {"kind": "fountain", "osm": "n13430464715"}}, {"type": "Feature", "geometry": {"type": "Point", "coordinates": [22.427238, 38.90135]}, "properties": {"kind": "fountain", "osm": "n13430464716"}}, {"type": "Feature", "geometry": {"type": "Point", "coordinates": [22.401535, 38.889844]}, "properties": {"kind": "fountain", "osm": "n13430464717"}}, {"type": "Feature", "geometry": {"type": "Point", "coordinates": [22.303629, 38.916326]}, "properties": {"kind": "fountain", "osm": "n13430464718"}}, {"type": "Feature", "geometry": {"type": "Point", "coordinates": [22.302981, 38.916556]}, "properties": {"kind": "fountain", "osm": "n13430464719"}}, {"type": "Feature", "geometry": {"type": "Point", "coordinates": [22.214329, 38.943137]}, "properties": {"kind": "fountain", "osm": "n13430464720"}}, {"type": "Feature", "geometry": {"type": "Point", "coordinates": [22.040298, 38.937726]}, "properties": {"kind": "fountain", "osm": "n13430464721"}}, {"type": "Feature", "geometry": {"type": "Point", "coordinates": [22.023808, 38.9296]}, "properties": {"kind": "fountain", "osm": "n13430464722"}}, {"type": "Feature", "geometry": {"type": "Point", "coordinates": [21.898852, 38.983269]}, "properties": {"kind": "fountain", "osm": "n13430464723"}}, {"type": "Feature", "geometry": {"type": "Point", "coordinates": [21.875892, 39.058131]}, "properties": {"kind": "fountain", "osm": "n13430464724"}}, {"type": "Feature", "geometry": {"type": "Point", "coordinates": [21.65087, 39.134874]}, "properties": {"kind": "fountain", "osm": "n13430464725"}}, {"type": "Feature", "geometry": {"type": "Point", "coordinates": [21.64907, 39.138413]}, "properties": {"kind": "fountain", "osm": "n13430464726"}}, {"type": "Feature", "geometry": {"type": "Point", "coordinates": [21.627102, 39.185461]}, "properties": {"kind": "fountain", "osm": "n13430464727"}}, {"type": "Feature", "geometry": {"type": "Point", "coordinates": [21.609786, 39.213674]}, "properties": {"kind": "fountain", "osm": "n13430464728"}}, {"type": "Feature", "geometry": {"type": "Point", "coordinates": [21.607564, 39.218666]}, "properties": {"kind": "fountain", "osm": "n13430464729"}}, {"type": "Feature", "geometry": {"type": "Point", "coordinates": [21.625118, 39.225567]}, "properties": {"kind": "fountain", "osm": "n13430464730"}}, {"type": "Feature", "geometry": {"type": "Point", "coordinates": [21.621023, 39.239432]}, "properties": {"kind": "fountain", "osm": "n13430464731"}}, {"type": "Feature", "geometry": {"type": "Point", "coordinates": [21.608573, 39.259145]}, "properties": {"kind": "fountain", "osm": "n13430464732"}}, {"type": "Feature", "geometry": {"type": "Point", "coordinates": [21.592335, 39.275344]}, "properties": {"kind": "fountain", "osm": "n13430464733"}}, {"type": "Feature", "geometry": {"type": "Point", "coordinates": [21.587437, 39.277509]}, "properties": {"kind": "fountain", "osm": "n13430464734"}}, {"type": "Feature", "geometry": {"type": "Point", "coordinates": [21.589724, 39.284553]}, "properties": {"kind": "fountain", "osm": "n13430464735"}}, {"type": "Feature", "geometry": {"type": "Point", "coordinates": [21.604945, 39.301537]}, "properties": {"kind": "fountain", "osm": "n13430464736"}}, {"type": "Feature", "geometry": {"type": "Point", "coordinates": [21.541174, 39.359011]}, "properties": {"kind": "fountain", "osm": "n13430464737"}}, {"type": "Feature", "geometry": {"type": "Point", "coordinates": [21.45214, 39.367068]}, "properties": {"kind": "fountain", "osm": "n13430464738"}}, {"type": "Feature", "geometry": {"type": "Point", "coordinates": [21.452503, 39.366736]}, "properties": {"kind": "fountain", "osm": "n13430464739"}}, {"type": "Feature", "geometry": {"type": "Point", "coordinates": [21.361917, 39.453403]}, "properties": {"kind": "fountain", "osm": "n13430464740"}}, {"type": "Feature", "geometry": {"type": "Point", "coordinates": [21.342616, 39.462864]}, "properties": {"kind": "fountain", "osm": "n13430464741"}}, {"type": "Feature", "geometry": {"type": "Point", "coordinates": [21.311618, 39.48554]}, "properties": {"kind": "fountain", "osm": "n13430464742"}}, {"type": "Feature", "geometry": {"type": "Point", "coordinates": [21.311368, 39.485693]}, "properties": {"kind": "fountain", "osm": "n13430464743"}}, {"type": "Feature", "geometry": {"type": "Point", "coordinates": [21.301899, 39.532379]}, "properties": {"kind": "fountain", "osm": "n13430464744"}}, {"type": "Feature", "geometry": {"type": "Point", "coordinates": [21.185222, 39.741269]}, "properties": {"kind": "fountain", "osm": "n13430464745"}}, {"type": "Feature", "geometry": {"type": "Point", "coordinates": [21.181143, 39.754223]}, "properties": {"kind": "fountain", "osm": "n13430464746"}}, {"type": "Feature", "geometry": {"type": "Point", "coordinates": [21.188901, 39.7673]}, "properties": {"kind": "fountain", "osm": "n13430464747"}}, {"type": "Feature", "geometry": {"type": "Point", "coordinates": [21.169716, 39.808293]}, "properties": {"kind": "fountain", "osm": "n13430464748"}}, {"type": "Feature", "geometry": {"type": "Point", "coordinates": [20.982703, 39.947764]}, "properties": {"kind": "fountain", "osm": "n13430464749"}}, {"type": "Feature", "geometry": {"type": "Point", "coordinates": [20.903732, 39.975698]}, "properties": {"kind": "fountain", "osm": "n13430464750"}}, {"type": "Feature", "geometry": {"type": "Point", "coordinates": [20.886831, 39.997319]}, "properties": {"kind": "fountain", "osm": "n13430464751"}}, {"type": "Feature", "geometry": {"type": "Point", "coordinates": [20.886911, 40.003027]}, "properties": {"kind": "fountain", "osm": "n13430464752"}}, {"type": "Feature", "geometry": {"type": "Point", "coordinates": [20.885595, 40.003653]}, "properties": {"kind": "fountain", "osm": "n13430464753"}}, {"type": "Feature", "geometry": {"type": "Point", "coordinates": [20.80878, 40.061271]}, "properties": {"kind": "fountain", "osm": "n13430464754"}}, {"type": "Feature", "geometry": {"type": "Point", "coordinates": [20.761288, 40.048969]}, "properties": {"kind": "fountain", "osm": "n13430464755"}}, {"type": "Feature", "geometry": {"type": "Point", "coordinates": [20.667314, 39.983749]}, "properties": {"kind": "fountain", "osm": "n13430464756"}}, {"type": "Feature", "geometry": {"type": "Point", "coordinates": [20.695728, 40.018162]}, "properties": {"kind": "fountain", "osm": "n13430464757"}}, {"type": "Feature", "geometry": {"type": "Point", "coordinates": [20.642067, 39.938992]}, "properties": {"kind": "fountain", "osm": "n13430464758"}}, {"type": "Feature", "geometry": {"type": "Point", "coordinates": [24.727293, 40.716657]}, "properties": {"kind": "fountain", "osm": "n13431333416"}}, {"type": "Feature", "geometry": {"type": "Point", "coordinates": [21.47583, 38.043019]}, "properties": {"kind": "spring", "osm": "n13436074085"}}, {"type": "Feature", "geometry": {"type": "Point", "coordinates": [23.998258, 37.668681]}, "properties": {"kind": "fountain", "osm": "n13438104802"}}, {"type": "Feature", "geometry": {"type": "Point", "coordinates": [21.89914, 37.429989]}, "properties": {"kind": "fountain", "osm": "n13440300533"}}, {"type": "Feature", "geometry": {"type": "Point", "coordinates": [24.017202, 35.514879]}, "properties": {"kind": "fountain", "osm": "n13440318584"}}, {"type": "Feature", "geometry": {"type": "Point", "coordinates": [24.054475, 37.679157]}, "properties": {"kind": "fountain", "osm": "n13446132102"}}, {"type": "Feature", "geometry": {"type": "Point", "coordinates": [25.209775, 40.980615]}, "properties": {"kind": "fountain", "osm": "n13448178201"}}, {"type": "Feature", "geometry": {"type": "Point", "coordinates": [22.894584, 41.275053]}, "properties": {"drinking_water": "yes", "kind": "tap", "osm": "n13459737741"}}, {"type": "Feature", "geometry": {"type": "Point", "coordinates": [21.528346, 40.107534]}, "properties": {"kind": "fountain", "osm": "n13460139913"}}, {"type": "Feature", "geometry": {"type": "Point", "coordinates": [21.523427, 40.10785]}, "properties": {"kind": "fountain", "osm": "n13460139929"}}, {"type": "Feature", "geometry": {"type": "Point", "coordinates": [25.141332, 36.998399]}, "properties": {"fee": "yes", "kind": "fountain", "osm": "n13460453342"}}, {"type": "Feature", "geometry": {"type": "Point", "coordinates": [24.564397, 35.135188]}, "properties": {"kind": "fountain", "osm": "n13462103701"}}, {"type": "Feature", "geometry": {"type": "Point", "coordinates": [23.873821, 38.115978]}, "properties": {"bottle": "yes", "fee": "no", "access": "yes", "seasonal": "no", "kind": "fountain", "osm": "n13462820259"}}, {"type": "Feature", "geometry": {"type": "Point", "coordinates": [21.625034, 37.645862]}, "properties": {"kind": "tap", "osm": "n13476568101"}}, {"type": "Feature", "geometry": {"type": "Point", "coordinates": [22.027854, 37.597679]}, "properties": {"kind": "fountain", "osm": "n13481553001"}}, {"type": "Feature", "geometry": {"type": "Point", "coordinates": [22.038411, 37.595885]}, "properties": {"kind": "tap", "osm": "n13481956601"}}, {"type": "Feature", "geometry": {"type": "Point", "coordinates": [22.038778, 37.596646]}, "properties": {"kind": "tap", "osm": "n13481971101"}}, {"type": "Feature", "geometry": {"type": "Point", "coordinates": [22.044528, 37.586453]}, "properties": {"name": "Koustenis Village", "drinking_water": "yes", "fee": "no", "kind": "point", "osm": "n13483175402"}}, {"type": "Feature", "geometry": {"type": "Point", "coordinates": [23.725577, 37.974775]}, "properties": {"kind": "tap", "osm": "n13516119312"}}, {"type": "Feature", "geometry": {"type": "Point", "coordinates": [23.726132, 37.974875]}, "properties": {"kind": "tap", "osm": "n13516659053"}}, {"type": "Feature", "geometry": {"type": "Point", "coordinates": [22.729339, 37.479161]}, "properties": {"kind": "fountain", "osm": "n13520212201"}}, {"type": "Feature", "geometry": {"type": "Point", "coordinates": [22.446379, 37.104834]}, "properties": {"kind": "fountain", "osm": "n13528479102"}}, {"type": "Feature", "geometry": {"type": "Point", "coordinates": [24.700341, 40.773898]}, "properties": {"kind": "fountain", "osm": "n13534571259"}}, {"type": "Feature", "geometry": {"type": "Point", "coordinates": [24.712199, 40.780511]}, "properties": {"kind": "fountain", "osm": "n13535076916"}}, {"type": "Feature", "geometry": {"type": "Point", "coordinates": [23.004147, 36.845799]}, "properties": {"kind": "fountain", "osm": "n13536840401"}}, {"type": "Feature", "geometry": {"type": "Point", "coordinates": [23.648231, 38.158879]}, "properties": {"name": "Μπίκεζα", "kind": "spring", "osm": "n13540486321"}}, {"type": "Feature", "geometry": {"type": "Point", "coordinates": [22.648597, 39.977153]}, "properties": {"kind": "fountain", "osm": "n13546181573"}}, {"type": "Feature", "geometry": {"type": "Point", "coordinates": [22.626102, 40.318838]}, "properties": {"kind": "fountain", "osm": "n13546304170"}}, {"type": "Feature", "geometry": {"type": "Point", "coordinates": [22.925097, 39.109094]}, "properties": {"kind": "fountain", "osm": "n13546721601"}}, {"type": "Feature", "geometry": {"type": "Point", "coordinates": [22.823546, 37.540124]}, "properties": {"name": "Dusche mit Zapfstelle", "kind": "fountain", "osm": "n13567108295"}}, {"type": "Feature", "geometry": {"type": "Point", "coordinates": [24.715218, 40.783788]}, "properties": {"kind": "fountain", "osm": "n13570853237"}}, {"type": "Feature", "geometry": {"type": "Point", "coordinates": [22.89498, 37.135402]}, "properties": {"description": "underwater spring (anavali)", "kind": "spring", "osm": "n13573991220"}}, {"type": "Feature", "geometry": {"type": "Point", "coordinates": [23.749827, 38.040946]}, "properties": {"kind": "tap", "osm": "n13584907725"}}, {"type": "Feature", "geometry": {"type": "Point", "coordinates": [22.814444, 39.697065]}, "properties": {"kind": "fountain", "osm": "n13587234311"}}, {"type": "Feature", "geometry": {"type": "Point", "coordinates": [22.475922, 38.800145]}, "properties": {"kind": "fountain", "osm": "n13588902802"}}, {"type": "Feature", "geometry": {"type": "Point", "coordinates": [20.782242, 38.14642]}, "properties": {"kind": "fountain", "osm": "n13593320054"}}, {"type": "Feature", "geometry": {"type": "Point", "coordinates": [23.920741, 38.222616]}, "properties": {"bottle": "yes", "fee": "no", "access": "yes", "kind": "fountain", "osm": "n13593348125"}}, {"type": "Feature", "geometry": {"type": "Point", "coordinates": [23.894948, 38.232832]}, "properties": {"bottle": "yes", "fee": "no", "access": "yes", "kind": "fountain", "osm": "n13593348126"}}, {"type": "Feature", "geometry": {"type": "Point", "coordinates": [20.782144, 38.139342]}, "properties": {"drinking_water": "yes", "kind": "tap", "osm": "n13593393087"}}, {"type": "Feature", "geometry": {"type": "Point", "coordinates": [25.898726, 41.190313]}, "properties": {"kind": "fountain", "osm": "n13595498842"}}, {"type": "Feature", "geometry": {"type": "Point", "coordinates": [20.750864, 38.094902]}, "properties": {"drinking_water": "yes", "kind": "tap", "osm": "n13595519618"}}, {"type": "Feature", "geometry": {"type": "Point", "coordinates": [20.737047, 38.083481]}, "properties": {"drinking_water": "yes", "kind": "tap", "osm": "n13595636562"}}, {"type": "Feature", "geometry": {"type": "Point", "coordinates": [22.404976, 39.623475]}, "properties": {"drinking_water": "yes", "access": "yes", "kind": "tap", "osm": "n13602008963"}}, {"type": "Feature", "geometry": {"type": "Point", "coordinates": [20.724448, 38.096382]}, "properties": {"drinking_water": "yes", "kind": "tap", "osm": "n13602239015"}}, {"type": "Feature", "geometry": {"type": "Point", "coordinates": [22.400037, 39.632187]}, "properties": {"drinking_water": "yes", "access": "yes", "kind": "tap", "osm": "n13605078849"}}, {"type": "Feature", "geometry": {"type": "Point", "coordinates": [22.404738, 39.637299]}, "properties": {"access": "yes", "kind": "tap", "osm": "n13605594648"}}, {"type": "Feature", "geometry": {"type": "Point", "coordinates": [23.328032, 38.31358]}, "properties": {"kind": "fountain", "osm": "n13606038060"}}, {"type": "Feature", "geometry": {"type": "Point", "coordinates": [20.647611, 38.25209]}, "properties": {"drinking_water": "yes", "kind": "tap", "osm": "n13607467084"}}, {"type": "Feature", "geometry": {"type": "Point", "coordinates": [22.968785, 40.599189]}, "properties": {"name": "Βρύση Πόσιμου Νερού", "drinking_water": "yes", "access": "yes", "operator": "Δήμος Θεσσαλονίκης", "kind": "tap", "osm": "n13607700801"}}, {"type": "Feature", "geometry": {"type": "Point", "coordinates": [23.688932, 38.098875]}, "properties": {"kind": "tap", "osm": "n13608970763"}}, {"type": "Feature", "geometry": {"type": "Point", "coordinates": [22.936067, 39.110283]}, "properties": {"description": "Shower with water tap", "kind": "fountain", "osm": "n13609491933"}}, {"type": "Feature", "geometry": {"type": "Point", "coordinates": [22.095233, 38.691914]}, "properties": {"drinking_water": "yes", "kind": "spring", "osm": "n13612117901"}}, {"type": "Feature", "geometry": {"type": "Point", "coordinates": [26.207217, 41.452209]}, "properties": {"drinking_water": "yes", "access": "yes", "kind": "tap", "osm": "n13612475479"}}, {"type": "Feature", "geometry": {"type": "Point", "coordinates": [25.49997, 35.18977]}, "properties": {"kind": "fountain", "osm": "n13617197162"}}, {"type": "Feature", "geometry": {"type": "Point", "coordinates": [23.719908, 38.021087]}, "properties": {"kind": "fountain", "osm": "n13622942895"}}, {"type": "Feature", "geometry": {"type": "Point", "coordinates": [22.988945, 36.948122]}, "properties": {"kind": "tap", "osm": "n13623120520"}}, {"type": "Feature", "geometry": {"type": "Point", "coordinates": [22.988941, 36.948135]}, "properties": {"kind": "spring", "osm": "n13623125340"}}, {"type": "Feature", "geometry": {"type": "Point", "coordinates": [26.257007, 35.198932]}, "properties": {"kind": "fountain", "osm": "n13625117542"}}, {"type": "Feature", "geometry": {"type": "Point", "coordinates": [22.55638, 38.618453]}, "properties": {"drinking_water": "yes", "kind": "spring", "osm": "n13629256863"}}, {"type": "Feature", "geometry": {"type": "Point", "coordinates": [22.554816, 38.614879]}, "properties": {"kind": "spring", "osm": "n13629349596"}}, {"type": "Feature", "geometry": {"type": "Point", "coordinates": [22.423827, 38.589243]}, "properties": {"kind": "spring", "osm": "n13631080882"}}, {"type": "Feature", "geometry": {"type": "Point", "coordinates": [25.387328, 35.000776]}, "properties": {"kind": "fountain", "osm": "n13633583254"}}, {"type": "Feature", "geometry": {"type": "Point", "coordinates": [25.377954, 34.998929]}, "properties": {"kind": "fountain", "osm": "n13633736721"}}, {"type": "Feature", "geometry": {"type": "Point", "coordinates": [25.224211, 34.990938]}, "properties": {"kind": "fountain", "osm": "n13637674660"}}, {"type": "Feature", "geometry": {"type": "Point", "coordinates": [22.070754, 38.693309]}, "properties": {"name": "natural_sping", "drinking_water": "yes", "kind": "spring", "osm": "n13638055439"}}, {"type": "Feature", "geometry": {"type": "Point", "coordinates": [22.994409, 36.915444]}, "properties": {"kind": "tap", "osm": "n13641745031"}}, {"type": "Feature", "geometry": {"type": "Point", "coordinates": [22.969252, 36.90149]}, "properties": {"kind": "fountain", "osm": "n13644526655"}}, {"type": "Feature", "geometry": {"type": "Point", "coordinates": [24.150514, 40.763211]}, "properties": {"kind": "fountain", "osm": "n13650273701"}}, {"type": "Feature", "geometry": {"type": "Point", "coordinates": [23.909309, 35.495688]}, "properties": {"kind": "fountain", "osm": "n13654833618"}}, {"type": "Feature", "geometry": {"type": "Point", "coordinates": [23.01172, 37.921463]}, "properties": {"kind": "fountain", "osm": "n13659006998"}}, {"type": "Feature", "geometry": {"type": "Point", "coordinates": [24.886102, 41.156874]}, "properties": {"kind": "fountain", "osm": "n13664644801"}}, {"type": "Feature", "geometry": {"type": "Point", "coordinates": [22.465137, 37.870202]}, "properties": {"kind": "fountain", "osm": "n13665371823"}}, {"type": "Feature", "geometry": {"type": "Point", "coordinates": [22.386728, 37.866201]}, "properties": {"kind": "fountain", "osm": "n13666758385"}}, {"type": "Feature", "geometry": {"type": "Point", "coordinates": [22.380244, 37.867039]}, "properties": {"kind": "fountain", "osm": "n13666777054"}}, {"type": "Feature", "geometry": {"type": "Point", "coordinates": [22.331635, 37.821759]}, "properties": {"kind": "fountain", "osm": "n13667033432"}}, {"type": "Feature", "geometry": {"type": "Point", "coordinates": [22.332339, 37.8204]}, "properties": {"kind": "fountain", "osm": "n13667051401"}}, {"type": "Feature", "geometry": {"type": "Point", "coordinates": [22.953821, 40.577523]}, "properties": {"name": "Βρύση πόσιμου νερού", "operator": "Δήμος Καλαμαριάς", "check_date": "2026-03-21", "kind": "fountain", "osm": "n13667227302"}}, {"type": "Feature", "geometry": {"type": "Point", "coordinates": [22.146241, 37.656184]}, "properties": {"kind": "fountain", "osm": "n13668985659"}}, {"type": "Feature", "geometry": {"type": "Point", "coordinates": [24.713188, 40.780678]}, "properties": {"kind": "fountain", "osm": "n13669780834"}}, {"type": "Feature", "geometry": {"type": "Point", "coordinates": [21.771727, 38.193934]}, "properties": {"kind": "fountain", "osm": "n13670275319"}}, {"type": "Feature", "geometry": {"type": "Point", "coordinates": [21.776013, 38.19896]}, "properties": {"kind": "fountain", "osm": "n13670275320"}}, {"type": "Feature", "geometry": {"type": "Point", "coordinates": [22.042667, 37.591742]}, "properties": {"kind": "fountain", "osm": "n13671102252"}}, {"type": "Feature", "geometry": {"type": "Point", "coordinates": [22.049892, 37.58271]}, "properties": {"kind": "fountain", "osm": "n13671134298"}}, {"type": "Feature", "geometry": {"type": "Point", "coordinates": [22.074944, 37.551564]}, "properties": {"kind": "fountain", "osm": "n13671264073"}}, {"type": "Feature", "geometry": {"type": "Point", "coordinates": [21.995177, 37.535584]}, "properties": {"kind": "fountain", "osm": "n13672331617"}}, {"type": "Feature", "geometry": {"type": "Point", "coordinates": [23.726133, 37.965303]}, "properties": {"kind": "fountain", "osm": "n13673825499"}}, {"type": "Feature", "geometry": {"type": "Point", "coordinates": [21.791001, 37.672229]}, "properties": {"kind": "fountain", "osm": "n13675037060"}}, {"type": "Feature", "geometry": {"type": "Point", "coordinates": [21.79042, 37.679938]}, "properties": {"kind": "fountain", "osm": "n13677147428"}}, {"type": "Feature", "geometry": {"type": "Point", "coordinates": [21.686775, 37.982443]}, "properties": {"kind": "fountain", "osm": "n13679202609"}}, {"type": "Feature", "geometry": {"type": "Point", "coordinates": [23.86397, 38.116416]}, "properties": {"drinking_water": "yes", "kind": "tap", "osm": "n13680256833"}}, {"type": "Feature", "geometry": {"type": "Point", "coordinates": [23.882055, 38.100331]}, "properties": {"drinking_water": "yes", "access": "yes", "kind": "tap", "osm": "n13688699379"}}, {"type": "Feature", "geometry": {"type": "Point", "coordinates": [22.499868, 38.483204]}, "properties": {"check_date": "2026-03-31", "kind": "spring", "osm": "n13694951128"}}, {"type": "Feature", "geometry": {"type": "Point", "coordinates": [24.709024, 40.778487]}, "properties": {"kind": "fountain", "osm": "n13702467870"}}, {"type": "Feature", "geometry": {"type": "Point", "coordinates": [22.975069, 40.526169]}, "properties": {"kind": "fountain", "osm": "n13704080304"}}, {"type": "Feature", "geometry": {"type": "Point", "coordinates": [22.942493, 40.581166]}, "properties": {"name": "Δημόσια βρύση", "operator": "Δήμος Καλαμαριάς", "kind": "tap", "osm": "n13711947001"}}, {"type": "Feature", "geometry": {"type": "Point", "coordinates": [22.774538, 37.137661]}, "properties": {"kind": "spring", "osm": "n13713349592"}}, {"type": "Feature", "geometry": {"type": "Point", "coordinates": [22.774662, 37.137661]}, "properties": {"kind": "spring", "osm": "n13713406513"}}, {"type": "Feature", "geometry": {"type": "Point", "coordinates": [20.954088, 39.667979]}, "properties": {"name": "Bike (Μπάικ)", "drinking_water": "yes", "kind": "spring", "osm": "n13716407428"}}, {"type": "Feature", "geometry": {"type": "Point", "coordinates": [25.714916, 35.205103]}, "properties": {"kind": "tap", "osm": "n13722527190"}}, {"type": "Feature", "geometry": {"type": "Point", "coordinates": [26.415623, 39.023099]}, "properties": {"name": "Water", "kind": "fountain", "osm": "n13727313104"}}, {"type": "Feature", "geometry": {"type": "Point", "coordinates": [26.397564, 39.052434]}, "properties": {"name": "Water", "kind": "fountain", "osm": "n13727314002"}}, {"type": "Feature", "geometry": {"type": "Point", "coordinates": [26.397554, 39.052451]}, "properties": {"name": "Water", "kind": "fountain", "osm": "n13727320001"}}, {"type": "Feature", "geometry": {"type": "Point", "coordinates": [21.47795, 37.915224]}, "properties": {"fee": "no", "access": "yes", "seasonal": "no", "kind": "fountain", "osm": "n13729128699"}}, {"type": "Feature", "geometry": {"type": "Point", "coordinates": [26.701553, 37.71035]}, "properties": {"kind": "fountain", "osm": "n13735393606"}}, {"type": "Feature", "geometry": {"type": "Point", "coordinates": [23.849759, 40.824819]}, "properties": {"kind": "tap", "osm": "n13736729106"}}, {"type": "Feature", "geometry": {"type": "Point", "coordinates": [22.810397, 38.781068]}, "properties": {"drinking_water": "yes", "kind": "point", "osm": "n13737982213"}}, {"type": "Feature", "geometry": {"type": "Point", "coordinates": [21.765873, 38.236443]}, "properties": {"name": "Κρήνη Ιεράς Μονής Γηροκομείου", "kind": "fountain", "osm": "n13741921601"}}, {"type": "Feature", "geometry": {"type": "Point", "coordinates": [22.733961, 37.091815]}, "properties": {"kind": "spring", "osm": "n13742755160"}}, {"type": "Feature", "geometry": {"type": "Point", "coordinates": [23.783905, 37.96594]}, "properties": {"name": "Καισαριανιώτικος Ηριδανός", "kind": "spring", "osm": "n13743064838"}}, {"type": "Feature", "geometry": {"type": "Point", "coordinates": [21.363805, 39.410723]}, "properties": {"kind": "spring", "osm": "n13744647117"}}, {"type": "Feature", "geometry": {"type": "Point", "coordinates": [22.443566, 38.790928]}, "properties": {"kind": "fountain", "osm": "n13749195419"}}, {"type": "Feature", "geometry": {"type": "Point", "coordinates": [23.122564, 38.61932]}, "properties": {"kind": "fountain", "osm": "n13749515952"}}, {"type": "Feature", "geometry": {"type": "Point", "coordinates": [22.68807, 37.183486]}, "properties": {"drinking_water": "yes", "kind": "tap", "osm": "n13752908677"}}, {"type": "Feature", "geometry": {"type": "Point", "coordinates": [23.594998, 38.302354]}, "properties": {"kind": "fountain", "osm": "n13755929753"}}, {"type": "Feature", "geometry": {"type": "Point", "coordinates": [23.108999, 40.595453]}, "properties": {"kind": "fountain", "osm": "n13760503201"}}, {"type": "Feature", "geometry": {"type": "Point", "coordinates": [24.119251, 35.254992]}, "properties": {"name:en": "Tap at the farm house", "kind": "fountain", "osm": "n13760664001"}}, {"type": "Feature", "geometry": {"type": "Point", "coordinates": [24.275654, 35.275222]}, "properties": {"kind": "fountain", "osm": "n13760664003"}}, {"type": "Feature", "geometry": {"type": "Point", "coordinates": [24.092779, 35.25889]}, "properties": {"name:en": "Cistern with dirty water", "kind": "fountain", "osm": "n13760664101"}}, {"type": "Feature", "geometry": {"type": "Point", "coordinates": [24.347969, 35.293094]}, "properties": {"kind": "fountain", "osm": "n13760846601"}}, {"type": "Feature", "geometry": {"type": "Point", "coordinates": [21.976469, 40.359046]}, "properties": {"kind": "fountain", "osm": "n13772062667"}}, {"type": "Feature", "geometry": {"type": "Point", "coordinates": [26.207208, 41.450081]}, "properties": {"drinking_water": "yes", "access": "yes", "kind": "tap", "osm": "n13772178207"}}, {"type": "Feature", "geometry": {"type": "Point", "coordinates": [20.722015, 38.364688]}, "properties": {"kind": "tap", "osm": "n13784973868"}}, {"type": "Feature", "geometry": {"type": "Point", "coordinates": [25.137374, 35.336703]}, "properties": {"kind": "fountain", "osm": "n13786931965"}}, {"type": "Feature", "geometry": {"type": "Point", "coordinates": [25.134598, 35.33995]}, "properties": {"drinking_water": "yes", "kind": "fountain", "osm": "n13786931975"}}, {"type": "Feature", "geometry": {"type": "Point", "coordinates": [22.917155, 40.837357]}, "properties": {"operator": "ZWODOXOS PHGH", "kind": "tap", "osm": "n13787019302"}}, {"type": "Feature", "geometry": {"type": "Point", "coordinates": [22.943556, 40.577061]}, "properties": {"name": "Βρύση Πόσιμου Νερού", "operator": "Δήμος Καλαμαριάς", "kind": "tap", "osm": "n13787720601"}}, {"type": "Feature", "geometry": {"type": "Point", "coordinates": [21.183269, 39.354391]}, "properties": {"fee": "no", "kind": "fountain", "osm": "n13789947601"}}, {"type": "Feature", "geometry": {"type": "Point", "coordinates": [22.515206, 40.562651]}, "properties": {"kind": "fountain", "osm": "n13789948301"}}, {"type": "Feature", "geometry": {"type": "Point", "coordinates": [21.298728, 40.740181]}, "properties": {"kind": "fountain", "osm": "n13795219412"}}, {"type": "Feature", "geometry": {"type": "Point", "coordinates": [21.94744, 40.557553]}, "properties": {"kind": "fountain", "osm": "n13795246514"}}, {"type": "Feature", "geometry": {"type": "Point", "coordinates": [20.46346, 39.74487]}, "properties": {"kind": "fountain", "osm": "n13795252855"}}, {"type": "Feature", "geometry": {"type": "Point", "coordinates": [21.987613, 40.488161]}, "properties": {"kind": "fountain", "osm": "n13795261061"}}, {"type": "Feature", "geometry": {"type": "Point", "coordinates": [22.062883, 40.466077]}, "properties": {"kind": "fountain", "osm": "n13795262459"}}, {"type": "Feature", "geometry": {"type": "Point", "coordinates": [21.968871, 40.558211]}, "properties": {"kind": "fountain", "osm": "n13795264937"}}, {"type": "Feature", "geometry": {"type": "Point", "coordinates": [21.937416, 40.585528]}, "properties": {"kind": "fountain", "osm": "n13795264938"}}, {"type": "Feature", "geometry": {"type": "Point", "coordinates": [20.431127, 39.718443]}, "properties": {"kind": "fountain", "osm": "n13795265614"}}, {"type": "Feature", "geometry": {"type": "Point", "coordinates": [22.054566, 40.554406]}, "properties": {"kind": "fountain", "osm": "n13795278883"}}, {"type": "Feature", "geometry": {"type": "Point", "coordinates": [22.115314, 40.563514]}, "properties": {"kind": "fountain", "osm": "n13795280901"}}, {"type": "Feature", "geometry": {"type": "Point", "coordinates": [20.394913, 39.639321]}, "properties": {"kind": "fountain", "osm": "n13795280992"}}, {"type": "Feature", "geometry": {"type": "Point", "coordinates": [21.922747, 40.529965]}, "properties": {"kind": "fountain", "osm": "n13795280993"}}, {"type": "Feature", "geometry": {"type": "Point", "coordinates": [22.063451, 40.466398]}, "properties": {"kind": "fountain", "osm": "n13795293419"}}, {"type": "Feature", "geometry": {"type": "Point", "coordinates": [22.028012, 40.551147]}, "properties": {"kind": "fountain", "osm": "n13795294323"}}, {"type": "Feature", "geometry": {"type": "Point", "coordinates": [21.364286, 40.656031]}, "properties": {"kind": "fountain", "osm": "n13795299467"}}, {"type": "Feature", "geometry": {"type": "Point", "coordinates": [23.12381, 40.610239]}, "properties": {"kind": "fountain", "osm": "n13798253029"}}, {"type": "Feature", "geometry": {"type": "Point", "coordinates": [23.214679, 40.513915]}, "properties": {"kind": "fountain", "osm": "n13798790536"}}, {"type": "Feature", "geometry": {"type": "Point", "coordinates": [23.249212, 40.505543]}, "properties": {"kind": "fountain", "osm": "n13798795683"}}, {"type": "Feature", "geometry": {"type": "Point", "coordinates": [23.377916, 40.467119]}, "properties": {"kind": "fountain", "osm": "n13798809005"}}, {"type": "Feature", "geometry": {"type": "Point", "coordinates": [20.27448, 39.446063]}, "properties": {"name": "Camperstop Plataria Beach", "drinking_water": "yes", "description": "Simple space for Campervans only. 2 toilets, 1 shower, greywater/freshwater/chemical toilets: yes", "kind": "point", "osm": "n13798870971"}}, {"type": "Feature", "geometry": {"type": "Point", "coordinates": [22.793905, 37.564845]}, "properties": {"fee": "no", "access": "yes", "kind": "fountain", "osm": "n13800889917"}}, {"type": "Feature", "geometry": {"type": "Point", "coordinates": [22.802941, 37.566616]}, "properties": {"fee": "no", "access": "yes", "kind": "fountain", "osm": "n13800889919"}}, {"type": "Feature", "geometry": {"type": "Point", "coordinates": [22.794173, 37.565475]}, "properties": {"fee": "no", "access": "yes", "kind": "fountain", "osm": "n13800889930"}}, {"type": "Feature", "geometry": {"type": "Point", "coordinates": [23.766032, 38.030129]}, "properties": {"kind": "fountain", "osm": "n13805067501"}}, {"type": "Feature", "geometry": {"type": "Point", "coordinates": [23.214291, 40.694768]}, "properties": {"kind": "fountain", "osm": "n13805993512"}}, {"type": "Feature", "geometry": {"type": "Point", "coordinates": [23.731962, 38.026992]}, "properties": {"kind": "fountain", "osm": "n13806131989"}}, {"type": "Feature", "geometry": {"type": "Point", "coordinates": [22.699152, 37.152231]}, "properties": {"kind": "spring", "osm": "n13808713828"}}, {"type": "Feature", "geometry": {"type": "Point", "coordinates": [22.714623, 37.158052]}, "properties": {"kind": "tap", "osm": "n13810374586"}}, {"type": "Feature", "geometry": {"type": "Point", "coordinates": [22.688756, 37.154991]}, "properties": {"kind": "spring", "osm": "n13810430805"}}, {"type": "Feature", "geometry": {"type": "Point", "coordinates": [22.692364, 37.142488]}, "properties": {"kind": "spring", "osm": "n13810765391"}}, {"type": "Feature", "geometry": {"type": "Point", "coordinates": [22.696935, 37.123061]}, "properties": {"kind": "spring", "osm": "n13811341631"}}, {"type": "Feature", "geometry": {"type": "Point", "coordinates": [26.156973, 39.216545]}, "properties": {"kind": "fountain", "osm": "n13813135001"}}, {"type": "Feature", "geometry": {"type": "Point", "coordinates": [22.934519, 37.94177]}, "properties": {"name": "Water", "kind": "tap", "osm": "n13813776604"}}, {"type": "Feature", "geometry": {"type": "Point", "coordinates": [20.900719, 40.128394]}, "properties": {"kind": "spring", "osm": "n13815083608"}}, {"type": "Feature", "geometry": {"type": "Point", "coordinates": [22.043873, 37.559965]}, "properties": {"kind": "fountain", "osm": "n13821620914"}}, {"type": "Feature", "geometry": {"type": "Point", "coordinates": [22.046452, 37.556983]}, "properties": {"drinking_water": "yes", "kind": "tap", "osm": "n13821620915"}}, {"type": "Feature", "geometry": {"type": "Point", "coordinates": [22.562463, 40.260378]}, "properties": {"kind": "tap", "osm": "n13823159951"}}, {"type": "Feature", "geometry": {"type": "Point", "coordinates": [22.56176, 40.260368]}, "properties": {"kind": "tap", "osm": "n13823159952"}}, {"type": "Feature", "geometry": {"type": "Point", "coordinates": [23.518789, 40.80764]}, "properties": {"kind": "fountain", "osm": "n13825090222"}}, {"type": "Feature", "geometry": {"type": "Point", "coordinates": [22.656638, 37.323368]}, "properties": {"kind": "spring", "osm": "n13827708292"}}, {"type": "Feature", "geometry": {"type": "Point", "coordinates": [23.035571, 40.591028]}, "properties": {"kind": "tap", "osm": "n13829117656"}}, {"type": "Feature", "geometry": {"type": "Point", "coordinates": [22.618262, 37.329933]}, "properties": {"kind": "spring", "osm": "n13830658263"}}, {"type": "Feature", "geometry": {"type": "Point", "coordinates": [22.949099, 40.625833]}, "properties": {"kind": "tap", "osm": "n13830975702"}}, {"type": "Feature", "geometry": {"type": "Point", "coordinates": [26.047328, 39.223212]}, "properties": {"kind": "fountain", "osm": "n13833632908"}}, {"type": "Feature", "geometry": {"type": "Point", "coordinates": [25.978953, 39.23466]}, "properties": {"kind": "fountain", "osm": "n13833733378"}}, {"type": "Feature", "geometry": {"type": "Point", "coordinates": [22.880076, 37.906894]}, "properties": {"kind": "fountain", "osm": "n13833880101"}}, {"type": "Feature", "geometry": {"type": "Point", "coordinates": [23.079192, 37.596665]}, "properties": {"kind": "fountain", "osm": "n13834701201"}}, {"type": "Feature", "geometry": {"type": "Point", "coordinates": [22.33116, 39.977661]}, "properties": {"kind": "fountain", "osm": "n13836326175"}}, {"type": "Feature", "geometry": {"type": "Point", "coordinates": [22.352461, 39.96265]}, "properties": {"kind": "fountain", "osm": "n13836359142"}}, {"type": "Feature", "geometry": {"type": "Point", "coordinates": [22.472551, 40.416812]}, "properties": {"kind": "fountain", "osm": "n13836377502"}}, {"type": "Feature", "geometry": {"type": "Point", "coordinates": [28.113403, 36.253407]}, "properties": {"kind": "spring", "osm": "n13840975961"}}, {"type": "Feature", "geometry": {"type": "Point", "coordinates": [22.389415, 37.80318]}, "properties": {"kind": "spring", "osm": "n13852694807"}}, {"type": "Feature", "geometry": {"type": "Point", "coordinates": [21.975995, 37.692323]}, "properties": {"drinking_water": "conditional", "kind": "fountain", "osm": "n13852919742"}}, {"type": "Feature", "geometry": {"type": "Point", "coordinates": [22.243781, 36.889654]}, "properties": {"kind": "fountain", "osm": "n13855596150"}}, {"type": "Feature", "geometry": {"type": "Point", "coordinates": [22.267856, 36.900772]}, "properties": {"kind": "fountain", "osm": "n13855841162"}}, {"type": "Feature", "geometry": {"type": "Point", "coordinates": [22.267288, 36.900272]}, "properties": {"kind": "fountain", "osm": "n13855954615"}}, {"type": "Feature", "geometry": {"type": "Point", "coordinates": [22.267851, 36.9005]}, "properties": {"kind": "fountain", "osm": "n13855966707"}}, {"type": "Feature", "geometry": {"type": "Point", "coordinates": [22.269853, 36.904503]}, "properties": {"kind": "fountain", "osm": "n13855967737"}}, {"type": "Feature", "geometry": {"type": "Point", "coordinates": [22.243274, 36.893871]}, "properties": {"kind": "fountain", "osm": "n13856169966"}}, {"type": "Feature", "geometry": {"type": "Point", "coordinates": [21.961197, 36.793689]}, "properties": {"kind": "fountain", "osm": "n13860440656"}}, {"type": "Feature", "geometry": {"type": "Point", "coordinates": [26.405241, 39.144089]}, "properties": {"kind": "fountain", "osm": "n13860989669"}}, {"type": "Feature", "geometry": {"type": "Point", "coordinates": [26.404868, 39.143902]}, "properties": {"kind": "fountain", "osm": "n13860991180"}}, {"type": "Feature", "geometry": {"type": "Point", "coordinates": [26.404748, 39.14414]}, "properties": {"kind": "fountain", "osm": "n13860997188"}}, {"type": "Feature", "geometry": {"type": "Point", "coordinates": [22.257244, 37.929528]}, "properties": {"kind": "spring", "osm": "n13866170558"}}, {"type": "Feature", "geometry": {"type": "Point", "coordinates": [21.977669, 37.694076]}, "properties": {"drinking_water": "conditional", "kind": "fountain", "osm": "n13866198939"}}, {"type": "Feature", "geometry": {"type": "Point", "coordinates": [21.977952, 37.693576]}, "properties": {"drinking_water": "conditional", "kind": "fountain", "osm": "n13866198940"}}, {"type": "Feature", "geometry": {"type": "Point", "coordinates": [21.977054, 37.693056]}, "properties": {"drinking_water": "conditional", "kind": "fountain", "osm": "n13866198941"}}, {"type": "Feature", "geometry": {"type": "Point", "coordinates": [21.977089, 37.692336]}, "properties": {"drinking_water": "conditional", "kind": "fountain", "osm": "n13866198942"}}, {"type": "Feature", "geometry": {"type": "Point", "coordinates": [21.976691, 37.692217]}, "properties": {"drinking_water": "conditional", "kind": "fountain", "osm": "n13866198943"}}, {"type": "Feature", "geometry": {"type": "Point", "coordinates": [21.976606, 37.69173]}, "properties": {"drinking_water": "conditional", "kind": "fountain", "osm": "n13866198944"}}, {"type": "Feature", "geometry": {"type": "Point", "coordinates": [21.976024, 37.691515]}, "properties": {"kind": "fountain", "osm": "n13866198945"}}, {"type": "Feature", "geometry": {"type": "Point", "coordinates": [22.24261, 36.876254]}, "properties": {"kind": "fountain", "osm": "n13869412861"}}, {"type": "Feature", "geometry": {"type": "Point", "coordinates": [22.24563, 36.903735]}, "properties": {"kind": "fountain", "osm": "n13869412863"}}, {"type": "Feature", "geometry": {"type": "Point", "coordinates": [22.585859, 38.779511]}, "properties": {"kind": "tap", "osm": "n13878199147"}}, {"type": "Feature", "geometry": {"type": "Point", "coordinates": [22.92305, 39.466019]}, "properties": {"kind": "tap", "osm": "n13878291233"}}, {"type": "Feature", "geometry": {"type": "Point", "coordinates": [22.725535, 38.511737]}, "properties": {"kind": "fountain", "osm": "n13883543166"}}, {"type": "Feature", "geometry": {"type": "Point", "coordinates": [23.21561, 40.529837]}, "properties": {"kind": "fountain", "osm": "n13884895028"}}, {"type": "Feature", "geometry": {"type": "Point", "coordinates": [22.653914, 38.507472]}, "properties": {"kind": "spring", "osm": "n13888183128"}}, {"type": "Feature", "geometry": {"type": "Point", "coordinates": [23.735308, 37.972372]}, "properties": {"kind": "tap", "osm": "n13891084139"}}, {"type": "Feature", "geometry": {"type": "Point", "coordinates": [22.708598, 38.611048]}, "properties": {"kind": "tap", "osm": "n13891599428"}}, {"type": "Feature", "geometry": {"type": "Point", "coordinates": [22.679237, 38.552341]}, "properties": {"kind": "fountain", "osm": "n13891752179"}}, {"type": "Feature", "geometry": {"type": "Point", "coordinates": [22.679259, 38.548687]}, "properties": {"kind": "spring", "osm": "n13895526051"}}, {"type": "Feature", "geometry": {"type": "Point", "coordinates": [23.667113, 37.998286]}, "properties": {"fee": "no", "access": "yes", "kind": "fountain", "osm": "n13895886391"}}, {"type": "Feature", "geometry": {"type": "Point", "coordinates": [22.660534, 38.544682]}, "properties": {"kind": "fountain", "osm": "n13898587564"}}, {"type": "Feature", "geometry": {"type": "Point", "coordinates": [21.185927, 39.343139]}, "properties": {"name": "Ασπρόβρυση", "kind": "spring", "osm": "n13898893104"}}, {"type": "Feature", "geometry": {"type": "Point", "coordinates": [20.997247, 40.062488]}, "properties": {"kind": "spring", "osm": "n13898922461"}}, {"type": "Feature", "geometry": {"type": "Point", "coordinates": [20.999117, 40.073455]}, "properties": {"kind": "spring", "osm": "n13898922462"}}, {"type": "Feature", "geometry": {"type": "Point", "coordinates": [21.022869, 40.079333]}, "properties": {"kind": "spring", "osm": "n13898922463"}}, {"type": "Feature", "geometry": {"type": "Point", "coordinates": [21.181439, 39.347481]}, "properties": {"kind": "spring", "osm": "n13898940865"}}, {"type": "Feature", "geometry": {"type": "Point", "coordinates": [22.126341, 38.89056]}, "properties": {"kind": "fountain", "osm": "n13901257607"}}, {"type": "Feature", "geometry": {"type": "Point", "coordinates": [22.288274, 36.84243]}, "properties": {"kind": "fountain", "osm": "n13901512957"}}, {"type": "Feature", "geometry": {"type": "Point", "coordinates": [22.285588, 36.844189]}, "properties": {"kind": "fountain", "osm": "n13901547538"}}, {"type": "Feature", "geometry": {"type": "Point", "coordinates": [22.694654, 38.558867]}, "properties": {"kind": "fountain", "osm": "n13901622826"}}, {"type": "Feature", "geometry": {"type": "Point", "coordinates": [22.158471, 40.129475]}, "properties": {"kind": "fountain", "osm": "n13909339784"}}, {"type": "Feature", "geometry": {"type": "Point", "coordinates": [22.11585, 37.255748]}, "properties": {"drinking_water": "yes", "kind": "spring", "osm": "n13909469113"}}, {"type": "Feature", "geometry": {"type": "Point", "coordinates": [22.303122, 40.136983]}, "properties": {"name": "Βρύση Παπαζήση", "kind": "spring", "osm": "n13910083342"}}, {"type": "Feature", "geometry": {"type": "Point", "coordinates": [22.084125, 37.277305]}, "properties": {"drinking_water": "yes", "kind": "spring", "osm": "n13910298697"}}, {"type": "Feature", "geometry": {"type": "Point", "coordinates": [25.998552, 38.227393]}, "properties": {"kind": "tap", "osm": "n13912192762"}}, {"type": "Feature", "geometry": {"type": "Point", "coordinates": [23.140013, 41.257768]}, "properties": {"kind": "fountain", "osm": "n13914587957"}}, {"type": "Feature", "geometry": {"type": "Point", "coordinates": [21.980195, 37.69377]}, "properties": {"kind": "fountain", "osm": "n13917437608"}}, {"type": "Feature", "geometry": {"type": "Point", "coordinates": [21.189755, 39.367001]}, "properties": {"kind": "fountain", "osm": "n13917523303"}}, {"type": "Feature", "geometry": {"type": "Point", "coordinates": [21.220706, 39.420577]}, "properties": {"kind": "fountain", "osm": "n13917523339"}}, {"type": "Feature", "geometry": {"type": "Point", "coordinates": [22.492149, 37.36105]}, "properties": {"kind": "tap", "osm": "n13918105413"}}, {"type": "Feature", "geometry": {"type": "Point", "coordinates": [22.46451, 37.44421]}, "properties": {"kind": "tap", "osm": "n13918137782"}}, {"type": "Feature", "geometry": {"type": "Point", "coordinates": [23.651229, 41.122681]}, "properties": {"kind": "fountain", "osm": "n13919314349"}}, {"type": "Feature", "geometry": {"type": "Point", "coordinates": [21.18368, 39.432328]}, "properties": {"kind": "spring", "osm": "n13919368784"}}, {"type": "Feature", "geometry": {"type": "Point", "coordinates": [21.494377, 40.481508]}, "properties": {"kind": "fountain", "osm": "n13921369455"}}, {"type": "Feature", "geometry": {"type": "Point", "coordinates": [24.041645, 35.464135]}, "properties": {"kind": "fountain", "osm": "n13922302545"}}, {"type": "Feature", "geometry": {"type": "Point", "coordinates": [23.954869, 35.400204]}, "properties": {"kind": "fountain", "osm": "n13922678334"}}, {"type": "Feature", "geometry": {"type": "Point", "coordinates": [24.021234, 35.40856]}, "properties": {"kind": "fountain", "osm": "n13922708650"}}, {"type": "Feature", "geometry": {"type": "Point", "coordinates": [24.108357, 34.851245]}, "properties": {"bottle": "yes", "fee": "no", "kind": "fountain", "osm": "n13924042200"}}, {"type": "Feature", "geometry": {"type": "Point", "coordinates": [24.112883, 34.850224]}, "properties": {"bottle": "yes", "fee": "no", "kind": "fountain", "osm": "n13924050901"}}, {"type": "Feature", "geometry": {"type": "Point", "coordinates": [21.209782, 39.434638]}, "properties": {"kind": "fountain", "osm": "n13928552431"}}, {"type": "Feature", "geometry": {"type": "Point", "coordinates": [21.207934, 39.43416]}, "properties": {"kind": "fountain", "osm": "n13928552475"}}, {"type": "Feature", "geometry": {"type": "Point", "coordinates": [26.142464, 38.47031]}, "properties": {"kind": "tap", "osm": "n13930769080"}}, {"type": "Feature", "geometry": {"type": "Point", "coordinates": [21.967704, 40.641196]}, "properties": {"kind": "fountain", "osm": "n13937836733"}}, {"type": "Feature", "geometry": {"type": "Point", "coordinates": [23.744465, 38.042278]}, "properties": {"drinking_water": "yes", "kind": "tap", "osm": "n13938633572"}}, {"type": "Feature", "geometry": {"type": "Point", "coordinates": [23.744935, 38.043106]}, "properties": {"kind": "tap", "osm": "n13938665178"}}, {"type": "Feature", "geometry": {"type": "Point", "coordinates": [23.746292, 38.045171]}, "properties": {"kind": "tap", "osm": "n13938673026"}}, {"type": "Feature", "geometry": {"type": "Point", "coordinates": [21.516061, 37.746198]}, "properties": {"fee": "no", "access": "yes", "seasonal": "no", "description": "Κατασκευάστηκε το 1930\nαπό τους \nΑγγελόπουλο Νικόλαο του Χρήστου\nΔιαμαντόπουλο Νικόλαο του Διαμαντή\nΣταυρόπουλο Κων/νο του Θεοδώρου\nΑνακαινίσθηκε το 2002\nΕπί Δημαρχίας Γιάννη Παναγόπουλου", "kind": "fountain", "osm": "n13939135676"}}, {"type": "Feature", "geometry": {"type": "Point", "coordinates": [23.802088, 38.619124]}, "properties": {"name": "Αρκουδόβρυση", "name:el": "Αρκουδόβρυση", "kind": "fountain", "osm": "n13944388557"}}, {"type": "Feature", "geometry": {"type": "Point", "coordinates": [26.207386, 41.450331]}, "properties": {"drinking_water": "yes", "access": "yes", "kind": "tap", "osm": "n13959609069"}}, {"type": "Feature", "geometry": {"type": "Point", "coordinates": [26.207228, 41.452217]}, "properties": {"drinking_water": "yes", "access": "yes", "kind": "tap", "osm": "n13959609070"}}, {"type": "Feature", "geometry": {"type": "Point", "coordinates": [22.080053, 37.689532]}, "properties": {"name": "Spring ΤΡΙΑΣ ΑΙΘΑΡΙ", "description": "Spring Three Days. About 100 m from the trail", "kind": "spring", "osm": "n13960762002"}}, {"type": "Feature", "geometry": {"type": "Point", "coordinates": [23.763952, 37.979909]}, "properties": {"kind": "tap", "osm": "n13960865501"}}, {"type": "Feature", "geometry": {"type": "Point", "coordinates": [21.626361, 39.726165]}, "properties": {"kind": "fountain", "osm": "n13961807101"}}, {"type": "Feature", "geometry": {"type": "Point", "coordinates": [23.987275, 35.471636]}, "properties": {"kind": "fountain", "osm": "n13961972601"}}, {"type": "Feature", "geometry": {"type": "Point", "coordinates": [22.408379, 40.163079]}, "properties": {"kind": "fountain", "osm": "n13965004342"}}, {"type": "Feature", "geometry": {"type": "Point", "coordinates": [22.395843, 40.166951]}, "properties": {"kind": "fountain", "osm": "n13965005279"}}, {"type": "Feature", "geometry": {"type": "Point", "coordinates": [22.330597, 40.180155]}, "properties": {"kind": "fountain", "osm": "n13965082805"}}, {"type": "Feature", "geometry": {"type": "Point", "coordinates": [24.107404, 40.939455]}, "properties": {"drinking_water": "yes", "kind": "fountain", "osm": "n13965301035"}}, {"type": "Feature", "geometry": {"type": "Point", "coordinates": [26.206703, 41.448574]}, "properties": {"drinking_water": "yes", "access": "yes", "kind": "tap", "osm": "n13965399318"}}, {"type": "Feature", "geometry": {"type": "Point", "coordinates": [24.949866, 37.755138]}, "properties": {"name": "Πηγές Αηδόνια", "drinking_water": "yes", "kind": "spring", "osm": "n13968015855"}}, {"type": "Feature", "geometry": {"type": "Point", "coordinates": [25.374833, 37.100778]}, "properties": {"kind": "fountain", "osm": "n13970157416"}}, {"type": "Feature", "geometry": {"type": "Point", "coordinates": [21.588879, 37.806147]}, "properties": {"access": "yes", "kind": "tap", "osm": "n13970595975"}}, {"type": "Feature", "geometry": {"type": "Point", "coordinates": [21.603305, 37.798666]}, "properties": {"access": "yes", "kind": "tap", "osm": "n13970595977"}}, {"type": "Feature", "geometry": {"type": "Point", "coordinates": [23.721819, 37.974691]}, "properties": {"kind": "tap", "osm": "n13972168401"}}, {"type": "Feature", "geometry": {"type": "Point", "coordinates": [21.906936, 37.99734]}, "properties": {"drinking_water": "yes", "access": "yes", "kind": "tap", "osm": "n13972193261"}}, {"type": "Feature", "geometry": {"type": "Point", "coordinates": [21.552214, 38.657424]}, "properties": {"kind": "tap", "osm": "n13973140893"}}, {"type": "Feature", "geometry": {"type": "Point", "coordinates": [26.22644, 41.419158]}, "properties": {"drinking_water": "yes", "fee": "no", "access": "yes", "seasonal": "no", "wheelchair": "no", "kind": "fountain", "osm": "n13979638939"}}, {"type": "Feature", "geometry": {"type": "Point", "coordinates": [21.314862, 37.674442]}, "properties": {"drinking_water": "yes", "access": "yes", "kind": "tap", "osm": "n13980050488"}}, {"type": "Feature", "geometry": {"type": "Point", "coordinates": [26.891326, 37.779493]}, "properties": {"name": "Wasserhahn", "kind": "tap", "osm": "n13980086686"}}, {"type": "Feature", "geometry": {"type": "Point", "coordinates": [26.881461, 37.776713]}, "properties": {"name": "Wasserstelle", "kind": "tap", "osm": "n13980090880"}}, {"type": "Feature", "geometry": {"type": "Point", "coordinates": [26.895431, 37.775851]}, "properties": {"name": "Wasserhahn", "kind": "tap", "osm": "n13980106334"}}, {"type": "Feature", "geometry": {"type": "Point", "coordinates": [26.89341, 37.777505]}, "properties": {"kind": "tap", "osm": "n13980110731"}}, {"type": "Feature", "geometry": {"type": "Point", "coordinates": [26.893235, 37.779743]}, "properties": {"name": "Wasserhahn", "kind": "tap", "osm": "n13980147854"}}, {"type": "Feature", "geometry": {"type": "Point", "coordinates": [21.72138, 40.861702]}, "properties": {"kind": "fountain", "osm": "n13985064956"}}, {"type": "Feature", "geometry": {"type": "Point", "coordinates": [21.748176, 40.859548]}, "properties": {"kind": "spring", "osm": "n13985064967"}}, {"type": "Feature", "geometry": {"type": "Point", "coordinates": [21.722172, 40.880122]}, "properties": {"kind": "spring", "osm": "n13985064969"}}, {"type": "Feature", "geometry": {"type": "Point", "coordinates": [21.898093, 40.981915]}, "properties": {"kind": "spring", "osm": "n13985069222"}}, {"type": "Feature", "geometry": {"type": "Point", "coordinates": [22.04525, 40.802901]}, "properties": {"kind": "fountain", "osm": "n13987537862"}}, {"type": "Feature", "geometry": {"type": "Point", "coordinates": [23.524836, 38.808826]}, "properties": {"kind": "fountain", "osm": "n13992151896"}}, {"type": "Feature", "geometry": {"type": "Point", "coordinates": [25.333137, 39.928208]}, "properties": {"name": "Βρύση 1", "operator": "Κοινόχρηστη βρύση με φιλτραρισμένο πόσιμο νερό καλής ποιότητας.", "kind": "tap", "osm": "n13996804201"}}, {"type": "Feature", "geometry": {"type": "Point", "coordinates": [20.688494, 37.926189]}, "properties": {"kind": "fountain", "osm": "n13997378801"}}, {"type": "Feature", "geometry": {"type": "Point", "coordinates": [22.29753, 36.811262]}, "properties": {"bottle": "yes", "fee": "no", "seasonal": "no", "opening_hours": "24/7", "kind": "fountain", "osm": "n14013889442"}}, {"type": "Feature", "geometry": {"type": "Point", "coordinates": [23.725485, 37.974438]}, "properties": {"kind": "tap", "osm": "n14013998470"}}, {"type": "Feature", "geometry": {"type": "Point", "coordinates": [21.667894, 37.943082]}, "properties": {"drinking_water": "yes", "access": "yes", "kind": "tap", "osm": "n14016971796"}}, {"type": "Feature", "geometry": {"type": "Point", "coordinates": [22.857547, 40.464832]}, "properties": {"fee": "no", "access": "yes", "kind": "fountain", "osm": "n14027158621"}}, {"type": "Feature", "geometry": {"type": "Point", "coordinates": [21.795944, 37.704488]}, "properties": {"kind": "spring", "osm": "n14031541801"}}, {"type": "Feature", "geometry": {"type": "Point", "coordinates": [27.025337, 36.97511]}, "properties": {"kind": "fountain", "osm": "n14039754729"}}, {"type": "Feature", "geometry": {"type": "Point", "coordinates": [21.732179, 37.245161]}, "properties": {"kind": "tap", "osm": "n14045275494"}}, {"type": "Feature", "geometry": {"type": "Point", "coordinates": [25.609104, 40.420145]}, "properties": {"kind": "fountain", "osm": "n14051904201"}}, {"type": "Feature", "geometry": {"type": "Point", "coordinates": [25.608733, 40.420043]}, "properties": {"kind": "fountain", "osm": "n14051904301"}}, {"type": "Feature", "geometry": {"type": "Point", "coordinates": [21.759192, 39.3423]}, "properties": {"kind": "fountain", "osm": "n14053263411"}}, {"type": "Feature", "geometry": {"type": "Point", "coordinates": [21.759197, 39.342262]}, "properties": {"kind": "fountain", "osm": "n14053263412"}}, {"type": "Feature", "geometry": {"type": "Point", "coordinates": [26.147044, 35.177722]}, "properties": {"kind": "fountain", "osm": "n14055887836"}}, {"type": "Feature", "geometry": {"type": "Point", "coordinates": [22.687926, 39.931418]}, "properties": {"bottle": "yes", "kind": "fountain", "osm": "n14056738014"}}, {"type": "Feature", "geometry": {"type": "Point", "coordinates": [23.16617, 38.361687]}, "properties": {"kind": "fountain", "osm": "n14058399879"}}, {"type": "Feature", "geometry": {"type": "Point", "coordinates": [24.080778, 40.865046]}, "properties": {"drinking_water": "yes", "kind": "tap", "osm": "n14062481634"}}, {"type": "Feature", "geometry": {"type": "Point", "coordinates": [24.07962, 40.866371]}, "properties": {"kind": "tap", "osm": "n14062481637"}}, {"type": "Feature", "geometry": {"type": "Point", "coordinates": [22.951454, 40.586101]}, "properties": {"kind": "tap", "osm": "n14065607001"}}, {"type": "Feature", "geometry": {"type": "Point", "coordinates": [21.67483, 39.342463]}, "properties": {"kind": "fountain", "osm": "n14067695097"}}, {"type": "Feature", "geometry": {"type": "Point", "coordinates": [25.598903, 40.410237]}, "properties": {"kind": "fountain", "osm": "n14071133102"}}, {"type": "Feature", "geometry": {"type": "Point", "coordinates": [21.796062, 39.994723]}, "properties": {"kind": "fountain", "osm": "n14074156184"}}, {"type": "Feature", "geometry": {"type": "Point", "coordinates": [23.820783, 38.076546]}, "properties": {"bottle": "yes", "fee": "no", "access": "yes", "wheelchair": "limited", "covered": "no", "kind": "fountain", "osm": "n14074434381"}}, {"type": "Feature", "geometry": {"type": "Point", "coordinates": [23.781714, 38.611545]}, "properties": {"drinking_water": "yes", "kind": "spring", "osm": "n14074950649"}}, {"type": "Feature", "geometry": {"type": "Point", "coordinates": [23.758522, 38.591525]}, "properties": {"fee": "no", "access": "yes", "seasonal": "no", "kind": "fountain", "osm": "n14075627139"}}, {"type": "Feature", "geometry": {"type": "Point", "coordinates": [21.667468, 39.340463]}, "properties": {"kind": "fountain", "osm": "n14077987757"}}, {"type": "Feature", "geometry": {"type": "Point", "coordinates": [23.132103, 39.406667]}, "properties": {"name": "Κρήνη Αγίας Μαρίνας", "kind": "tap", "osm": "n14085099502"}}, {"type": "Feature", "geometry": {"type": "Point", "coordinates": [25.522124, 37.105735]}, "properties": {"kind": "tap", "osm": "n14087814652"}}, {"type": "Feature", "geometry": {"type": "Point", "coordinates": [25.513866, 37.109369]}, "properties": {"kind": "tap", "osm": "n14087814654"}}, {"type": "Feature", "geometry": {"type": "Point", "coordinates": [23.097071, 39.415031]}, "properties": {"kind": "tap", "osm": "n14089369201"}}, {"type": "Feature", "geometry": {"type": "Point", "coordinates": [23.182408, 39.375447]}, "properties": {"kind": "tap", "osm": "n14091744701"}}, {"type": "Feature", "geometry": {"type": "Point", "coordinates": [23.17991, 39.377402]}, "properties": {"name": "Πέτρινη κρήνη", "kind": "tap", "osm": "n14091862801"}}, {"type": "Feature", "geometry": {"type": "Point", "coordinates": [23.181393, 39.378623]}, "properties": {"name": "Παλιά κρήνη (1939)", "kind": "tap", "osm": "n14091862901"}}, {"type": "Feature", "geometry": {"type": "Point", "coordinates": [23.103273, 39.44401]}, "properties": {"kind": "tap", "osm": "n14094829801"}}, {"type": "Feature", "geometry": {"type": "Point", "coordinates": [23.097969, 39.434577]}, "properties": {"access": "yes", "kind": "fountain", "osm": "n14095405513"}}, {"type": "Feature", "geometry": {"type": "Point", "coordinates": [23.103695, 39.442642]}, "properties": {"kind": "fountain", "osm": "n14095405562"}}, {"type": "Feature", "geometry": {"type": "Point", "coordinates": [22.486751, 36.438432]}, "properties": {"access": "yes", "kind": "tap", "osm": "n14096936795"}}, {"type": "Feature", "geometry": {"type": "Point", "coordinates": [21.541106, 37.956945]}, "properties": {"kind": "spring", "osm": "n14099103113"}}, {"type": "Feature", "geometry": {"type": "Point", "coordinates": [24.898162, 41.303063]}, "properties": {"name": "Rahman Çeşmesi", "drinking_water": "yes", "access": "permissive", "kind": "tap", "osm": "n14099515550"}}, {"type": "Feature", "geometry": {"type": "Point", "coordinates": [22.073177, 40.630401]}, "properties": {"name": "Vrisi Petalo", "kind": "fountain", "osm": "n14099559206"}}, {"type": "Feature", "geometry": {"type": "Point", "coordinates": [22.073616, 40.629414]}, "properties": {"kind": "fountain", "osm": "n14099590003"}}, {"type": "Feature", "geometry": {"type": "Point", "coordinates": [23.132382, 39.405832]}, "properties": {"kind": "tap", "osm": "n14102976461"}}, {"type": "Feature", "geometry": {"type": "Point", "coordinates": [20.874619, 40.458977]}, "properties": {"drinking_water": "yes", "access": "yes", "operator": "Volunteers, Saint Athanasios Church", "kind": "tap", "osm": "n14105232810"}}, {"type": "Feature", "geometry": {"type": "Point", "coordinates": [20.873841, 40.459491]}, "properties": {"drinking_water": "yes", "access": "yes", "kind": "tap", "osm": "n14105294148"}}, {"type": "Feature", "geometry": {"type": "Point", "coordinates": [20.872596, 40.462213]}, "properties": {"name": "Πηγή «Άνω Μαχαλά»", "drinking_water": "yes", "check_date": "2026-08-16", "kind": "spring", "osm": "n14105309579"}}, {"type": "Feature", "geometry": {"type": "Point", "coordinates": [25.585207, 40.473422]}, "properties": {"kind": "fountain", "osm": "n14107869901"}}, {"type": "Feature", "geometry": {"type": "Point", "coordinates": [24.435417, 38.071131]}, "properties": {"kind": "spring", "osm": "n14111811501"}}, {"type": "Feature", "geometry": {"type": "Point", "coordinates": [23.139775, 39.419035]}, "properties": {"kind": "tap", "osm": "n14118527525"}}, {"type": "Feature", "geometry": {"type": "Point", "coordinates": [24.137356, 41.503903]}, "properties": {"kind": "fountain", "osm": "n14127001128"}}, {"type": "Feature", "geometry": {"type": "Point", "coordinates": [24.14394, 41.516271]}, "properties": {"kind": "fountain", "osm": "n14127001129"}}, {"type": "Feature", "geometry": {"type": "Point", "coordinates": [20.256206, 39.444032]}, "properties": {"name": "Trinkwasser auf Campingplatz", "kind": "fountain", "osm": "n14127938583"}}, {"type": "Feature", "geometry": {"type": "Point", "coordinates": [24.535792, 38.841879]}, "properties": {"kind": "fountain", "osm": "n14128803588"}}, {"type": "Feature", "geometry": {"type": "Point", "coordinates": [22.95899, 40.588562]}, "properties": {"access": "yes", "kind": "tap", "osm": "n14131403999"}}, {"type": "Feature", "geometry": {"type": "Point", "coordinates": [24.144332, 41.484793]}, "properties": {"kind": "fountain", "osm": "n14133731914"}}, {"type": "Feature", "geometry": {"type": "Point", "coordinates": [24.105836, 41.410211]}, "properties": {"kind": "fountain", "osm": "n14133860812"}}, {"type": "Feature", "geometry": {"type": "Point", "coordinates": [23.707588, 37.940336]}, "properties": {"kind": "tap", "osm": "n14137019737"}}, {"type": "Feature", "geometry": {"type": "Point", "coordinates": [22.230065, 37.567472]}, "properties": {"name": "Πηγές Ελισσώνα", "kind": "spring", "osm": "n14137761194"}}, {"type": "Feature", "geometry": {"type": "Point", "coordinates": [24.143575, 41.140189]}, "properties": {"kind": "tap", "osm": "n14137849410"}}, {"type": "Feature", "geometry": {"type": "Point", "coordinates": [24.147321, 41.13447]}, "properties": {"kind": "tap", "osm": "n14139370630"}}, {"type": "Feature", "geometry": {"type": "Point", "coordinates": [20.876319, 39.673981]}, "properties": {"kind": "fountain", "osm": "n14140004382"}}, {"type": "Feature", "geometry": {"type": "Point", "coordinates": [23.860505, 40.556254]}, "properties": {"kind": "tap", "osm": "n14140032601"}}, {"type": "Feature", "geometry": {"type": "Point", "coordinates": [23.635999, 37.949721]}, "properties": {"name": "Χώρος πλυσίματος χεριών", "kind": "tap", "osm": "n14141962730"}}, {"type": "Feature", "geometry": {"type": "Point", "coordinates": [22.794119, 37.310735]}, "properties": {"drinking_water": "yes", "kind": "point", "osm": "n14155938884"}}, {"type": "Feature", "geometry": {"type": "Point", "coordinates": [23.501452, 37.964014]}, "properties": {"kind": "tap", "osm": "n14157842708"}}, {"type": "Feature", "geometry": {"type": "Point", "coordinates": [23.169095, 39.408475]}, "properties": {"access": "yes", "kind": "tap", "osm": "n14159015686"}}, {"type": "Feature", "geometry": {"type": "Point", "coordinates": [23.720645, 37.97007]}, "properties": {"bottle": "yes", "fee": "no", "access": "yes", "opening_hours": "24/7", "kind": "fountain", "osm": "n14160002158"}}, {"type": "Feature", "geometry": {"type": "Point", "coordinates": [23.253768, 40.757825]}, "properties": {"kind": "fountain", "osm": "n14160118827"}}, {"type": "Feature", "geometry": {"type": "Point", "coordinates": [23.939801, 35.418355]}, "properties": {"kind": "fountain", "osm": "n14166517764"}}, {"type": "Feature", "geometry": {"type": "Point", "coordinates": [23.939722, 35.418967]}, "properties": {"kind": "fountain", "osm": "n14166519035"}}, {"type": "Feature", "geometry": {"type": "Point", "coordinates": [23.608046, 39.18079]}, "properties": {"drinking_water": "unknown", "kind": "tap", "osm": "n14168625777"}}, {"type": "Feature", "geometry": {"type": "Point", "coordinates": [23.743572, 39.111054]}, "properties": {"drinking_water": "unknown", "kind": "tap", "osm": "n14168625779"}}, {"type": "Feature", "geometry": {"type": "Point", "coordinates": [20.720822, 40.162371]}, "properties": {"name": "Ντούμνος", "kind": "fountain", "osm": "n14169244043"}}, {"type": "Feature", "geometry": {"type": "Point", "coordinates": [22.802497, 38.352809]}, "properties": {"name": "Αβούζα", "kind": "spring", "osm": "n14172958303"}}, {"type": "Feature", "geometry": {"type": "Point", "coordinates": [23.017661, 38.332664]}, "properties": {"kind": "spring", "osm": "n14173108667"}}, {"type": "Feature", "geometry": {"type": "Point", "coordinates": [23.03252, 38.319162]}, "properties": {"name": "Ιπποκρήνη", "kind": "spring", "osm": "n14173108671"}}, {"type": "Feature", "geometry": {"type": "Point", "coordinates": [24.065549, 41.453236]}, "properties": {"kind": "fountain", "osm": "n14177394206"}}, {"type": "Feature", "geometry": {"type": "Point", "coordinates": [24.117875, 41.494101]}, "properties": {"kind": "fountain", "osm": "n14177394207"}}, {"type": "Feature", "geometry": {"type": "Point", "coordinates": [21.085718, 39.722672]}, "properties": {"kind": "fountain", "osm": "n14177789003"}}, {"type": "Feature", "geometry": {"type": "Point", "coordinates": [23.071424, 39.090995]}, "properties": {"drinking_water": "yes", "kind": "tap", "osm": "n14179817732"}}, {"type": "Feature", "geometry": {"type": "Point", "coordinates": [24.498222, 38.032355]}, "properties": {"kind": "spring", "osm": "n14180520627"}}, {"type": "Feature", "geometry": {"type": "Point", "coordinates": [21.978721, 37.694009]}, "properties": {"drinking_water": "conditional", "kind": "fountain", "osm": "n14181071198"}}, {"type": "Feature", "geometry": {"type": "Point", "coordinates": [22.433479, 40.144405]}, "properties": {"kind": "fountain", "osm": "n14181492901"}}, {"type": "Feature", "geometry": {"type": "Point", "coordinates": [22.302173, 40.686718]}, "properties": {"kind": "fountain", "osm": "n14183258402"}}, {"type": "Feature", "geometry": {"type": "Point", "coordinates": [22.264365, 38.998191]}, "properties": {"kind": "tap", "osm": "n14184670407"}}, {"type": "Feature", "geometry": {"type": "Point", "coordinates": [26.560823, 39.104372]}, "properties": {"kind": "fountain", "osm": "n14185392419"}}, {"type": "Feature", "geometry": {"type": "Point", "coordinates": [23.613046, 39.165382]}, "properties": {"drinking_water": "yes", "kind": "tap", "osm": "n14189074608"}}, {"type": "Feature", "geometry": {"type": "Point", "coordinates": [23.757639, 37.904139]}, "properties": {"kind": "fountain", "osm": "n14190308801"}}, {"type": "Feature", "geometry": {"type": "Point", "coordinates": [25.05953, 39.874827]}, "properties": {"drinking_water": "yes", "access": "yes", "kind": "tap", "osm": "n14197221988"}}, {"type": "Feature", "geometry": {"type": "Point", "coordinates": [25.059859, 39.8753]}, "properties": {"drinking_water": "yes", "access": "yes", "kind": "tap", "osm": "n14197221989"}}, {"type": "Feature", "geometry": {"type": "Point", "coordinates": [26.502153, 39.175314]}, "properties": {"kind": "fountain", "osm": "n14201727048"}}, {"type": "Feature", "geometry": {"type": "Point", "coordinates": [26.168352, 39.368168]}, "properties": {"drinking_water": "yes", "access": "yes", "kind": "tap", "osm": "n14203668251"}}, {"type": "Feature", "geometry": {"type": "Point", "coordinates": [26.168194, 39.368274]}, "properties": {"drinking_water": "yes", "access": "yes", "kind": "tap", "osm": "n14203668252"}}, {"type": "Feature", "geometry": {"type": "Point", "coordinates": [23.864522, 39.143669]}, "properties": {"drinking_water": "yes", "kind": "tap", "osm": "n14208963017"}}, {"type": "Feature", "geometry": {"type": "Point", "coordinates": [22.974988, 37.979979]}, "properties": {"bottle": "yes", "fee": "no", "seasonal": "no", "wheelchair": "yes", "kind": "fountain", "osm": "n14209286900"}}, {"type": "Feature", "geometry": {"type": "Point", "coordinates": [22.553003, 36.731187]}, "properties": {"name": "Meltemi", "name:el": "Μελτέμι", "name:en": "Meltemi", "drinking_water": "yes", "fee": "yes", "opening_hours": "Apr-Oct", "operator": "Giannakakou Alexandra", "wheelchair": "limited", "dog": "yes", "kind": "point", "osm": "w27953920"}}, {"type": "Feature", "geometry": {"type": "Point", "coordinates": [22.54592, 36.727849]}, "properties": {"name": "Gythion Bay", "drinking_water": "yes", "dog": "yes", "kind": "point", "osm": "w30109133"}}, {"type": "Feature", "geometry": {"type": "Point", "coordinates": [23.70321, 35.501655]}, "properties": {"name": "Camping Mithimna", "drinking_water": "yes", "kind": "point", "osm": "w47218086"}}, {"type": "Feature", "geometry": {"type": "Point", "coordinates": [21.695993, 36.952707]}, "properties": {"name": "Camping Erodios", "drinking_water": "yes", "wheelchair": "yes", "kind": "point", "osm": "w75641140"}}, {"type": "Feature", "geometry": {"type": "Point", "coordinates": [24.057788, 35.196054]}, "properties": {"drinking_water": "yes", "kind": "point", "osm": "w122224924"}}, {"type": "Feature", "geometry": {"type": "Point", "coordinates": [22.990882, 37.497159]}, "properties": {"name": "Iria Beach Camping", "drinking_water": "yes", "fee": "yes", "dog": "leashed", "kind": "point", "osm": "w129550462"}}, {"type": "Feature", "geometry": {"type": "Point", "coordinates": [23.757716, 38.002299]}, "properties": {"kind": "fountain", "osm": "w172501753"}}, {"type": "Feature", "geometry": {"type": "Point", "coordinates": [22.182676, 37.836711]}, "properties": {"name": "Πηγές Λάδωνα", "name:el": "Πηγές Λάδωνα", "drinking_water": "yes", "kind": "spring", "osm": "w224149550"}}, {"type": "Feature", "geometry": {"type": "Point", "coordinates": [21.614547, 39.712995]}, "properties": {"name": "Vrachos", "drinking_water": "yes", "kind": "point", "osm": "w236142322"}}, {"type": "Feature", "geometry": {"type": "Point", "coordinates": [24.694698, 35.099918]}, "properties": {"name": "Camping No Problem", "drinking_water": "yes", "kind": "point", "osm": "w239961728"}}, {"type": "Feature", "geometry": {"type": "Point", "coordinates": [23.021451, 38.054476]}, "properties": {"name": "Camping Alkioni", "drinking_water": "yes", "opening_hours": "Jan-Dec", "kind": "point", "osm": "w281906494"}}, {"type": "Feature", "geometry": {"type": "Point", "coordinates": [25.85491, 40.846579]}, "properties": {"name": "Alexandroupoli Municipal Camping", "name:en": "Alexandroupoli Municipal Camping", "drinking_water": "yes", "kind": "point", "osm": "w302589143"}}, {"type": "Feature", "geometry": {"type": "Point", "coordinates": [25.63665, 40.494052]}, "properties": {"name": "Βαράδες", "name:el": "Βαράδες", "name:en": "Varades", "drinking_water": "yes", "fee": "yes", "kind": "point", "osm": "w302595393"}}, {"type": "Feature", "geometry": {"type": "Point", "coordinates": [20.486663, 39.216692]}, "properties": {"name": "Όρμου Οδυσσέα", "name:el": "Όρμου Οδυσσέα", "drinking_water": "yes", "kind": "point", "osm": "w320692506"}}, {"type": "Feature", "geometry": {"type": "Point", "coordinates": [24.759779, 35.18821]}, "properties": {"kind": "spring", "osm": "w334163318"}}, {"type": "Feature", "geometry": {"type": "Point", "coordinates": [23.96395, 35.229179]}, "properties": {"name": "Camping Agia Roumeli", "drinking_water": "yes", "fee": "no", "access": "yes", "kind": "point", "osm": "w349642716"}}, {"type": "Feature", "geometry": {"type": "Point", "coordinates": [24.324305, 40.136492]}, "properties": {"kind": "fountain", "osm": "w350195827"}}, {"type": "Feature", "geometry": {"type": "Point", "coordinates": [20.696643, 38.640783]}, "properties": {"name": "Poros Beach", "drinking_water": "yes", "kind": "point", "osm": "w369336497"}}, {"type": "Feature", "geometry": {"type": "Point", "coordinates": [24.046538, 35.5232]}, "properties": {"name": "Αγία Κυριακή", "drinking_water": "yes", "kind": "point", "osm": "w373794592"}}, {"type": "Feature", "geometry": {"type": "Point", "coordinates": [26.199604, 39.073995]}, "properties": {"description": "Hot Springs Polichnitos-Ιαματικά Λουτρά Πολιχνίτου", "kind": "spring", "osm": "w375583267"}}, {"type": "Feature", "geometry": {"type": "Point", "coordinates": [23.965825, 35.245969]}, "properties": {"drinking_water": "yes", "fee": "no", "access": "customers", "kind": "point", "osm": "w377528300"}}, {"type": "Feature", "geometry": {"type": "Point", "coordinates": [22.407261, 39.635647]}, "properties": {"drinking_water": "yes", "access": "permissive", "wheelchair": "yes", "kind": "point", "osm": "w380148771"}}, {"type": "Feature", "geometry": {"type": "Point", "coordinates": [22.892508, 37.14967]}, "properties": {"name": "Camping Semeli", "drinking_water": "yes", "fee": "yes", "dog": "leashed", "kind": "point", "osm": "w430440163"}}, {"type": "Feature", "geometry": {"type": "Point", "coordinates": [23.962453, 35.229912]}, "properties": {"drinking_water": "yes", "kind": "point", "osm": "w444295545"}}, {"type": "Feature", "geometry": {"type": "Point", "coordinates": [22.4741, 38.47862]}, "properties": {"name": "Delphi Camping", "drinking_water": "yes", "kind": "point", "osm": "w445157279"}}, {"type": "Feature", "geometry": {"type": "Point", "coordinates": [23.763506, 40.205611]}, "properties": {"name": "Camping Rea", "drinking_water": "yes", "access": "customers", "kind": "point", "osm": "w484692839"}}, {"type": "Feature", "geometry": {"type": "Point", "coordinates": [22.926946, 40.382571]}, "properties": {"name": "Ακτή Ρετζίκα", "name:el": "Ακτή Ρετζίκα", "name:en": "Akti Retzika", "drinking_water": "yes", "operator": "Soti Retzika", "description": "closes 1/10", "kind": "point", "osm": "w513680068"}}, {"type": "Feature", "geometry": {"type": "Point", "coordinates": [22.475759, 38.483024]}, "properties": {"name": "Apollon", "drinking_water": "yes", "operator": "Mr. N. Kontogiannis", "wheelchair": "yes", "kind": "point", "osm": "w513916079"}}, {"type": "Feature", "geometry": {"type": "Point", "coordinates": [21.493518, 40.643772]}, "properties": {"name": "Βρύση εκκλήσίας", "kind": "fountain", "osm": "w514613350"}}, {"type": "Feature", "geometry": {"type": "Point", "coordinates": [21.494721, 40.642052]}, "properties": {"name": "Γκάλμπα", "kind": "fountain", "osm": "w514681088"}}, {"type": "Feature", "geometry": {"type": "Point", "coordinates": [21.49397, 40.641834]}, "properties": {"name": "Πούντε", "kind": "fountain", "osm": "w514682645"}}, {"type": "Feature", "geometry": {"type": "Point", "coordinates": [21.495466, 40.64671]}, "properties": {"kind": "fountain", "osm": "w514686038"}}, {"type": "Feature", "geometry": {"type": "Point", "coordinates": [22.790634, 41.278063]}, "properties": {"name": "Προσκοπικό Κέντρο Καβαλάρι", "name:el": "Προσκοπικό Κέντρο Καβαλάρι", "name:en": "Kavalari Scout Activity Centre", "drinking_water": "yes", "kind": "point", "osm": "w524203835"}}, {"type": "Feature", "geometry": {"type": "Point", "coordinates": [24.834008, 37.817992]}, "properties": {"drinking_water": "yes", "kind": "spring", "osm": "w526451430"}}, {"type": "Feature", "geometry": {"type": "Point", "coordinates": [24.830224, 37.815447]}, "properties": {"drinking_water": "yes", "kind": "spring", "osm": "w526451431"}}, {"type": "Feature", "geometry": {"type": "Point", "coordinates": [24.822193, 37.862628]}, "properties": {"drinking_water": "yes", "kind": "spring", "osm": "w526522602"}}, {"type": "Feature", "geometry": {"type": "Point", "coordinates": [22.402004, 39.618296]}, "properties": {"drinking_water": "yes", "fee": "no", "access": "yes", "wheelchair": "yes", "kind": "point", "osm": "w532706857"}}, {"type": "Feature", "geometry": {"type": "Point", "coordinates": [25.013227, 40.969419]}, "properties": {"name": "Natura", "drinking_water": "yes", "kind": "point", "osm": "w618349538"}}, {"type": "Feature", "geometry": {"type": "Point", "coordinates": [22.972032, 38.555662]}, "properties": {"kind": "spring", "osm": "w651742004"}}, {"type": "Feature", "geometry": {"type": "Point", "coordinates": [22.553468, 36.729321]}, "properties": {"drinking_water": "yes", "fee": "no", "kind": "point", "osm": "w707239496"}}, {"type": "Feature", "geometry": {"type": "Point", "coordinates": [22.553343, 36.729647]}, "properties": {"drinking_water": "yes", "kind": "point", "osm": "w708452399"}}, {"type": "Feature", "geometry": {"type": "Point", "coordinates": [22.553261, 36.730141]}, "properties": {"drinking_water": "yes", "kind": "point", "osm": "w708462087"}}, {"type": "Feature", "geometry": {"type": "Point", "coordinates": [24.716194, 35.370506]}, "properties": {"drinking_water": "yes", "kind": "point", "osm": "w743657199"}}, {"type": "Feature", "geometry": {"type": "Point", "coordinates": [24.238523, 36.795196]}, "properties": {"kind": "spring", "osm": "w747430100"}}, {"type": "Feature", "geometry": {"type": "Point", "coordinates": [22.143319, 37.021262]}, "properties": {"name": "Fare", "drinking_water": "yes", "opening_hours": "Jan 1-Dec 31", "kind": "point", "osm": "w763488917"}}, {"type": "Feature", "geometry": {"type": "Point", "coordinates": [22.860575, 37.246617]}, "properties": {"drinking_water": "yes", "kind": "point", "osm": "w799199730"}}, {"type": "Feature", "geometry": {"type": "Point", "coordinates": [24.02965, 41.034485]}, "properties": {"kind": "spring", "osm": "w806968925"}}, {"type": "Feature", "geometry": {"type": "Point", "coordinates": [24.914798, 35.164894]}, "properties": {"drinking_water": "yes", "access": "yes", "kind": "point", "osm": "w844865337"}}, {"type": "Feature", "geometry": {"type": "Point", "coordinates": [20.872599, 40.462223]}, "properties": {"name": "Πηγή «Άνω Μαχαλά»", "drinking_water": "yes", "kind": "spring", "osm": "w918440745"}}, {"type": "Feature", "geometry": {"type": "Point", "coordinates": [22.33733, 38.173362]}, "properties": {"name": "Akrata Beach", "drinking_water": "yes", "fee": "yes", "kind": "point", "osm": "w1009095499"}}, {"type": "Feature", "geometry": {"type": "Point", "coordinates": [23.589344, 40.227626]}, "properties": {"name": "Sunny Bay", "drinking_water": "yes", "opening_hours": "Mar 1 - Oct 15", "dog": "yes", "kind": "point", "osm": "w1088255244"}}, {"type": "Feature", "geometry": {"type": "Point", "coordinates": [25.469215, 35.233413]}, "properties": {"kind": "spring", "osm": "w1101385742"}}, {"type": "Feature", "geometry": {"type": "Point", "coordinates": [24.120995, 40.339672]}, "properties": {"drinking_water": "yes", "kind": "point", "osm": "w1159253004"}}, {"type": "Feature", "geometry": {"type": "Point", "coordinates": [19.877069, 39.574825]}, "properties": {"drinking_water": "yes", "access": "yes", "kind": "point", "osm": "w1180509431"}}, {"type": "Feature", "geometry": {"type": "Point", "coordinates": [22.274033, 36.906201]}, "properties": {"kind": "spring", "osm": "w1180617152"}}, {"type": "Feature", "geometry": {"type": "Point", "coordinates": [23.258447, 38.896649]}, "properties": {"name": "Χωρος αναψυχης \"Γεφυρα\"", "name:en": "Bridge Rest Area", "drinking_water": "yes", "kind": "point", "osm": "w1388796301"}}, {"type": "Feature", "geometry": {"type": "Point", "coordinates": [20.599206, 38.720001]}, "properties": {"name": "Πηγές Παναγιάς", "drinking_water": "yes", "kind": "spring", "osm": "w1417695628"}}, {"type": "Feature", "geometry": {"type": "Point", "coordinates": [22.5045, 37.290239]}, "properties": {"kind": "spring", "osm": "w1441844938"}}, {"type": "Feature", "geometry": {"type": "Point", "coordinates": [21.419278, 40.06957]}, "properties": {"name": "Shell Αφοί Μητρόπουλοι", "drinking_water": "yes", "kind": "point", "osm": "w1448349944"}}, {"type": "Feature", "geometry": {"type": "Point", "coordinates": [21.82738, 37.24314]}, "properties": {"kind": "spring", "osm": "w1482166895"}}, {"type": "Feature", "geometry": {"type": "Point", "coordinates": [23.109495, 39.308515]}, "properties": {"name": "Sikia", "name:el": "Συκιά", "name:en": "Sikia Camping (Volos)", "drinking_water": "yes", "wheelchair": "yes", "kind": "point", "osm": "w1510689388"}}]}